z,x
412.064,6.77564
1128.27,10.8925
2445.75,11.4278
3273.08,15.42
986.664,15.0396
2114.36,11.3227
2624,10.5146
2089.03,4.85058
3225.29,0.185205
1958.17,6.74631
3889.66,15.9968
3187.44,10.9931
2145.62,1.36577
708.82,2.25089
2138.84,1.35682
135.802,1.30574
275.099,2.72158
160.788,12.4717
3209.01,9.60342
3881.08,13.9125
3434.89,10.1573
2834.6,11.1738
1579.88,0.374648
3549.76,1.20454
1514.4,4.24531
1337.78,1.05311
3965.99,0.89145
2344.57,7.73312
686.664,4.94267
2592.59,13.3744
416.925,13.4961
3862.59,2.44892
3534.29,4.92405
1161.59,9.04211
197.976,5.01146
2231.9,6.47597
2312.38,8.1821
1928.45,11.0795
180.804,3.37771
1992.37,10.3769
1002.14,4.77964
657.629,11.6147
3467.67,14.9619
2746.18,4.03486
2975.57,4.00162
2809.67,6.01755
1917.93,1.07931
4032.6,3.96358
1278.33,15.3261
3174.53,4.34894
1040,15.1154
1873.53,3.68884
361.903,8.57819
2114.95,13.9947
2238.45,1.54269
3884.62,2.56927
1512.15,5.57964
2534.06,10.6335
3502.6,14.5556
1925.67,3.43055
3254.85,1.27382
2438.27,2.78143
47.5288,12.563
218.276,12.5167
1841.13,13.3981
671.401,3.64771
1684.42,2.17574
1690.12,3.59116
3511.75,9.2429
2353.91,5.82725
2391.58,0.428564
3078.13,8.24231
3485.61,0.333659
582.385,11.8671
2692.08,3.68065
3356.24,0.0580403
3917.83,3.00153
3434.93,5.61024
575.612,5.4443
1912.07,8.79363
467.054,4.17464
2590.54,6.0471
2798.46,2.49689
855.223,0.0856715
1989.02,9.60546
404.199,4.58074
4116.39,4.48679
2387.88,9.17342
2099.47,9.7002
4021.96,14.9252
3409.98,4.9158
938.392,8.12411
218.256,5.44899
2611.34,14.5765
750.949,12.5844
350.049,12.869
424.932,11.6139
4054.77,14.2945
3821.76,7.33131
3459.87,6.07663
2640.97,12.0153
369.853,5.88438
2666.06,1.68944
3730.36,3.12821
1180.27,8.66395
3117.97,11.0041
3215.37,2.1612
464.389,5.37574
760.598,9.29573
2856.56,0.157957
1645.91,11.3635
1705.7,6.81744
1746.42,4.61164
873.934,11.2554
3275.81,1.57507
709.969,12.1644
1325.64,14.5798
3429.25,13.7777
1589.23,5.34242
1306.62,5.79314
3912,0.469824
2208.8,10.5051
2613.13,10.1819
2736.91,11.9796
863.443,13.8601
4172.91,8.41136
2797.13,4.95777
662.899,13.6311
474.2,15.8411
842.068,12.429
743.408,15.7383
137.096,6.009
4152.95,8.5826
2134.59,8.75051
2029.45,11.4102
2769.21,11.0476
1684.48,3.80992
757.297,3.36274
2156.29,11.5596
1545.92,13.0234
3007.48,0.57737
2013.41,0.927634
1305.72,6.39048
2537.5,0.444354
3995.71,12.1833
4040.75,8.50371
3241.2,6.01909
352.134,6.50112
1961.21,13.3382
1417.11,5.38753
585.869,8.5221
2218.32,15.6274
3260.68,15.934
3444.54,11.7429
3825.48,7.43046
3094.7,6.14556
3208.23,6.48251
1993.5,15.1787
1920.49,9.04368
1087.23,5.04569
2738.51,14.494
964.056,8.73045
1577.96,9.61336
4126.09,7.85722
522.753,9.94604
2527.3,9.29154
290.502,13.7737
577.675,10.7053
2364.23,14.3781
1102.7,15.4974
1817.43,14.722
2253.68,13.5649
3651.92,9.743
1961.1,5.87677
3557.95,0.377714
1593.66,12.4421
2649.74,4.8501
2359.15,4.13603
1405.5,15.1106
92.4227,8.35781
3543.64,0.920897
3633.94,5.63927
3875.1,14.4392
1283.33,13.5823
3189.23,5.59728
213.647,11.7718
3313.79,10.497
3046.74,10.8147
1780.98,8.51565
2318.37,5.55055
2732.38,2.18767
3939.53,9.7772
2396.6,10.1964
807.891,2.15919
1680.91,3.59112
1780.31,1.46474
864.763,4.77853
1088.48,1.57997
2658.14,1.4254
2573.4,4.06536
1885.56,9.91976
667.51,2.44001
1581.38,9.6656
3090.82,4.38062
3576.8,2.02344
1041.53,4.75391
3597.48,7.93055
3212.16,0.892395
2446.53,3.87835
1549.68,9.34017
3495.48,9.55635
2955.81,3.98018
3214.16,6.23035
585.052,9.69414
3973.24,3.35558
4102.48,14.6845
3008.06,1.92021
762.045,5.92206
3676.97,4.09368
2050.66,1.15043
3311.72,3.20094
2405.78,10.8846
2850.97,1.34554
788.837,0.530244
3225.62,12.5497
2727.71,5.71087
2586.37,8.78963
1087.75,3.43291
3760.02,1.08181
1255.55,2.06411
643.255,12.4051
422.484,2.01853
2364.8,2.53769
985.436,11.5173
1722.51,12.709
740.587,11.2746
3742.21,12.0092
1892.02,11.164
4137.21,3.62948
2971.55,0.59593
2785.96,15.8475
1991.31,14.8994
1257.66,14.5113
2804.17,5.09873
1623.32,12.7079
496.201,10.9838
1135.89,11.3502
2035.51,9.74613
3106,5.59451
1945.22,10.1203
3104.38,7.28183
2912.94,14.9057
2789.13,1.8619
3444.98,9.10282
1187.73,1.84513
3882.94,2.20338
1955.66,2.40822
79.2222,8.77398
1639.55,1.77759
153.534,0.705335
3099.23,0.687805
278.59,14.1042
678.885,3.6439
1437.02,11.854
1470.65,5.29322
4183.02,10.0099
2612.92,4.21759
3295.64,2.7156
1804.57,2.69238
2767.77,15.5386
827.683,2.55712
2867.52,8.5159
3118.8,12.9296
1746.57,14.2052
3894.43,3.20931
1912.72,0.764712
3219.65,6.96973
2736.75,2.06379
1858.78,12.3292
3619.24,0.283832
4040.97,1.95382
3295.68,1.52319
3330.22,3.71619
3416.28,12.0504
2923.13,8.56487
3149.49,9.75271
2707.77,4.16447
3698.6,5.99757
2234.51,4.42207
2308.57,10.671
2304.17,15.7672
416.295,15.4925
3656.88,3.49591
2574.46,13.2068
2521.88,0.547845
3472.41,12.8181
2157.11,9.70521
13.9241,13.3061
3303.54,6.31673
1864.27,8.4282
3995.87,3.77708
1569.44,2.50018
2310.56,6.02862
260.033,15.0606
1023.9,9.52836
2298.84,9.76912
528.658,13.7887
1649.91,12.1241
1104.79,12.1075
1298.73,8.11502
1611.37,15.3758
2060.15,10.4695
2195.3,3.88748
3611.42,14.2541
1286.88,12.6874
3607.11,9.34939
435.2,10.5107
2034.15,10.2299
1399.17,3.49095
2105.27,9.9947
828.828,1.2017
2259.85,13.396
935.519,8.75601
493.777,4.4227
4159.56,13.4436
323.677,12.8753
2786.82,3.22946
2700.04,13.9753
1954.55,10.2974
1896.66,15.0711
121.445,13.0923
1384.32,5.92218
2251.06,8.99501
4169.82,5.16266
1244.6,5.88006
4053.04,2.46436
2871.71,10.4395
2382.13,10.5606
3791.13,10.0121
4132.96,0.905183
3016.11,8.10489
1288.36,14.8052
2597.15,3.43254
1553.71,11.6122
3940.38,6.87186
3409.3,13.8254
644.494,0.62085
2896.07,4.95554
155.638,8.43964
3452.19,0.745495
3726.84,4.56012
2164.95,7.78027
669.918,10.8815
476.39,8.22836
2303.27,6.71194
3152.64,3.38367
2593.41,10.1484
2889.62,6.81058
2415.28,7.15178
2231.67,4.8186
1699.52,0.972507
1596.09,7.88834
3769.8,11.0933
1456.01,15.5552
2560,8.58171
901.96,5.40665
2891.8,12.893
1733.76,3.30331
1122.71,2.30172
1811.98,5.74852
517.503,6.02914
1358.97,13.6472
2934.56,8.15797
3694.39,2.71938
2838.95,5.1025
3768.74,2.07285
3595.51,10.109
238.476,5.46699
2725.28,8.54732
1934.64,6.857
4055.07,7.33635
443.854,7.39316
1101.31,14.1782
1259.53,1.49056
2075.11,3.54231
3945.58,14.5349
1500.18,8.64204
3516.51,14.7711
1425.3,14.9587
538.141,15.2319
578.037,7.27372
2033.45,4.05041
1099.36,7.47484
3628.89,15.0792
3080.96,4.88396
300.21,10.8007
1771.19,13.7834
2908.81,6.34112
469.128,9.8566
1697.99,12.3505
1136.43,13.9442
1006.72,2.48493
3528.06,6.29381
1209.45,0.531744
3411.54,15.4523
2325.44,6.86472
816.274,3.75058
599.624,9.11659
3361.87,5.73012
3094.41,13.8974
384.647,8.8351
3166.01,1.69897
1698.7,3.67499
2720.37,5.71772
1247.55,0.858794
1038.94,5.30638
3450.06,12.9231
1117.71,8.32191
547.203,8.25468
1138.14,14.9893
1572.15,11.0176
2543.02,13.2776
2756.63,12.7039
984.769,8.81064
3802.89,6.62264
2594.59,12.3502
3665.33,11.7282
2526.65,5.62271
65.9601,3.57806
3691.53,8.86861
2217.02,3.36253
1659.39,8.2507
2386.32,10.6411
610.763,3.23004
2406.89,4.86423
708.408,2.6334
777.881,3.68424
1668.12,14.475
1642.13,11.9299
947.655,4.92407
2096.35,9.15647
2269.03,12.0675
2631.49,0.684447
3880.76,13.0542
3794.97,15.8728
1796.29,8.87423
4012.51,4.81794
3004.99,9.96027
963.177,15.1475
1719.38,6.68768
438.508,8.97632
1607.9,7.01354
3297.74,7.7831
1480.03,4.29869
1670.03,9.40096
4182.69,8.23547
261.087,9.87975
2700.7,3.44161
831.404,12.5048
3498.07,15.4808
880.352,9.63188
349.423,9.91905
4002.74,14.721
902.039,10.4898
3052.69,4.91688
3884.65,10.3045
996.587,15.5704
1863.73,12.5958
488.029,6.24171
826.419,0.347685
1208.2,7.22172
1557.21,0.166413
455.172,2.47637
795.332,3.35797
2188.5,13.9942
595.696,1.29328
523.518,14.2077
2924.68,11.9764
1397.77,6.83286
3431.17,3.46367
2555.41,6.00845
2461.33,2.35751
1801.54,6.7362
2982.16,8.22789
3889,8.75088
3727.74,5.79896
2290.68,3.55328
198.824,5.68649
3528.54,1.37241
2478.02,5.691
3668.63,8.57307
3156.12,6.44029
2795.67,6.16097
2677.19,12.6137
80.1175,1.52776
3196.72,1.24583
3829.36,6.21226
2256.83,1.27604
2410.38,10.8081
3500.91,15.619
1225.13,9.85349
3618.05,9.04934
3818.18,4.36375
882.345,15.2467
2181.26,5.24894
464.972,15.4256
1169.58,11.6901
1836.29,12.5382
3222.33,1.20509
1464.95,7.06614
3654.48,8.28684
3265.43,0.817507
2542.93,10.1183
2176.2,1.34895
81.2793,11.6999
3119.42,10.2381
935.52,2.49024
1709.15,1.50763
3893.58,3.25662
579.84,6.474
3108.22,4.26461
1047.37,0.0110896
1174.45,14.0502
4106.59,9.45319
618.803,3.04767
1315.07,11.3812
4148.27,10.4944
723.485,11.2686
3721.51,0.38984
2864.4,11.5993
2704.7,8.00427
1207.74,10.915
666.265,2.51733
4126.89,9.27069
2562.13,0.652486
2151.92,3.11969
307.99,11.6394
1051.77,4.63466
1926.83,8.74603
715.736,14.1179
3262.3,4.05754
205.366,8.17728
3850.09,10.7339
3862.13,13.9676
1394.14,10.6176
2513.49,0.608789
4163.96,2.19826
3764.78,15.343
1227.29,12.6123
4016.23,4.01978
2477.95,1.74441
2617.46,8.21758
4141.84,13.3937
1010.86,8.21962
571.324,11.3622
581.985,2.26943
3371.41,8.53955
2730.3,9.01753
238.688,9.16556
4110.95,15.0923
660.007,5.58756
136.419,0.235795
568.63,3.15373
1105.71,12.0911
1981.33,8.76213
2312.07,1.82417
22.9241,3.45102
3224.66,4.34262
2333.09,11.2725
48.8192,9.50881
3197.27,4.50493
2093.31,7.8936
707.935,3.46292
1471.99,13.6096
297.613,6.27014
3147.29,11.302
1207,15.0965
438.987,12.9664
1840.31,14.2862
1158.11,13.1842
3660.08,10.6034
4123.17,1.53554
4166.37,0.993227
2806.37,13.6742
1533.41,0.405309
2459.33,11.9782
2234.2,0.0583315
3198.67,3.9288
608.976,3.5736
374.813,4.26169
2784.79,4.34407
3291.16,14.5498
2204.65,2.56044
2370.98,12.5195
2317.36,6.44805
1007.4,14.5986
2248.5,10.3374
3639.56,1.97371
2066.24,7.73045
1890.57,11.3572
1091.26,4.35342
1950.39,8.99713
4074.08,13.3333
908.363,14.8409
1201.02,4.7725
2034.24,12.0914
4115.22,9.06959
2229.38,14.0011
1431.33,8.92706
3262.89,0.496778
1187.64,8.15603
2333.7,12.0775
409.767,6.72291
1237.17,7.04003
555.349,7.6615
2023.44,15.8641
1496.74,8.48503
3399.3,0.0813565
591.461,9.68218
3256.82,1.97819
630.502,1.94938
990.943,7.49057
4045.25,2.22447
395.687,8.1758
1669.87,2.82023
2348.17,2.44966
2162.51,5.12785
2887.67,10.0833
1333.71,13.2525
108.034,8.744
1624.05,1.63033
1410.44,0.707105
2676.51,12.2499
2845.1,0.799252
2871.33,15.0493
3526.85,5.27858
617.252,14.1047
620.853,6.76202
769.651,11.8041
1445.72,11.2425
4149.18,11.6756
1188.22,7.20233
3696.09,5.07869
165.31,12.179
3900.34,3.39434
44.891,8.56324
3407.12,6.47898
95.629,10.7636
3448.45,0.0402669
3572.41,14.6889
905.425,13.8688
3752.81,15.2577
2218.21,6.06194
134.424,3.35013
1579.94,4.91901
3982.28,12.1431
801.348,3.95161
2469.5,14.7806
1528.58,7.89136
632.6,14.6489
2837.1,10.7495
3676.76,9.03687
3226.73,11.1947
760.484,1.449
3165.21,4.53526
1846.75,12.915
1692.31,7.38947
604.742,10.9811
2588.62,7.57564
3649.9,11.0714
1929.93,13.1066
1706.15,4.90205
2033.23,11.4354
3123.58,4.34484
1732.92,14.1706
2348.35,13.2108
2698.86,10.339
4098.77,13.7979
2556.03,8.10101
944.669,3.81425
1145.2,3.11588
3328.03,12.5336
1136.74,15.8477
481.197,7.61153
2364.85,7.19296
2012.97,10.3651
503.014,9.02416
2307.83,2.2252
1779.73,2.47381
946.844,1.4676
2411.32,10.3455
883.824,12.8575
231.7,10.9305
642.835,14.7685
1766.72,10.0696
2900.14,2.36028
1016.15,7.23158
3615.17,14.1665
327.227,9.68282
1989.42,15.8588
3692.27,9.42626
2242.74,1.79312
1550,2.1422
1541.22,12.9785
3026.59,9.26303
1190.72,5.8095
2336.23,6.09613
3989.8,3.09533
17.5184,5.13681
1066.66,11.7077
2015.84,8.20517
572.317,7.43818
1977.01,6.31738
2183.34,14.0086
1767.07,0.694204
2127.84,0.133315
817.219,2.28481
2282.65,10.5306
3087.25,15.7741
2451.48,0.233814
980.135,15.0388
872.935,15.7964
1878.51,11.3371
1466.13,13.2271
872.341,3.07931
2583.23,8.50939
3373.7,2.19949
3986.65,0.483671
596.636,1.60605
176.595,13.4289
970.681,9.11532
1330.1,0.679277
920.316,11.2142
1179.33,7.31567
3457.73,15.2403
3963.07,8.31317
3920.89,14.1009
3228.97,2.47509
3784.65,8.42912
1185.1,5.47913
3549.17,7.19806
4140.79,15.626
1176.95,13.7488
2798.68,12.8717
272.116,14.2333
1053.28,3.55075
2481.23,9.12087
2751.06,6.72149
3139.06,0.818421
1870.86,12.4413
3062.43,13.0508
640.182,0.301341
2599.76,14.9558
2678.59,11.7128
3475.8,5.4715
1524.69,1.35787
1164.92,2.61717
703.06,11.9648
3976.72,10.0223
3584.67,4.61082
2348.03,10.9994
3626.36,11.6195
2570.22,4.62238
905.762,7.00675
1913.38,12.7947
690.274,15.1115
3735.93,8.19449
1743.29,5.01859
3056.58,8.9035
3670.74,6.16277
1533.43,9.57001
1126.55,6.91203
3009.21,4.50751
4065.25,13.7509
1110.81,11.9768
785.298,13.2005
109.974,12.6172
317.528,7.75965
3132.31,10.2992
95.7672,7.91358
2709.15,8.31957
709.713,0.667549
194.689,10.4463
3793.1,2.04988
3155.14,4.54924
2416.08,2.65328
3804.46,10.1652
2651.5,11.1556
2082.12,6.50029
2129.65,0.561927
1104.29,6.08311
1282.83,4.40947
3726,6.51841
1531.56,12.5993
4147.35,0.518054
2743.22,11.1834
1000.84,13.1118
138.488,1.34278
544.93,12.2096
1765.61,10.1557
1457.13,13.1059
3617.68,3.25688
1832.65,1.22504
3428.27,1.90063
1793.97,10.3025
98.5649,6.40244
3414.53,10.6757
2008.68,6.89787
1345.9,12.3472
3228.62,10.7976
1242.4,1.36282
3776.54,8.48758
3589.67,12.4835
3652.88,12.9123
823.205,9.0073
207.693,7.46917
2458.89,0.412297
2339.21,3.76596
4045.24,7.95296
2535.64,2.15812
1586.32,4.91064
3105.88,9.79704
1653.77,7.84963
3832.05,1.46398
3861.27,2.67958
1461.69,15.0183
2729.98,15.3661
2728.41,9.8334
2590.7,0.660937
3047.3,13.7399
37.0377,6.09421
2465.31,7.25036
1453.95,12.1888
508.576,5.8618
2731.45,11.6564
157.743,15.9811
3143.17,4.02965
2539.82,5.29356
534.667,12.027
2568.57,7.15501
3359,2.16186
1146.21,8.39725
348.729,4.09184
382.858,5.99773
382.809,9.99061
3597.96,3.53884
1930.37,10.9856
872.19,4.84043
2290.62,5.459
3543.55,14.3409
2573.5,9.22959
1338.45,0.663733
215.215,5.70929
3359.55,8.53551
3424.97,8.32263
683.345,3.71595
1101.6,15.1169
3224,0.316458
604.167,2.89012
2248.1,3.1595
3368.66,11.1754
1060.27,12.2495
480.334,9.77502
933.566,11.1177
2988.44,5.09403
2155.03,10.9238
1933.48,5.45798
1258.78,9.37423
1220.82,8.54194
1956.59,10.3378
3034.06,14.9165
2394.95,11.8226
3425.59,3.69856
1367.52,4.19982
3853.3,2.1252
3286.91,8.95322
2880.04,10.705
2317.03,10.5302
187.712,10.2602
81.5157,2.99262
2766.82,1.9104
2225.22,9.29612
1935.96,5.85048
1223.05,7.26952
55.2655,5.98406
455.372,3.71657
2537.55,10.057
3369.95,7.09192
2217.09,13.6449
941.652,1.27077
3118.58,8.0963
3896.71,1.52471
544.708,7.3818
3155,12.3523
820.22,9.6231
1733.6,5.87802
2955.59,9.69041
2252.03,8.61138
161.919,2.60955
2311.25,1.99715
1179.05,11.8946
342.073,10.5266
1003.16,2.9564
148.974,10.5607
2661.66,14.9524
3279.98,7.11264
2407.39,12.975
2784.2,3.41838
4115.57,13.8142
3119.15,0.293695
2374.36,5.6945
362.092,7.27908
1558.79,10.1507
201.086,14.2489
925.837,6.82827
969.617,10.0956
211.794,2.64645
2062.24,6.91734
1653.76,1.65051
3690.64,9.4269
999.213,15.9777
1298.79,12.3563
168.695,7.19856
725.939,6.48455
3656.14,11.4896
1113.39,12.6933
2256.05,15.3796
1464.29,15.6938
3741.7,14.4467
1534.92,11.0998
3993.43,14.05
2905.38,12.517
50.3572,11.5873
2119.91,13.5431
687.51,12.2
3779.98,9.55511
2480.83,6.86986
3725.02,15.9409
4163.62,6.46855
2615.14,15.6046
3716.56,15.7786
3120.7,7.27754
2795.91,1.80589
734.54,10.4198
177.631,0.530519
2573.55,7.61376
2938.46,13.2224
3421.59,6.84959
3972.23,5.6321
613.207,8.49546
167.337,5.7355
1741.86,4.82884
1212.4,8.32938
346.123,12.0327
3369.46,9.63042
310.321,6.68156
1838.91,1.69741
505.758,0.297122
2036.84,7.41741
4103.37,4.49566
2879.12,2.57522
1137.01,5.3974
418.886,14.8773
113.876,15.3106
1683.1,15.3508
2064.73,5.71805
3909.67,1.68132
1938.6,6.70867
1749.18,3.59627
1313.6,12.1325
1742.18,13.9651
2727.7,10.6982
2953.54,9.04071
3522.67,5.41756
330.73,13.2102
3675.96,4.56403
1821.45,11.7746
2007.1,2.40189
986.411,6.15669
1702.12,8.41614
1764.49,7.27011
2597.84,8.89818
3852.33,6.04031
1272.91,7.1983
1662.4,5.13593
659.352,8.35871
3622.59,7.14578
1662.39,15.1769
321.406,9.33667
586.227,12.5863
1148.68,6.73047
3837.31,2.93536
189.694,2.27237
226.177,13.2714
2120.37,8.18009
4013.85,13.3986
2073.92,10.5833
3746.09,6.83363
386.085,2.29145
728.4,1.59228
887.522,12.7761
3068.13,3.40511
2312.46,13.1364
3810.57,10.0205
972.105,2.12033
3315.76,14.7341
1020.88,15.2445
4026.98,15.1783
2395.26,4.64333
323.354,9.71473
4143.33,9.66904
2000.64,15.6999
50.7847,14.815
829.045,3.62075
3466.72,3.56269
311.299,6.87321
1005.26,1.61804
3004.28,6.0689
1017.78,12.0306
1839.99,10.4051
1037.48,6.24034
2270.85,15.5456
814.373,10.2298
352.598,15.712
2008.85,1.39883
3099.39,9.69068
2075.75,8.05677
1523.39,6.25611
2544.11,9.14
3780.74,11.0875
3985.6,9.88897
3166.13,15.27
3119.54,1.66752
248.331,11.5696
3580.9,11.3635
2163.69,6.47428
4169.94,15.3652
3672.14,1.18589
3967.63,12.5374
2000.48,6.48068
2947.5,6.0203
3379.91,13.5422
3205.68,15.0961
1052.39,13.5393
4094.93,13.0674
1121.15,13.7877
1985.27,5.99535
688.385,0.091386
3449.32,14.62
3161.68,12.8083
914.999,2.94242
190.507,6.31465
495.901,3.44068
652.285,3.75407
2926.09,2.56646
1622.13,3.11471
1775.75,0.010059
1410.5,10.1088
407.111,13.371
357.473,10.5907
1567.12,2.22877
2897.29,10.6464
1933.57,2.9004
3058.54,5.55844
4036.1,9.02979
262.722,8.62624
1988.32,1.41505
2192.03,15.8473
3134.74,15.7928
3446.6,8.526
36.5682,8.17219
3124.53,0.209596
2172.28,13.2074
3835.51,1.67538
1765.89,15.7513
1903.46,14.5172
1194.15,9.13883
3903.35,5.35005
3656.47,15.636
3725.95,0.0183761
2750.64,11.8
835.548,0.493726
1910.14,2.91559
349.879,7.42868
2197.93,1.69822
1768.2,12.0945
2808.52,6.13712
2135.38,7.79104
2598.8,1.82932
1077.11,1.07074
3466.22,8.5712
4079.65,13.7699
165.057,1.71388
1893.75,0.49567
3979.2,4.32026
242.755,5.80374
81.5077,10.146
1625.04,4.32113
1531.15,5.19076
2118.49,4.40622
110.267,6.25288
2688.1,5.38729
604.641,5.60217
734.474,6.49115
1407.64,8.54312
3749.26,9.93503
3633.7,12.007
2059.45,8.66148
3143.73,6.81146
2295.8,15.5801
513.008,0.14423
357.403,5.01739
871.155,6.31231
1022.36,10.2553
3568.8,15.0896
63.8348,5.102
1709.65,6.78749
2498.66,4.75414
3104.5,8.78459
3147.02,12.9867
312.915,8.71899
2427.52,5.9195
3685.53,8.4491
1073.28,2.34009
148.571,5.12023
3888.18,6.0512
1878.9,8.28703
1782.58,1.52774
1717.25,9.95641
1109.65,14.6447
542.697,12.7831
106.164,6.44179
2355.87,15.9742
1452.04,15.8772
2116.59,6.39532
490.123,3.0977
2161.01,8.63305
20.8013,10.0052
4109.55,13.8207
1837.81,4.33305
2032.79,5.63392
2024.9,14.499
2554.3,6.26142
2682.15,11.4799
1743.38,12.9336
2973.55,1.97578
3665.55,0.588441
3224.16,11.2237
2919.51,2.59416
973.813,4.44821
2408.38,6.89942
3914.31,8.22788
2970.06,3.96813
1848.82,12.0329
1022.08,10.9059
1278.38,12.8436
3941.06,5.36868
2608.29,11.0742
3847.39,14.2408
1291.93,0.233547
954.517,13.1272
3831.29,10.0113
2541.86,11.7655
2137.29,0.749844
2420.71,2.28242
12.4822,2.23373
1521.7,2.24099
2443.14,10.2391
1897.08,8.78519
2652.84,11.1754
3852.57,13.2631
3563.65,10.1571
640.277,15.2657
216.242,10.861
2645.03,0.806483
1458.51,6.28305
4042.78,10.5927
2755.21,13.9362
1501.72,9.107
1199.38,3.63079
848.194,0.598416
4025.05,10.3377
2376.09,4.3446
18.181,8.38064
3488.17,3.38677
3109.54,5.9203
752.214,7.19877
2324.89,13.574
2715.67,13.4853
2047.01,5.97912
2606.11,5.69318
389.68,6.87332
2020.59,3.6615
2672.43,7.53698
402.32,7.28022
3120.97,9.48408
1312.94,15.6378
2202.32,4.87421
3145.35,4.10529
3349.36,6.44452
2649.2,2.98509
3350.14,0.495167
3663.04,3.32316
3862.3,7.73669
2061.39,13.9784
2060.09,15.4758
3965.3,14.8386
2193.44,12.395
1312.71,10.8703
129.506,8.41809
3459.84,1.30856
3966.41,9.93825
2270.57,6.00141
2681.92,2.95782
3683.22,15.3779
2677.7,1.34166
759.682,14.057
588.047,4.20921
1196.21,13.5509
2968.93,0.48954
725.993,2.53767
2761.11,11.8024
1203.35,0.479979
1743.86,8.5726
1679.36,8.19944
1156.37,15.184
3108.45,1.85336
1078.06,10.3205
601.619,6.18807
1107.39,3.64373
501.747,3.56596
929.527,1.24662
210.027,13.6504
886.589,14.1703
1189.07,14.2262
1123.8,2.09011
1260.31,4.70333
308.104,5.76305
3718.82,11.8646
2148.46,0.935867
393.778,15.6133
3328.68,1.06824
1166.79,4.05386
3133.79,3.74562
636.195,13.4344
1358.44,1.51235
219.382,2.77396
1790.99,13.6659
3696.14,3.41535
2380.95,14.7246
370.979,5.8928
3526.9,14.7208
936.981,9.37117
3489.96,5.2118
1832.88,13.1442
2635.51,2.47755
1795.48,6.69028
2356.56,4.38878
3930.61,1.78748
3920.36,4.16561
1688.1,7.65577
3012.48,15.0761
477.534,9.44614
314.14,10.0419
3736.44,4.60417
980.145,9.65457
336.143,14.6952
3026.9,6.92424
3564.46,10.5184
2741.17,5.07015
402.753,11.0367
3033.03,6.50683
3423.69,10.9557
1587.21,6.79421
3165.94,12.0353
943.701,0.390849
2465.2,3.70784
1599.95,2.37438
2774.51,13.8465
2881.93,11.5034
258.978,1.28295
4014.13,11.5072
664.55,0.16618
318.072,13.8728
2613.17,6.20164
1432.92,1.73801
409.271,12.2379
533.017,15.3154
3051.54,8.71069
2833.53,9.19234
3235.96,3.48661
2138.84,10.1851
269.563,6.28723
1837.57,2.98428
3620.23,11.6877
1491.04,10.8205
2898.55,12.9322
1423.51,14.5209
1707.58,2.95394
3801.73,0.899113
3592.27,15.815
3189.45,0.335171
2997.5,14.019
1740.17,5.11982
590.154,4.77548
2152.27,12.4059
3198.17,6.36423
151.566,11.5736
717.021,1.66746
3497.69,5.25797
3382.18,14.4978
1198.14,10.2903
3837.45,3.4614
722.404,3.91692
1794.67,15.0305
4143.14,7.43589
3416.51,6.40689
2028.13,9.77273
1079.93,0.896583
4161.58,3.6053
1765.46,3.77163
3988.9,3.03013
53.0297,3.52234
1459.26,12.0194
1477,14.6308
3260.6,3.34295
2067.07,10.7595
2266.92,9.41838
2958.3,12.6172
1995.91,4.77159
2137.52,4.49216
672.316,11.4864
2694.09,1.08295
3097.18,13.5539
1386.62,10.8098
2063.77,12.2234
928.862,15.6732
3926.75,5.17367
2479.45,8.25836
1395.19,3.26408
3306.91,14.2206
545.462,3.41456
4000.88,6.91257
3728.28,11.9737
1072.01,2.163
2053.21,3.41043
374.47,3.92071
3302.15,15.4306
2237.6,3.5257
3610.26,12.3674
1984.87,14.2973
3993.9,2.16895
3099.78,13.0938
1281.52,10.5801
434.704,13.2516
1907.62,12.8812
1727.08,7.00923
1408.21,10.0339
3305.6,9.26522
2744.23,3.43414
3443.01,6.41675
3484.79,11.0919
3374.55,4.37332
990.089,11.1564
1944.23,13.6415
4009.74,1.35313
592.013,10.6615
569.816,0.135388
1291.98,11.1758
301.17,2.99308
1445.33,9.30196
1850.57,6.9632
165.048,9.24977
2574.08,4.70729
1371.11,9.37666
2220.42,10.3658
343.867,9.76048
540.132,10.6616
1001.61,10.5055
2541.61,7.16838
1028.01,11.2062
466.035,0.989355
1639.41,0.508509
2238.77,2.68478
2323.51,6.17207
2773.77,11.3178
2275.85,5.37918
2453.92,0.917385
2325.66,0.85909
3807.53,10.9954
2409.01,12.5116
270.22,5.45564
3690.14,3.47539
1295.99,6.33262
2359.13,10.5859
3455.57,15.0942
1899.9,10.6683
348.791,12.4487
3830.83,11.8742
2354.04,5.23092
3318.91,3.39413
447.042,7.09733
1297.8,7.13804
740.545,1.81317
1283,15.9377
2856.56,1.98302
3049.05,14.9277
1802.34,1.98134
2458.06,8.54001
865.802,6.43035
3932.31,2.22757
1861.95,9.38681
1877.08,1.16499
3841.59,4.76568
1192.56,12.6255
1759.4,4.60912
1860.07,9.71186
3892.21,15.3387
3036.7,9.35883
1668.78,7.31014
3797.29,0.296366
1515.7,9.44703
1378.38,14.9298
872.513,11.4546
254.439,1.8488
1148.31,3.1044
411.187,14.441
1139.75,13.5158
3084.33,0.33545
1535.83,14.661
3198.65,0.88407
3157.59,8.82749
1438,6.36962
2489.92,6.45102
2797.5,13.9662
852.462,0.568635
3125.91,15.0157
3521.58,15.3713
3477.81,14.8516
3939.34,11.8594
3859.61,14.8895
1790.05,12.9552
3616.1,14.4707
130.486,8.11431
1264.7,8.50991
283.034,5.17618
2524.76,11.1471
1487.75,1.77193
3971.11,15.4277
1594.76,10.102
3000.37,4.17803
1770.48,11.6768
1224.25,0.102197
1496.3,2.08828
3273.04,0.383553
2367.35,8.15219
487.182,13.2729
529.383,0.999596
611.832,4.59298
3229.79,4.00473
2396.67,15.6443
991.938,0.10853
1880.3,4.86277
2728.21,12.2189
2869.75,4.30287
2261.89,4.86909
3323.88,9.10901
1545.21,0.411714
2371.77,0.554356
2436.04,15.8807
3352.24,13.1906
515.659,14.3259
2592.08,7.49893
1665.01,7.02306
745.395,11.691
2552.13,2.53892
1389.22,9.67699
521.431,5.36041
1195.38,11.9321
2774.59,5.78959
1139.29,10.3353
3001.92,6.5154
3488.11,11.8541
3896.69,8.92467
359.551,6.76704
2293.87,15.4556
97.8362,11.4061
2622.34,15.3785
2115.33,1.39048
3689.84,2.05518
1485.45,6.09135
1434.37,15.5855
911.762,3.96436
1734.69,11.135
4059.84,5.69787
2408.54,7.49983
4174.17,6.93768
3223.41,13.7672
2528.24,1.96072
4069.74,9.5564
16.0942,14.973
4063.34,6.92327
116.454,0.782176
3916.37,11.2104
267.965,14.4065
2420.89,7.34814
891.56,15.3842
3142.37,1.24923
2079.11,8.3222
2202.33,2.49813
3237.87,10.819
1376.12,15.048
622.346,2.58683
2893.79,8.64673
1482.84,10.9825
1662.25,11.0963
3876.72,10.7314
3867.01,0.757925
2899,15.0766
1418.75,2.85029
2159.62,12.6409
502.108,6.81842
2977.84,8.47601
1189.37,4.23841
3793.21,10.7096
2177.25,2.90848
63.3946,8.6273
1246.54,8.75986
1619.76,4.62745
620.687,12.7907
3519.57,3.53416
776.488,12.7112
3215.57,7.57831
894.666,4.87291
95.142,2.1267
1520.93,2.21025
3816.64,9.56433
840.992,9.77962
1868.45,12.8844
4139.96,15.4787
2504.73,13.1063
1416.33,2.59263
1504.31,1.43539
2822.04,2.31714
1333.52,9.10676
3227.32,11.7051
395.719,2.99376
1877.32,13.3068
2326.78,1.26416
458.668,14.4661
702.115,6.37463
456.342,8.96027
124.459,1.47594
2457.25,6.48351
2436.77,4.2393
2529.77,12.0183
3466.31,14.1323
2304.76,7.89319
242.126,13.0754
1161.12,4.7687
1860.65,13.2251
440.072,1.36622
864.055,3.65492
4037.83,0.949759
1525.14,14.688
668.539,10.478
908.702,15.6196
2499.16,1.61134
14.2806,6.18906
2684.52,4.26598
1266.92,4.01835
3038.01,1.26801
1130.02,3.29851
660.618,8.74363
860.028,14.5584
2662.15,9.67459
1964.07,14.1989
2715.22,14.8628
2858.82,12.7788
2024.57,5.62854
937.297,15.5875
271.809,15.6241
4011.8,10.484
869.16,13.655
2502.24,6.84143
4114.46,5.80676
2492.66,6.58531
3126.48,9.94879
240.565,10.7022
2395.37,7.09978
1890.42,0.632856
2051.66,9.00979
1433.73,3.03833
1888.53,1.82352
3775.9,12.4057
90.5713,14.7341
3479.83,13.611
36.033,2.98966
122.789,14.937
333.268,1.49944
3809.59,1.08807
1325.33,8.71714
2847.27,2.90205
144.9,0.206594
2483.14,10.4003
2518.68,14.2279
2766.31,15.2681
2398.81,8.61677
3750.57,12.0063
3404.29,0.390138
3675.43,10.8241
3420.4,5.41694
1476.25,5.66812
3797.18,4.72775
184.718,8.6704
1818.82,13.2084
2170.28,6.26849
1930.74,1.20941
697.919,13.424
960.298,10.98
2154.06,12.7916
3838.05,5.94761
477.974,5.81
3690.17,0.155536
2785.51,0.10474
769.469,14.2941
1862.19,6.75966
1822.45,13.2818
2211.48,4.89618
2511.6,4.59075
3734.79,15.4424
68.6961,1.92268
2100.89,9.82205
1833.19,15.9809
3382.13,8.35098
2072.4,4.65553
1586.88,15.7573
2698.88,9.1607
614.066,12.5709
26.9672,3.62376
455.227,7.15253
979.77,0.3226
3109.13,2.44171
1428.37,2.98883
1904.55,7.15894
3125.5,0.791066
1357.35,3.61664
1203.83,6.53373
2426.44,10.9844
2195.63,9.36596
64.5594,11.8767
2950.13,10.443
2415.02,1.1283
950.18,10.5861
1220.03,5.79029
1933.77,9.54717
3995.66,2.17027
4156.29,8.28952
3768.86,1.07688
2452.7,3.22478
3645.84,11.6934
1171.92,15.9956
1742.71,15.3239
1959.53,10.3328
61.8654,7.35587
2019.22,3.66053
1431.01,6.27388
2450.54,13.1333
951.722,2.32078
932.516,5.52583
401.628,13.8551
2534.11,14.4283
993.456,9.29929
410.657,2.07985
3225.66,6.45062
473.117,13.9929
2435.23,12.1763
3846.45,5.12504
2774.73,3.41177
1092.6,8.12756
2258.52,7.57614
1457.13,15.5797
3216.94,9.65505
3058.42,3.79285
1754.17,15.6493
1870.21,10.4893
4164.09,0.365029
4012.38,5.85405
1829.81,13.0939
3308.01,11.6621
3206.86,0.694669
925.793,13.4128
614.302,7.94658
1128.77,8.22099
1240.04,1.5644
2369.53,11.6782
54.4187,0.916941
2997.14,1.87971
1388.57,14.7594
846.914,4.71221
4055.91,14.8581
1883.04,3.72545
3416.05,15.1166
281.46,15.0199
1280.29,11.7017
2740.77,3.89982
1033.35,8.97395
229.221,1.50871
3413.27,15.5977
4078.48,1.36465
3427.56,8.50002
513.483,1.79841
3278.42,12.2756
3271.03,2.46441
3689.39,12.5532
3091.56,8.37735
3517.6,5.03788
3607.23,6.20682
3806.43,9.07803
1161.9,2.2064
3778.13,6.33455
1643.77,5.75482
1467.19,1.64968
418.451,9.33692
3393.83,14.3714
2953.81,12.1936
3849.72,1.17271
2358.98,12.3503
1712.79,3.71467
3484.79,3.43121
4107.24,3.49164
789.605,3.82404
2583.91,2.9374
3815.76,12.5555
1112.99,8.76217
2470.73,14.9441
2181.97,4.66843
2403.97,13.4502
1655.85,14.7054
1012.14,14.0221
3782.18,2.34991
3178.08,9.0857
316.3,4.44912
3658.12,10.0732
338.586,14.164
3712.48,2.20921
1033,11.4955
2996.9,10.9152
3205.45,13.9009
423.427,15.8417
3392.2,0.741729
131.253,1.32572
138.079,8.26398
249.557,7.41318
1081.35,6.19378
1983.85,7.01364
1347.52,12.5709
875.119,9.25357
4071.59,8.64827
1914.14,4.9415
724.263,2.87968
3577.59,0.245353
2809.15,14.9118
1532.14,9.9872
579.421,1.13267
3089.91,1.37623
696.139,2.56669
2957.3,3.6787
2257.85,10.2436
589.724,13.932
3436.83,4.09219
2684.02,7.27408
3996.29,6.38388
1179.43,13.0751
3169.12,4.25137
3202.88,14.6351
1450.65,9.81094
1975.15,7.41207
1648.08,9.50996
3672.8,10.7077
3654.71,0.512217
1381.23,5.49455
2284.88,2.99743
1276.94,7.5251
1608.56,15.1096
2432.33,9.65805
706.564,8.09439
2586.46,15.8281
2412.51,8.91361
1211.36,12.9531
3926.67,3.05768
3911.75,11.5822
2822.38,9.85792
1842.4,5.4448
978.77,12.979
1653.42,13.9586
2323.47,7.48174
2743.14,0.973601
856.899,1.69703
1585.97,2.99527
595.504,3.82296
3281.22,2.35074
3451.88,10.0727
1509.92,1.25635
4104.67,0.986565
889.105,3.54015
146.227,0.930448
3360.38,9.80842
2186.05,8.98668
662.944,6.33698
3313.65,4.85376
2902.03,0.475884
4084.18,3.16346
1962.23,0.313235
379.65,12.2752
3323.03,7.70719
3090.38,5.81248
1401.51,13.2049
1523.72,10.7021
2358.34,1.24185
2342.02,5.16941
1852.9,6.14336
1347.45,8.96584
3399.3,4.28593
3928.52,5.97018
3339.52,1.30553
2083.13,7.92373
441.032,12.3007
2463.59,13.9669
2196.37,11.8297
2178.17,1.75307
1370.42,2.05731
890.467,5.27494
21.8498,3.66322
2029.91,6.3389
3906.01,1.77321
426.263,11.4336
816.668,2.24223
3313.08,1.19527
2519.28,0.644847
3587.93,3.21982
4041.22,11.2717
3702.13,14.8117
650.385,2.91036
523.578,8.94597
4175.27,2.08494
1401.44,6.3347
2236.01,13.5243
3412.34,8.63398
3340.33,6.30249
4051.08,13.5497
1170.84,7.5624
4054.12,3.92349
3767.73,11.2091
3305.83,15.5041
1150.58,8.65332
3160.69,5.67797
3796.43,12.5146
3251.3,10.1068
1048.18,7.75471
2391.92,6.98046
3663.12,2.43151
1366.01,6.48692
3023.9,1.61442
411.659,7.72457
3467.68,15.5526
3350.73,2.79594
3028.83,11.016
854.715,1.92432
110.026,10.434
2172.76,14.0836
3337.13,4.21116
2593.02,5.48081
767.483,13.4285
2094.23,11.118
1141.48,0.304916
3279.51,9.35193
3468.35,8.76238
2402.83,6.26062
4084.73,4.94177
781.233,5.04329
887.149,12.1879
3519.76,14.8062
1007.56,7.1376
2771.33,4.4967
1842.79,10.5948
1728.93,6.61379
1946.91,9.03938
1039.18,9.13015
897.96,9.16124
1946.69,15.6202
2234.33,15.3081
339.848,4.42968
3420.2,9.91752
639.407,8.91458
3525.12,13.8543
3689.77,11.3222
732.69,15.3457
432.693,7.20282
1388.71,13.5089
3080.38,15.092
2248.8,8.17663
1775.38,13.5736
4173.25,12.6868
1004.5,1.6427
1686.69,6.87924
2960.01,6.42821
824.893,8.51122
942.694,10.0831
1238.86,12.7936
2269.71,15.6591
1321.65,10.0509
1426.32,14.6307
2771.52,8.78383
66.6856,3.67993
3234.41,11.3591
3248.6,5.0231
3671.03,8.52588
2375.83,8.14251
1277.03,0.600945
2629.26,10.7122
3985.1,7.20174
2040.53,6.15026
1687.13,14.7902
2306.02,15.1188
3832.38,0.201084
1038.28,7.08203
2373.91,12.2756
1402.86,10.1248
3018.3,12.9657
3893.63,8.16635
3816.03,5.72781
2685.66,3.50258
2350.3,14.3319
834.306,7.87145
2478.46,12.7189
3707.88,14.3529
2768.93,7.78866
3422.08,4.38207
2575.64,15.3977
3594.74,13.3283
1613.5,14.1853
619.04,0.404502
2469.86,13.2321
3771.97,13.9102
2705.8,7.3922
3985.59,4.65541
736.113,13.1243
1535.26,3.87661
1647.53,14.4494
420.471,1.88275
2738.2,11.7466
990.832,0.777616
3981.73,14.9367
2074.01,7.11361
174.804,12.7856
2659.21,1.48659
469.549,15.5048
3673.72,12.6724
3397.9,11.2172
1705.56,9.47772
2287.37,4.4151
1354.93,14.7283
2510.91,7.15569
1290.6,2.0672
3783.72,4.35854
1436.86,1.07412
1389.92,7.78357
790.239,7.81469
426.419,8.66801
121.492,14.1157
1322.72,8.42235
418.612,12.712
2433.73,5.13112
796.623,0.50418
3939.03,5.65278
970.699,15.6853
2944.75,3.98348
3039.4,5.94733
1074.69,6.34869
231.7,4.65186
2947.89,0.998001
747.019,0.184603
307.077,13.8955
3810.45,8.28109
1550.51,15.8691
2693.89,13.0427
499.467,2.02695
3490.36,1.22119
2584.07,5.25435
2348.07,9.67141
3920.69,13.1492
4039.73,15.3104
3899.72,9.08638
958.084,2.60613
3876.82,4.79641
2062.7,11.2974
2037.07,11.1062
1533.67,2.33938
3703.41,10.4153
1621.32,11.7271
1225.77,14.0995
766.188,13.4133
3768.21,9.3654
429.951,3.63799
293.953,14.903
2511.72,5.39455
4170.49,6.29994
1284.76,1.6547
2811.61,13.8449
1306.03,4.63218
2853.1,11.4119
253.173,1.32102
2680.67,7.36426
2165.65,8.99633
3856.81,15.806
3469.93,4.5295
889.987,9.42089
1552.3,9.48824
507.305,1.9234
2259.66,8.31339
2174.25,2.62087
1361.7,0.365017
2130.16,14.165
1386.62,6.2183
810.344,1.72001
1736.01,12.0995
2001.09,5.39313
3416.95,11.2089
3319.78,15.5626
554.335,3.38119
1925.85,5.72632
663.479,8.40789
2770.76,10.9733
1700.09,10.9477
1727.21,9.30428
3218.64,12.7137
3677.45,5.30346
1892.19,12.6216
1519.68,0.822389
2400.81,13.1287
1057.14,12.9241
3497.38,4.41692
3252.98,7.92086
2940.06,15.0525
3212.21,12.6747
1126.4,4.41097
3748.82,11.5765
2007.31,9.40829
2164.92,14.4844
740.967,6.86081
2669.71,3.17745
860.23,6.68907
1696.33,13.4386
554.917,10.8806
3390.72,0.27471
2989.66,13.5175
1550.18,3.84247
188.545,13.2043
162.254,4.19857
4074.82,0.15165
122.013,0.157858
3525.89,5.9433
2167.36,9.5757
688.018,11.1856
1607.98,13.684
1757.15,0.817989
68.3378,10.7014
1387.18,12.1792
245.722,5.16521
1937.75,9.96068
1925.03,8.24934
2076.52,2.10858
1778.7,15.1879
557.108,1.90118
3052.89,0.32693
160.828,5.76762
73.0193,12.1392
1311.05,9.87567
3650.87,0.945155
3514.59,3.91766
1855.47,1.7745
1514.71,11.1939
122.886,4.9053
3222.41,15.8766
1448.37,10.2704
594.031,3.99302
3051.19,13.8602
1708.64,13.8018
937.16,4.60506
256.863,9.60793
1650.84,0.395466
2399.82,10.0797
957.843,12.6185
2690.89,5.71781
3461.51,10.8727
3753.49,2.37693
1027.93,14.0093
632.334,15.8505
1687.23,4.83274
597.833,5.99691
2177.09,1.77648
1322.73,11.03
2557.75,10.2577
1957.58,8.18562
2441.66,4.89773
429.387,5.8174
1636.58,0.123343
1772.28,11.1387
2321.31,13.8393
3065.5,4.70535
3057.9,15.6808
399.201,6.62935
3854.84,8.1814
2191.87,0.56152
2798.53,11.841
812.694,5.79313
2033.81,14.4516
53.6083,8.37613
1639.18,10.2164
22.7856,2.37895
949.452,11.0311
672.508,14.2423
3067.66,11.0075
3874.08,5.58496
154.607,15.2561
484.969,4.94106
139.71,10.191
2996.66,7.44551
3701.65,4.35947
3564.93,11.8484
314.054,10.6366
600.634,10.5927
2527.13,11.4503
4013.46,4.52625
4097.45,11.1037
276.659,11.6077
1217.4,8.17293
3685.92,14.3553
1895.55,6.37303
3491.42,11.6919
2134.7,3.09633
705.346,8.78968
2933.62,1.18898
3925.15,9.46555
4185.09,4.15862
1384.29,12.1542
289.738,9.49051
3983.55,6.53
2982.18,5.45687
1265.63,10.8099
882.829,1.96065
3415.73,13.92
1535.13,7.71355
2590.83,11.36
1316.36,0.423618
2201.64,3.63319
376.937,11.0143
4101.14,3.95031
3451.25,1.43674
3376.71,15.5509
2705.83,2.88153
3150.74,7.89858
1156.02,5.90871
2483.64,8.09489
4150.71,15.2201
3186.53,14.7481
113.837,5.23238
1335.98,5.20802
1563.19,1.22064
2205.8,1.40775
1582.57,13.7103
3954.76,5.64431
3239.58,3.01822
1211.01,2.33858
3720.44,0.43171
2626.23,9.45889
384.776,13.5278
4000.21,6.00974
3929.68,3.51738
1964.35,2.93514
1249.78,1.05238
189.339,1.2426
274.007,4.14356
3384.08,3.39248
2076.54,10.3476
1713.58,2.2816
1151.52,3.927
4057.48,15.6365
319.576,15.8113
350.103,14.0881
2868.37,3.34466
301.287,8.63966
377.79,6.95894
601.813,7.86093
2760.74,5.88759
4110.41,12.8508
2280.32,11.7697
440.87,4.32352
3018.2,2.3395
2039.81,14.2305
1502.02,15.7715
3002.42,2.174
3280.39,6.29463
1487.6,11.228
1649.4,0.383926
461.281,0.575696
2462.92,3.72173
138.401,11.2907
4090.8,8.61821
744.745,4.11596
1147.13,0.563051
1927.88,6.95311
552.396,2.60366
2164.44,10.925
1985.38,4.61539
2141.43,10.6035
3149.85,1.76883
1692.71,4.48568
3825.2,4.89585
1642.39,14.1118
3993.83,6.7761
1373.96,3.09809
735.998,2.84045
2192.38,5.83455
1907.75,10.2535
3542.98,2.82881
3966.71,11.4639
1177.17,10.7364
665.172,2.33813
1250.72,11.9429
3906.3,13.2156
2482.86,0.676347
691.393,13.5594
67.5605,5.88718
3207.88,7.91683
3013.67,0.811797
394.442,11.0505
863.033,2.15142
3200.55,1.76618
1634.3,1.18748
2147.7,6.79227
3262.01,6.22887
2094.97,0.0265909
1717.04,6.98466
731.436,13.4916
2156.53,8.27019
1660.48,3.26239
3179.73,4.34345
1786.29,6.29613
4103.2,10.1334
4117.18,6.16135
2802.77,10.9614
3385.32,11.5043
1096.7,5.23406
3346.11,14.7389
1700.58,1.46446
1698.89,9.4802
251.695,11.5186
3368.02,14.3347
1329.86,12.6387
3165.46,8.17839
1382.09,2.92777
2244.06,5.50039
494.035,11.8098
3757.81,7.74356
4163.33,13.6469
2111.35,14.8553
106.552,4.19798
735.286,7.06598
3027.6,9.91672
2422.14,15.196
1745.18,13.6796
4029.87,6.35413
482.82,11.7944
3001.27,12.4126
1498.98,9.97977
2734.07,9.53911
3935.16,4.51112
2273.98,12.9043
1360.5,0.172754
1785.48,3.52999
4151.65,10.0243
4067.16,6.46471
2927.73,9.30582
2475.41,12.6865
3601.93,9.55385
1966.56,13.4804
69.0909,13.6855
43.5936,0.487733
2356.39,10.9999
2872.14,1.38926
2955.82,3.29854
3978.59,8.95902
3236.07,0.239089
833.727,7.09473
2234.21,8.38226
1970.15,5.64336
2550.38,2.46137
1491.14,2.87428
164.112,2.9291
3553.42,9.26333
4141.8,5.79512
669.966,14.3118
655.873,10.1384
2918.54,5.10486
2189.15,4.16534
1089.49,11.3815
1281.95,0.66154
1033.61,13.3163
3782.25,10.4904
303.273,14.6794
525.125,10.7121
2957.81,13.5839
1316.56,10.7885
1482.97,15.9405
2912.61,13.5402
1071.16,0.9662
1284.84,13.562
731.374,3.94924
3676.72,14.5835
2059.67,13.2056
2813.58,8.83454
3475,14.5752
3170.76,0.436366
187.419,9.39317
255.332,11.5545
1906.25,6.32486
1985.53,2.1962
1124.38,14.342
3509.04,0.16051
498.811,6.05825
1622.92,14.8293
143.841,7.40181
2681.35,8.31164
2761.11,2.25723
1890.37,5.81422
2157.95,4.28426
1920.35,10.7963
2978.76,15.3495
1389.4,3.97917
2889.88,7.55108
987.05,14.0374
2452.51,14.6736
3532.62,8.47273
3064.11,4.63307
2065.17,10.6264
2377.5,5.03371
1816.64,2.89195
2680.98,2.47285
3073.52,14.0739
841.061,10.659
2428.21,5.09459
123.054,3.42455
210.619,6.66282
528.882,8.52975
1631.35,8.07653
2191.57,4.86408
3128.7,7.67962
4099.14,1.56847
2371.06,1.61927
4079.34,0.0349435
440.039,13.5799
2664.11,5.44182
4096.24,2.331
3132.66,12.7782
880.607,2.1607
2087.37,9.64956
3683.09,1.92915
2949.17,0.862012
773.904,7.1319
2445.16,9.75527
2034.69,6.75462
2834.04,7.63931
3843.14,10.5792
3366.15,3.18652
3841.27,8.63235
3185.45,3.11572
404.036,6.55729
233.994,13.1343
626.703,7.28316
3096.72,8.2868
284.752,0.181441
2665.83,14.3632
3049.97,15.1853
4006.99,0.0121648
3250.38,14.543
2111.67,9.6086
2829.68,14.0065
1990.58,7.96274
2211.33,8.03712
1026,14.3708
2132.29,11.1282
2232.47,10.998
1372.79,2.71576
2136.2,5.35862
1108.08,11.1353
2708.84,7.57457
2617.82,4.39033
4028.77,11.5737
1193.09,8.29299
3966.82,12.4683
2777.55,14.0543
399.709,13.1164
558.928,2.09308
824.492,7.49022
163.287,1.26781
1694.91,5.12042
536.064,5.92704
1471.53,10.2902
3112.32,14.0253
854.605,3.32461
3331.74,0.356312
1939.85,14.3671
1413.74,1.8031
4150.8,3.37251
3967.7,8.35704
3470.44,12.5529
727.928,9.03169
3886.76,3.44771
569.551,2.08735
2888.7,6.31671
1797.21,7.69188
345.053,15.2119
303.671,6.01571
751.615,3.80806
2141.5,2.5491
3188.04,8.72848
2915.32,4.63538
4014.69,0.578824
1995.46,0.544852
3796.38,7.16702
3347.16,6.19243
1493.35,9.69494
971.148,5.88962
80.7082,6.09041
4148.05,9.64157
1034.43,9.23263
937.654,3.19047
2528.55,7.25992
2139.83,7.48757
2396.86,0.537404
488.024,0.300181
632.191,2.5573
2503.14,10.1372
144.252,12.8164
2612.04,9.47455
3062.21,5.17904
3866.18,11.9918
3160.56,1.19315
419.796,11.8394
3247.44,1.90167
2993.6,0.0233498
1295.79,9.02678
2268.98,8.1362
1877.69,6.85555
2107.12,13.9288
882.186,11.228
1505.12,5.25516
144.23,10.5901
2027.19,8.25143
2386.39,1.08251
4106.42,4.215
2246.91,11.2221
3710.1,4.33642
715.628,15.2243
2321.21,2.78919
1316.82,5.11611
1295.41,0.553234
2623.92,6.87287
3947.26,6.48163
2239.07,9.92701
3530.91,2.6892
1598.56,4.77672
86.4442,11.3718
3440.73,6.95436
2411.57,0.980157
1320.53,12.7569
3653.65,4.47042
3785.49,5.60741
696.572,13.1792
2995.17,13.2265
1111.39,1.56965
2099.03,3.49143
2231.24,10.4634
205.54,12.9411
177.636,11.0119
993.423,9.85664
3638.56,13.9031
3402.97,7.49302
2127.63,8.03334
3689.61,1.13785
1961.69,4.48566
3050.77,5.92582
1302.93,8.66667
1329.11,14.0918
326.77,12.6475
3359.1,3.08897
2817.86,13.4998
2854.5,0.772523
1883.81,0.0488108
3376.32,1.8027
3242.36,9.27792
1447.48,8.30417
2828.59,4.18496
2250.48,8.38805
964.211,15.1237
562.69,14.4951
1397.44,5.6546
2588.99,6.71117
2383.2,3.28671
1509.68,11.2533
3296.4,11.2934
1602.81,6.91179
1556.26,10.3427
462.294,0.861181
3516.06,6.53267
742.654,5.43598
3779.56,1.96515
1755.05,1.45127
2367.06,12.7348
3011.5,11.1844
1162.99,7.91353
2146.4,1.18093
2292.8,11.4803
1950.29,4.54541
3349.37,9.62854
3938.58,8.09644
3637.49,1.92218
3337.07,2.4327
371.701,11.2294
2510.84,0.147791
1589.98,13.7278
918.875,8.4442
3448.11,8.7152
2255.49,10.6995
3135.57,6.98853
537.899,7.31518
1207.35,2.15168
2514.92,3.92964
2334.62,5.50808
1201.7,2.4589
1198.07,12.5444
1253.71,10.6098
1826.6,15.5423
1238.35,4.38805
2365.68,10.2096
536.357,12.3923
340.767,2.55243
3785.01,15.922
3739.68,3.50128
469.285,0.228447
3925.51,6.32385
3440.35,0.933591
678.943,5.5531
1397.74,14.1621
1262.7,13.6463
1194.99,13.6352
1559.03,1.06938
1844.05,7.44574
1053,9.826
480.21,15.4259
1320.55,14.3728
2240.05,9.75235
257.658,4.84937
4162.86,8.84837
772.329,6.24885
3438.91,3.19576
453.616,9.15671
4140.55,7.10613
3329.8,1.45095
1930.63,6.30878
2264.07,14.083
470.498,14.606
1152.3,7.49614
2912.12,6.39962
3267.86,9.82298
733.868,7.49893
2090.09,2.08212
2927.64,12.2
1057.18,3.311
1411.57,4.05483
3863.72,9.44086
2245.66,5.72293
705.314,11.2952
3881.15,6.05492
2623.76,4.92164
979.597,1.20702
1894.24,11.3542
3248.32,13.0302
2379.02,4.59493
2819.92,5.1601
2647.83,8.72532
2540.17,2.8802
3640.02,0.740487
2608.04,9.85111
59.0025,8.32039
1240.57,6.09079
3092.06,13.8265
1163.98,3.75524
3377.76,2.96809
3784.21,3.31246
2179.48,6.62069
3775.7,6.66484
1087.99,5.89142
2450.1,4.78915
2149.26,2.33224
3761.72,0.715524
745.948,0.660601
1781.66,13.558
3254.1,11.9256
1505.67,1.3019
1313.3,10.2313
219.895,15.1024
233.268,11.617
2210.26,7.97879
3726.66,8.96253
1027.41,12.6725
1176.59,12.8411
4106.65,8.28287
2988.12,0.80329
2248.42,0.703708
3348.08,10.5088
3266.95,11.3309
3987.87,3.08964
490.234,0.390608
832.404,1.53283
1831.25,6.61471
1567.43,10.7042
750.562,1.86702
2890.51,5.34825
301.735,13.4428
1627.24,9.27096
818.629,10.3417
3023.76,10.9811
78.2341,11.3053
1046.49,2.17726
1364.11,6.09058
2179.16,10.2319
4056.57,1.14447
10.1093,0.895752
3480.08,10.7712
2473.17,7.70388
491.744,14.8058
4162.93,14.2015
1059.23,15.9599
499.854,5.05164
115.68,8.26982
1255.42,14.5449
161.487,1.58857
920.699,9.34151
172.191,14.8672
2356.35,6.40973
3060.03,0.0602606
684.525,7.86295
3101.16,14.2378
1877.9,7.84851
911.059,8.89733
2567.21,2.49446
1438.68,1.86992
1514.17,11.5314
784.346,14.2478
2941.68,15.2572
1731.8,11.9246
1060.32,0.156979
690.307,5.48048
391.695,6.75705
2850,8.37187
265.313,9.88266
2857.02,7.17207
362.122,2.98277
3152.57,3.89262
4130.52,6.36551
3607.4,11.2808
1441.99,9.85217
3218.82,9.45297
931.475,11.1225
2761.2,4.85203
1765.06,5.98611
2493.8,3.37549
3563.77,7.75376
3027.25,2.29035
0.702448,3.76526
1354.57,12.7143
292.687,5.0074
3813.43,11.541
880.2,15.3244
2954.82,4.76904
4137.54,8.97612
651.184,8.37819
2505.74,1.85257
1051.96,8.27208
1415.23,6.02386
3517.22,13.2871
287.647,0.0882704
3494.47,15.5934
1977.23,13.4169
658.524,12.336
2680.69,9.54891
3290.6,8.57551
1055.88,14.0643
761.327,10.8128
3752.68,2.17835
2632.98,0.954097
2552.13,3.29216
3265.14,11.0612
3953.84,14.9612
2758.08,15.9277
2985.06,9.99804
3616.01,7.1187
585.192,10.9909
3805.32,8.05068
1056.62,2.53117
2560.37,14.3354
718.502,5.71158
4029.52,12.6259
3077.1,14.4385
429.186,9.15064
2679.88,4.45349
3458.81,10.0605
2208.83,5.3517
1296.93,8.38069
2637.8,13.973
3842.3,15.3723
2697.66,3.96073
2909.4,1.90289
1480.54,0.667294
3096.14,10.3514
2400.73,2.45737
3367.68,11.4611
1850.19,12.2747
1379.64,10.9461
3644.56,0.515637
464.555,3.38718
2880.54,2.18201
4042.6,2.17858
2168.72,2.28227
1439.31,15.983
2519.09,3.9443
3498.45,5.462
1835.54,8.6159
3004.96,2.96272
2812.84,5.25012
3927.19,14.2867
1451.11,3.70229
561.993,9.52725
1405.88,13.7149
3535.52,9.17076
223.174,11.5321
932.79,12.1735
1133.69,2.70442
1117.29,5.86079
1865.03,10.3205
2828.35,0.116733
2030.07,7.0783
3656.74,13.0223
3174.41,8.39637
3857.56,5.91367
1043.41,5.85441
301.92,15.6987
1373.48,7.84853
511.093,3.72193
1109.45,15.4089
3221.41,3.10339
334.05,6.8817
1676.73,6.88338
3208.35,10.0415
3708.81,6.88583
3974.42,7.56177
2163.3,1.10442
849.987,15.2501
1783.09,15.0718
819.394,3.02092
1151.65,5.97427
2864.65,12.3114
3601.12,6.64861
1235.84,7.82804
1986.34,9.55617
566.174,9.22703
1750.56,11.5866
3559.81,11.9655
467.993,10.1991
3395.61,11.0272
3624.9,5.72574
2248.86,1.82816
2280.99,0.191571
1238.02,1.15812
1484.78,13.7174
1922.84,2.44768
2387.19,10.5424
3286.04,2.41389
2396.24,5.06
177.506,13.0934
3006.67,0.780358
1596.21,14.8009
944.428,9.56866
1754.6,6.70456
2712.15,15.2528
910.516,1.29298
3269.45,8.5455
3352.5,1.58954
3533.3,13.7875
3074.06,1.80759
1458.85,5.28806
3887.55,8.01301
1386.68,9.23463
3080.49,4.9069
2579.64,4.20144
712.849,1.43869
1177.11,6.89103
3411.05,10.6251
355.599,11.3923
2841.57,5.12306
3258.08,5.6542
2401.63,12.1467
2637.39,12.027
1374.55,0.429975
1368.86,0.564925
2759.06,11.7265
4096.38,9.10892
1715.92,0.181259
578.918,15.984
2844.63,2.05222
3803.65,13.9774
2930.89,12.2087
3639.69,11.7692
3855.04,5.79278
3625.05,5.4448
3066.99,2.41738
67.9869,15.8456
1205.15,8.20395
3146.13,8.36178
720.817,0.381539
1602.73,14.1472
4041.1,15.9442
2528.87,11.5767
1594.28,15.7811
249.362,0.331832
1204.45,2.53097
3392.94,10.4796
649.189,15.9534
3898.72,3.30292
2814.9,13.828
1907.29,11.2566
1337.94,4.9221
2168.79,9.03593
2425.15,9.80424
2329.16,2.23208
317.369,5.51036
2421.48,4.76177
673.494,12.8838
3557.91,6.74746
4088.21,10.9096
3594.6,10.6359
2792.29,11.687
3937.55,15.0081
734.662,15.4196
216.194,4.13589
1843.17,6.41346
3879.02,11.8364
2743.81,7.50511
847.881,8.81071
3726.32,7.21073
2022.83,4.16446
449.306,10.7988
2548.88,12.3919
2109.82,0.371824
1551.22,5.36457
3050.89,8.90662
2981.48,12.5941
2090.41,0.31762
2880.58,12.4405
918.287,4.78029
144.21,6.02305
286.433,11.5732
730.664,4.48691
339.608,1.50495
3713.55,11.9067
264.412,4.59294
3133.65,0.582991
3498.25,3.5671
1845.57,11.9458
2920.18,2.13437
4059.31,11.0135
2739.08,13.1734
4015.34,2.82633
1162.95,6.07542
476.292,12.122
3408.62,12.9222
3035.08,15.1315
31.2646,6.94111
1597.51,13.7838
1671.95,10.5099
836.745,0.334912
1463.67,15.5906
1958.16,1.68907
3245.64,8.49194
3311.28,6.72396
573.694,14.4367
2593.06,15.2861
3071.21,15.7739
487.426,11.4053
3459.43,15.7047
4080.06,2.06687
1395.23,9.39751
748.935,7.25669
389.416,14.8663
4022.98,5.57767
973.831,9.64337
3162.75,0.456159
3519.47,9.44182
2948.89,4.70283
2185.35,8.21091
1057.35,1.58814
3697.78,3.64751
2512.57,10.0793
1926.8,5.36132
3048.57,3.37217
121.573,7.31906
113.443,2.76591
1462.5,6.1954
963.264,4.4347
2094.65,12.8483
1577.26,5.03601
444.672,5.88072
1706.51,4.05636
1971.85,3.10351
1381.3,11.4503
3041.1,1.34848
753.671,3.13063
10.0197,7.46227
73.5999,5.90668
2615.96,14.2302
3660.49,7.45525
3789.18,3.38261
4124.99,10.0325
3954.57,12.8067
1062.64,11.8541
3176.55,11.5921
2039.32,13.4251
778.821,12.4931
2895.88,1.20264
176.811,12.0531
95.6213,11.6225
281.607,12.131
2690.09,2.79957
705.279,0.376098
683.057,14.0987
3718.38,15.8066
3289.41,5.40141
3198.71,15.8599
518.967,10.891
3256.14,14.6108
2542.87,3.59706
2227.93,12.6747
2906.58,6.45036
526.188,11.9567
3322.82,4.43728
1238.97,9.94715
2172.1,4.67855
2051.04,3.82761
1700.76,14.7383
2580.6,0.0211363
3549.63,2.41763
630.924,2.75246
2363.57,13.0475
3579.79,7.70711
2080.2,6.5739
2963.47,11.3501
802.945,2.80949
3753.47,3.75584
1397.89,9.60164
283.26,13.1473
3615.48,2.85211
1507.79,14.2786
2282.3,14.1554
1382.43,9.60643
2800.24,12.5669
2010.13,8.54168
507.353,15.9385
3218.54,6.23251
2103.88,12.3606
1674.08,13.843
2413.15,7.59219
2234.61,11.4561
2833.46,11.6089
1600.94,14.4825
624.974,0.324157
3268.84,10.9661
1214.78,12.0584
3407.27,1.52535
211.771,15.1446
1474.4,13.1573
1631.98,11.8027
2932.74,11.5006
1724.25,2.22803
3807.57,4.61636
2043.14,2.70064
3319.57,0.590757
3979.24,6.45426
3388.17,6.89131
1166.67,12.3126
178.438,11.0111
3375.42,3.84027
150.417,4.67718
2888.93,12.0813
2877.3,5.83308
3106.11,2.64114
2809.5,10.8004
2906.85,4.88633
2985.25,7.69077
2842.89,9.61061
3836.78,7.51642
2437.78,12.3231
1345.92,0.563986
526.88,6.70221
3745.07,8.1701
1032.94,7.72943
1343.82,8.99618
2930.73,11.1811
1337.07,13.2686
682.276,3.09549
3194.7,10.9547
2341.33,7.77067
2788.17,13.5495
2835.09,2.60828
3044.52,6.43496
506.825,13.6417
2067.29,1.74768
612.732,11.5679
1101.99,6.3816
1291.22,3.30621
4124.41,3.13831
2054.85,12.6772
2755.2,1.76503
713.612,12.4618
3909.52,15.9516
3922.9,11.6461
2120.93,9.04428
2782.08,2.00866
2642.15,1.48098
3512.82,0.985002
2630.87,3.23179
3662.65,6.9685
1687.38,7.4428
1949.5,10.653
450.646,15.7076
1093.58,12.6072
1884.23,2.64359
216.059,14.2952
3544.91,13.2537
1112.6,0.141613
2819.88,7.32089
1501.81,6.34864
815.234,1.98159
1070.96,14.7748
1570.49,3.57234
944.04,12.3728
2125.92,9.77049
1648.79,7.75642
3718.02,10.5443
2959.03,9.90098
379.95,5.56358
1670.81,8.88148
3029.33,14.9738
3602.1,11.1027
201.88,0.0325891
281.103,4.95338
1491.12,12.0648
3454.62,14.2532
3997.44,9.94814
1724.57,9.00216
2644.38,2.09273
4130.17,10.1975
1379.33,15.5576
2667.15,3.77697
2328.81,0.341618
1552.95,7.28827
3961.72,15.0272
229.701,0.0782997
786.822,4.34106
3271.15,3.1539
3811.29,11.2404
2484.93,9.27052
3345.34,7.11246
2019.59,10.6905
1642.91,6.45415
474.129,0.658169
777.551,10.0495
3761.5,2.51938
251.353,1.99967
78.9495,9.7329
1781.17,6.05884
2578.28,1.19667
2292.5,8.19512
42.7809,11.0073
2774.35,8.93256
325.586,6.52968
145.315,2.90641
2800.16,8.82102
3743.42,10.6142
148.868,9.84812
3781.06,1.24658
257.83,6.36769
178.103,14.9224
3540.28,0.386583
3814.53,9.76561
1650.73,2.28357
2648.32,0.483112
3251.06,12.8963
1671.53,14.7017
1931.94,13.3479
2398.12,2.61314
906.398,11.9483
2455.99,5.339
2714.57,15.7605
3797.89,15.7489
2907.12,15.5891
89.3952,0.422328
1513.5,3.08633
3252.24,14.4565
1776.53,7.76835
3451.48,10.7159
1755.94,11.3182
3560.88,1.40008
397.175,0.324439
2232.55,13.7866
907.33,15.6586
4145.23,5.65578
349.176,8.51338
4127.64,7.56152
502.587,13.1896
1357.62,5.09003
840.575,3.99093
689.709,11.9192
1744.19,12.0455
955.635,7.18551
3427.23,5.09488
640.673,5.62699
3394.91,14.2917
2537.34,8.54181
1402.48,12.6935
4111.55,5.07589
3907.98,7.60101
293.252,8.08298
1534.37,1.81692
3470.86,2.12773
2572.5,3.92732
2761.09,0.637927
2705.51,11.6514
13.1758,10.736
2538.46,2.61225
278.022,2.62641
1148.92,13.9466
1258.47,0.912683
3082.87,13.7619
3394.1,15.8139
645.619,6.59517
3886.74,10.6872
958.163,14.6231
202.845,8.96379
956.239,15.7682
1435.14,14.5219
2105.25,12.9696
798.381,14.121
3554.79,14.348
3192.69,4.00724
4165.08,13.77
1165.8,10.4431
3383.55,7.73578
3630.36,3.53316
2988.52,8.13455
3428.58,3.88223
553.089,3.44699
2532.64,1.71409
965.899,10.4304
3618.33,1.99309
1903.51,0.596924
1407.08,8.01234
853.767,12.7012
1585.28,13.8729
4037.41,15.1359
618.122,13.18
2413.46,4.4681
4064.02,8.62924
1556.56,2.94443
2214.51,13.1054
36.4969,11.8593
2836.2,15.1418
2148.6,10.8784
586.279,0.646068
3060.04,14.1354
185.886,8.93343
2459.75,7.22745
1487.04,10.6444
61.5462,6.66839
1631.28,14.8471
80.6227,3.96583
4078.84,10.5892
366.221,8.2233
3538.5,5.03378
3268.26,8.82803
982.245,4.5385
2643.63,8.63317
3009.24,10.1481
835.422,2.78843
1276.18,1.42508
2915.84,4.42239
749.714,4.67885
181.484,14.0405
3330.78,4.39143
3376.12,8.74463
2899.52,4.73206
1714.19,13.6298
743.296,2.80005
132.535,7.91731
3180.74,11.7679
1935.11,10.0542
1532.45,8.89414
2146.92,4.7716
2707.85,10.9155
2565.41,1.69981
1888.86,8.03859
4059.74,0.398959
3816.97,0.214045
1949.17,8.92059
2001.2,3.4115
236.313,0.489628
3844.79,3.28859
1951.88,3.74749
1212.28,7.23041
3804.09,0.929377
1905.01,8.13593
1419.48,5.68488
3947.42,1.58524
377.798,11.79
3943.12,7.04593
1320.34,11.4583
2518.51,4.89579
550.73,15.975
2945.73,5.75974
1134.96,2.87315
2897.97,10.0472
586.01,10.0424
3101.36,1.63715
2694.42,1.98652
3554.91,12.213
2468.18,12.2878
636.083,10.9947
1340.54,2.34726
2364.47,10.8434
1858.85,3.62988
343.989,10.6985
1883.28,0.226954
2951.81,5.81097
1116.66,14.5772
1922.15,11.2469
2572.96,0.901223
156.766,0.792523
2377.5,7.8633
1308.59,0.261219
1612,13.3476
4144.09,15.9874
2615.25,2.58223
2115.53,0.0735032
4082.98,0.221833
2691.82,11.6409
2271.66,7.37476
2116.4,3.96288
2821.88,4.16396
2078.08,7.04998
1649.71,5.75303
2871.15,11.3496
817.59,7.66258
909.484,8.5581
3699.96,8.81433
3805.74,6.65897
3614.48,1.87063
1929.42,7.3515
430.95,13.5365
1121.46,8.49609
2874.65,3.38619
2817.98,6.63671
2519.92,5.32967
1661.66,4.41639
1309.15,13.6175
4137.61,2.42234
2311.43,13.0282
1851.62,12.6935
3958.99,4.61316
21.2308,1.03333
3219.05,4.80814
252.403,8.59541
3537.21,6.88513
3151.08,11.868
2820.13,12.6908
227.982,8.22091
1273.52,3.50497
3700.79,14.2791
3253.26,13.103
1094.37,1.57801
3190.68,11.0015
415.855,10.8874
505.426,4.23207
3005.65,10.9913
617.307,12.2524
1907.58,6.95656
3100.52,6.52224
2829.08,12.9382
1324.79,9.14565
4144.31,1.10931
2815.52,3.03396
3888.76,11.3295
3020.74,4.65122
3237.37,14.3767
2953.39,4.06646
1667.88,0.0110647
2153.13,8.92728
1136.31,2.26137
3494.35,9.76163
4105.68,4.63317
2596.28,3.08052
719.641,6.82906
833.608,9.30621
4119.72,14.3272
2029.87,15.8845
4029.89,0.876603
4138.24,6.31567
838.638,8.4117
1401.37,2.67226
3337.78,0.425876
2605.58,13.2691
4177.71,2.86135
2069.53,15.3503
3849.64,9.51942
3366.79,5.13452
3720.89,11.4421
191.239,12.0598
337.98,1.81843
1802.67,15.7436
922.433,14.4518
3312.06,14.0627
2479.18,11.3082
994.967,4.01225
2719.74,1.88018
19.2703,1.38786
2009.9,2.88039
3122.76,7.10509
842.127,1.73576
1888.17,3.67118
3852.1,15.7752
649.061,9.00162
1271.03,11.616
234.454,4.26772
3574.43,3.18748
3574.78,9.84862
894.218,15.7358
2764.58,7.37949
1899.35,5.71341
2427.25,13.3114
2758.63,6.13404
571.871,12.9991
3980.98,4.94281
1797.35,10.6893
2257.9,8.80589
1070.96,1.7716
1274.71,4.82748
2404.76,11.957
3675.62,13.8276
168.363,14.9797
1941.83,4.69093
211.281,12.1539
3493.58,10.361
2147.6,11.6444
4084.91,5.86693
1227.83,4.75577
449.12,3.06049
3824.67,4.65398
1724.55,0.852616
3340.82,8.37409
553.088,5.33434
1287.86,13.7135
3844.84,9.29699
1568.77,4.95744
1311.96,2.16585
3071.84,6.60052
368.199,13.2933
1981.33,11.1846
3234.45,0.540891
1912.28,14.9267
1751.67,6.4649
4092.5,12.6372
737.993,7.89639
2234,11.7543
2933.53,13.7609
636.192,7.71942
1424.29,3.09559
1592.07,6.97385
1435.01,2.90249
2994.04,13.8553
16.8045,13.0817
3494.1,14.7028
3034.6,0.760371
2873.7,9.19408
2270.38,12.4966
2867.87,15.7081
3509.14,12.6952
108.44,2.52364
982.409,5.55444
3605.63,7.45925
3441.11,12.6723
3288.15,10.8458
2822.95,1.2026
1136.92,12.3874
657.089,3.56641
2828.24,1.32428
570.343,12.9953
1021.08,9.60003
2455.15,7.68785
1082.92,1.07989
1731.78,8.10557
767.459,9.27077
222.933,2.36785
1546,14.9611
1150.84,5.49321
1665.85,13.2196
3878.33,12.1881
446.306,11.912
268.949,5.05692
2772.56,13.3797
968.593,7.22881
2083.79,11.345
2981.8,1.6647
2553.63,3.79236
2617.47,0.682736
2268.51,14.3813
4099.64,12.5277
620.689,14.9383
2019.72,5.1862
2650.64,13.3918
1375.24,2.04189
1343.99,13.7501
1913.36,3.09693
3896.2,13.8453
973.614,10.8379
2305.19,5.51755
1979.84,2.20594
3503.96,0.113709
2084.07,15.8897
444.674,0.275791
3945.06,2.54765
2792.51,15.0676
3249.75,10.0843
3431.03,8.15012
1031.26,3.74772
1290.36,12.7511
2893.44,15.9897
1142.45,0.0829618
3868.5,6.66479
1015.22,2.23431
3430.64,2.40465
2379.96,6.8919
3615.82,8.74169
174.192,11.2543
2613.07,0.270037
2426.97,7.2062
294.864,15.4632
2602.88,9.03716
3394.28,3.70791
2694.93,8.0023
3696.28,6.12688
1916.47,13.5657
3882.6,10.1172
3930.74,11.0509
1878.61,14.3563
892.601,1.34041
1570.97,1.78115
3626,7.22451
3915.24,12.9977
3377.87,11.8376
2872.86,6.6575
3340.94,15.2587
2229.29,4.64674
1873.85,6.25814
2882.17,14.694
196.523,0.0930028
4120.75,12.9126
775.383,11.3036
1354.61,2.54187
448.791,11.3571
2354.22,3.8397
3388.04,0.58143
4074.14,11.1089
3569.96,0.466531
2324.61,7.77072
1085.31,6.73007
3037.46,5.58705
2324.44,6.31201
940.241,8.22677
1974.04,7.7451
3143.01,15.1066
2151.14,8.99542
2758.43,3.96529
2685.77,5.61692
1795.42,8.65576
2476.4,12.1107
3414.96,6.87903
1110.5,10.2245
2340.87,9.28899
2498.94,13.8097
303.607,8.48123
2968.87,10.1234
1137.88,8.1946
2068.72,7.77321
1739.57,13.9224
1834.62,3.92657
455.316,0.173691
2974.29,6.19781
180.015,6.2063
1959.48,4.31442
1875.9,12.7379
44.605,9.91505
3876.38,0.732592
3475.5,6.92125
106.291,0.960004
2693.94,13.9191
3205.81,10.8345
2087,3.14505
2434.12,0.10308
234.083,6.50593
3186.82,2.78772
720.824,13.9564
1314.89,8.15622
3414.05,0.736587
1402.08,11.4558
3243.17,2.27308
4168.35,11.9073
3505.19,12.3145
2127.76,1.62464
1661.65,12.1093
788.805,10.6001
3011.73,13.204
402.952,14.7795
1476.15,15.819
1429.8,11.8501
3292.48,0.904822
2307.89,6.37835
1592.98,5.72006
1569.67,11.2332
3423.7,8.19354
2488.57,0.401653
74.1082,12.7705
2935.05,3.77917
59.0561,7.30455
2609.6,2.69894
169.16,6.35808
2015.48,10.1647
3191.13,3.05319
2748.48,6.99806
3366.89,14.7999
655.606,11.7022
39.4158,8.73417
3084.16,3.84227
1868.54,10.1586
1047.73,12.2303
3533.69,0.386894
507.906,0.497341
3246.69,0.213486
613.041,6.86728
305.933,13.7193
3402.69,12.1736
689.838,8.22133
3480.9,10.5047
1501.85,11.9253
2462.29,6.45894
525.881,6.20424
1313.78,10.2341
3338.94,4.45518
907.045,2.76425
2077.68,0.75864
3802.37,9.29311
3530.04,4.1404
60.912,13.5745
4010.19,12.9899
3248.09,11.8197
2108.73,9.41764
3622.09,11.9812
899.914,7.92323
2826.99,10.1586
3583.21,10.3284
3892.69,1.12534
1410.88,6.92208
2004.83,8.54272
112.391,0.904977
463.108,10.8162
3396.94,1.8686
1144.95,7.11357
3897.4,8.03609
545.992,11.9968
2775.27,2.73832
108.858,7.61988
2390.92,5.38665
3579.21,0.596523
141.275,13.6705
804.351,14.9866
2437.66,0.0676565
2418.82,13.0339
2062.76,1.28565
2968.44,11.9701
3097.15,7.27001
682.284,10.0869
123.096,1.63877
3336.11,11.443
2944.44,6.47517
550.908,9.23341
2920.98,15.6992
1577.8,2.3197
811.744,3.8711
1201.88,9.18413
1141.02,7.85704
1444.01,3.29492
1711.41,7.70452
377.858,4.78011
1819.45,9.22018
1230.66,12.5771
826.657,5.43692
2978.87,13.8135
1433.21,3.00193
2002.54,10.2964
3469.56,3.48298
740.975,0.124669
3842.51,5.38977
221.565,4.81636
3876.65,7.97531
2580,9.73957
1219.76,15.8425
802.096,12.299
3077.37,0.702489
3860.65,11.4177
2707.09,12.9118
278.235,8.07926
2929.95,11.5404
3182.67,9.35978
2603.95,4.98446
3571.01,8.72344
2670.59,3.53302
3335.91,1.49431
1867.66,2.43433
539.164,11.466
3069.96,1.32869
4124.23,14.5195
1906.27,10.0872
803.902,8.42411
243.422,12.0893
2111.74,6.96009
2234.89,2.04403
457.802,12.111
3418.31,3.84298
3321.06,7.61959
2046.91,7.16397
1909.21,15.8824
1099.38,0.659789
2873.56,12.3373
775.635,8.96704
2138.28,12.2483
1203.01,14.7311
356.695,9.33817
1025.27,14.804
3185.41,6.05831
1509.71,9.27203
2586.41,13.572
1102.39,11.6225
1612.63,8.11977
2580.64,8.9055
857.873,9.02639
2962.38,2.76343
1699.77,4.25652
2990.81,2.31643
434.586,5.70564
3382.17,2.84869
3306.83,8.43833
1687.61,2.8771
3552.58,5.96934
777.033,0.719522
286.254,6.55149
1638.7,9.55983
1794.19,2.84299
392.368,14.1047
2949.56,12.8499
329.344,14.0138
3967.82,14.9397
3260.45,0.729434
2016.61,13.0868
2286.07,14.5052
795.255,6.95026
2487.51,7.18413
700.376,7.469
2809.15,1.29564
1805.23,5.85059
1332.35,13.8168
3977.13,4.85052
3296.12,13.5561
3176.96,3.21997
974.834,11.8745
993.789,14.6825
964.944,10.6547
1520.21,13.0928
4039.85,6.88693
3584.56,1.84704
3851.31,4.00659
3535.55,14.5854
1154.73,15.7483
1637.1,12.5553
1420.91,11.4696
2382.94,10.4348
1348.58,9.23542
1321.7,8.20008
3853.41,9.28158
2497.73,5.23179
1186.72,0.491485
1576.85,6.24199
1275.05,10.6112
3528.53,12.7899
4161.14,2.46165
3722.21,1.54788
189.17,7.25393
3699.92,3.51341
483.348,14.749
1618.19,8.90258
3002.53,0.395447
413.045,0.966137
339.355,9.09442
1999.71,4.09825
2861.3,9.98181
3504.41,6.87847
1087.78,0.364212
2962.86,3.91306
2811.37,11.2135
2126.35,0.165685
560.982,7.30135
329.185,2.50494
1317.77,5.3513
2082.26,7.43731
4074.11,3.39133
3860.83,1.5821
3061.35,11.0747
2902.54,3.63454
3498.33,2.16767
3669.38,14.0003
2976.25,7.15085
1504.23,12.0537
103.304,3.94356
3241.96,3.32585
1928.82,14.2391
2468.06,5.03132
877.279,3.28674
1270.98,8.59805
1045.25,13.7232
607.281,15.5531
3667.47,4.96036
2008.01,7.34523
1664.98,2.07501
2780.78,6.62182
454.609,3.38823
3299.06,0.107073
2518.93,9.74621
654.107,8.98075
271.384,1.07309
3222.07,7.11668
206.03,14.2049
1363.96,12.6475
2524.8,1.34423
2631.47,4.24417
1511.88,15.6892
3997.54,11.0038
2716.92,11.0586
1075.73,6.55052
1200.04,1.00332
1785.79,5.44366
1968.83,15.4896
2610.17,5.36786
3462.68,15.4365
3561.05,11.7683
1413.64,15.9842
132.095,9.27555
1560.02,7.89707
2281.88,15.7593
1968.01,7.54098
1526.43,3.45218
1207.31,7.55152
428.991,15.6999
131.095,9.57283
241.706,14.5803
3960.28,15.4819
1981.96,2.16341
2709.17,1.6097
2471.45,14.461
3282.17,12.7931
1239.77,11.6604
785.627,5.96527
3150.79,13.6871
2633.39,2.57791
2165.88,11.4851
3115.28,15.9589
2731.59,1.71539
2877.41,6.54355
2939.77,4.46339
94.6443,11.1078
1477.09,4.02394
1016.69,4.00097
4088.54,0.550932
4174.8,3.56552
3027.81,14.7213
3583.33,4.48125
1733.01,12.7671
1971.31,6.99153
1921.24,2.60959
3801.76,3.15614
707.576,9.71174
3280.59,13.8341
1534.85,0.669449
2120.11,0.806109
4125.23,1.61323
3110.05,12.0762
2473.92,5.47104
307.5,9.24068
3752.59,7.14646
1823.58,4.8388
3954.44,7.86507
3329.23,15.2288
488.619,3.30511
2674.98,13.442
1152.3,4.99404
853.593,5.16217
718.813,9.94873
1067.98,4.01276
791.732,8.54054
2062.96,15.4405
2355.88,12.2872
4043.85,2.83996
456.689,12.8206
603.6,9.44196
2390.02,11.1866
2892.58,15.3204
2971.6,12.6736
2551.94,14.1387
408.845,15.0474
1403.91,15.1816
306.796,4.75304
909.883,4.06604
3535.24,12.5744
3957.67,14.7293
3740.66,15.7156
1854.85,8.75938
1835.52,2.71809
3485.53,2.437
1818.87,5.78482
3628.49,1.0208
1543.57,9.25721
3145.35,5.31692
3604.61,2.71804
755.629,5.82385
4182.73,4.27276
4013.14,12.9085
313.515,7.44451
4083.37,12.5186
1462.64,1.45188
79.597,5.70803
1296.14,0.992395
2880.39,8.99161
3422.89,7.10005
1876.67,7.73847
829.653,13.3298
1756.64,10.6011
3181.1,13.4151
1431.39,12.9454
435.353,12.0908
2596.18,7.66912
2705.21,15.1855
1411.15,13.8347
3806.91,12.4164
509.576,6.65906
1852.97,11.6094
482.934,7.65395
3688.65,4.22551
1610.28,1.42946
2259.96,7.20086
2196.71,13.8244
2878.33,14.495
2694.65,6.75102
3208.61,8.03406
771.082,6.79169
1622.6,15.503
931.828,4.75393
1740.09,6.27919
2225.32,14.3623
93.1579,6.38775
1398.34,0.924818
3950.38,8.40294
1018.25,6.61127
2141.81,1.59871
1754.39,1.30881
1072.87,14.6287
4065.63,1.7682
3017.03,15.4788
2855.42,2.26101
185.322,13.0301
3771.07,15.1093
2056.55,2.00517
292.535,12.4271
2120.77,3.31887
2193.22,1.44542
1604.95,15.708
1971.79,8.39627
1491,7.09392
3347.98,13.4982
1539.06,0.110231
1340.2,7.66024
1206.79,8.86283
1460.93,9.90273
2129.34,14.1381
4033.76,9.07059
926.911,2.1084
3459.7,11.6811
3475.12,6.38207
277.949,4.76291
3696.95,5.01073
3600.07,0.327855
3290.74,3.32406
1829.4,8.46174
3284.88,0.652866
159.917,14.162
1165.37,12.0827
3300.61,2.52582
1677.54,5.45609
2516.75,4.18159
2332.73,15.8579
3952.85,1.85059
2692.91,12.7321
1078.01,3.82
3170.39,7.44043
2623.94,0.842883
1157.56,9.16839
430.343,9.90719
2342.74,15.0965
1633.41,9.00707
2464.72,11.0755
2992.15,0.118353
3083.89,9.7675
2286.96,10.32
1339.98,1.06813
1204.3,9.52327
1726.43,11.1341
238.018,14.3181
2410.43,9.63491
1329.43,1.70681
3243.2,14.963
926.316,7.22097
2933.71,7.17837
842.143,5.13433
2461.18,7.60347
3465.81,1.54452
3726.65,7.8228
2281.14,10.9361
1698.72,1.07335
923.155,3.55869
1554.65,8.10624
3975.54,15.8286
2911.35,6.55648
1327.75,14.5866
1269.64,7.54182
3855.56,1.32911
1891.11,8.64831
2043.46,4.86164
618.178,10.0059
842.742,2.52028
804.019,0.128317
2889.6,1.87751
2195.13,7.8396
1812.81,10.5884
1584.81,4.4237
2960.13,12.7006
1620.05,0.749072
3884.41,0.46136
1575.88,7.86135
1726.25,14.3715
3138.38,10.7037
3998.8,11.2654
1242.28,12.8555
1591.86,10.8103
824.472,4.16978
2334.84,9.39836
4117.07,14.618
1484.05,10.5703
1587.05,9.81867
3322.36,9.82629
486.118,14.682
744.161,15.8435
871.337,12.2348
1421.69,6.45669
2561.79,3.03389
3368.14,10.1517
609.68,8.52419
2265.61,0.809532
600.125,5.54849
824.547,3.31852
878.268,2.52756
2741.9,3.26171
3511,3.20631
1563.07,3.67064
2168.45,3.28249
691.159,1.69443
134.682,5.20674
852.619,13.5139
227.828,12.1755
491.76,2.56749
2350.78,8.43346
3145.78,7.06376
1204.67,1.71487
4017.67,0.770524
3051.99,9.97689
3290.17,12.3041
2504.64,0.509431
1279.74,9.95528
3919.83,12.0328
1860.93,4.54827
11.2333,13.7042
1679.67,13.5057
2796.65,6.61723
3516.14,15.7207
2299.6,9.36843
556.112,3.644
3740.73,4.85739
2715.6,12.6973
401.215,4.03162
1214.7,15.2851
2749.77,7.96568
348.143,0.513729
2253.24,8.39674
206.593,11.0812
3390.74,10.0565
2405.27,14.3931
1286.34,2.30026
3934.94,6.25155
1090.57,7.65785
1762.3,15.8567
1013.31,9.99384
2376.38,11.9288
1365.13,8.70655
4181.86,11.7291
1546.33,2.28611
3085.2,8.06068
3972.55,0.234373
4188.09,9.49473
1119.8,7.73082
3644.84,7.53355
1262.31,5.43388
662.706,9.11078
4027.45,10.1355
69.1832,4.19334
1733.69,7.79991
51.8108,7.25161
1011.78,5.35438
3692.88,0.40385
3197.02,14.7688
1440.62,13.1728
2644.88,9.30266
31.5203,2.70864
3281.99,1.22088
1018.98,9.87206
1186.22,15.3344
2466.12,14.8447
2338.48,0.648304
550.401,0.255761
3685.13,11.7607
2842.93,1.40385
4103.56,12.1503
1119.97,5.09037
809.775,2.72092
3633.57,1.2846
1695.67,2.12723
880.148,11.1414
32.1358,3.53531
2922.45,15.1339
3771.98,14.9376
2865.01,5.15937
1187.18,15.3009
1968.64,9.03404
1567.81,2.79573
1814.53,8.86263
1282.43,11.165
3996.53,12.0925
340.179,5.08056
763.797,5.10141
3194.85,10.0401
1917.79,2.82774
3644.47,3.84055
1510.89,5.39736
801.868,7.67736
3158.72,4.77783
2877.23,3.94305
1455.31,11.0816
464.25,4.47258
3827.11,10.3221
621.165,5.97115
3075.16,3.35622
1553.44,4.80203
3384.25,8.84931
3800.31,8.90657
1102.03,3.42209
2178.67,6.30233
2335.67,4.32819
4085.58,7.12256
3366.43,5.99358
2233.05,6.39357
325.322,0.323289
2668.12,5.12456
3765.63,12.993
3245.3,15.2907
3791.63,3.35027
1418.97,7.93551
332.288,8.26003
1828.9,15.1744
2025.64,11.1164
880.89,11.4106
1959.94,14.6507
2437.42,1.10192
3711.94,12.5025
2253.29,10.7823
1330.3,8.38233
1035.84,14.9065
2783.12,9.03529
4041.96,12.9513
432.416,0.287192
529.882,9.92398
1526.86,12.7262
2563.71,4.74002
4006.81,4.35038
313.538,12.0101
2225.54,9.97795
2213.1,6.6252
1329.09,13.0665
1737.82,12.6498
1297.25,12.7097
1264.22,14.8812
1817.6,13.0741
127.748,2.6554
3550.4,6.53131
2898.46,8.92188
1880.76,3.58035
750.391,6.93126
716.472,12.8312
695.616,7.60777
3442.39,8.80132
1251.89,4.56007
454.401,14.6971
3637.72,3.20513
3245.04,9.25562
2594.48,14.3834
207.344,9.60189
1009.8,10.4256
2393.3,2.35111
1769.89,7.29961
3591.34,9.20326
578.886,8.72367
791.795,0.493428
1437.23,13.1814
1593.93,10.3594
528.214,4.6722
1382.41,12.0064
752.609,8.50784
1523.99,9.84439
2955.44,13.2609
636.134,0.369353
668.236,2.78137
1903.06,7.16386
670.915,15.3812
93.7561,3.97674
1599.7,0.859684
1040.36,4.03592
1623.44,1.0903
3334.28,13.3836
2859.03,5.51735
87.9444,6.15644
3584.08,13.6421
280.944,2.7535
1466.38,12.232
3290.15,6.88669
3374.48,10.8232
3634.19,4.76433
2960.54,1.98915
573.017,2.89173
2539.04,3.93787
3376.04,0.795235
2559.79,0.804183
165.704,10.7933
3276.26,8.20087
2212.39,7.80991
1844.86,11.5012
3647.38,0.920145
3567.79,12.6974
2263.52,15.5401
2008.47,3.95593
1558.14,5.48788
1709.85,5.98777
942.499,7.42977
4164.17,5.80734
3419.34,6.42705
3974.22,10.9408
1949.3,13.0161
3272.19,14.2558
1300.03,13.3968
2316.79,0.751856
2716.9,4.21579
2306.96,1.18574
1441.53,11.1249
3408.43,5.26964
3788.06,4.54718
3950.01,6.85217
1269.07,8.63143
1090.26,14.8958
981.491,1.65448
1251.8,12.9956
1079.79,4.5466
1099.13,4.71847
1884.75,15.9145
1096.33,8.37317
2907.07,0.365573
1198.39,3.1254
217.014,7.41634
1603.1,5.05397
3613,12.7952
2072.06,9.13221
3545.36,13.4677
3489.17,12.8621
1442.01,2.29343
1357.21,12.0232
1562.69,5.14505
2866.59,13.2873
3235.31,7.58883
2106.87,4.15223
1667.88,12.3133
3434.62,13.3764
588.733,13.0188
1304.69,3.38931
1919.17,3.05297
3944.06,5.53853
3097.04,0.723445
1460.5,11.0036
3115.08,8.95547
2444.69,1.78377
934.474,15.4798
2938.94,6.70746
3469.43,9.22467
3480.27,0.539532
91.5389,1.18731
3322.92,12.4636
1359.97,3.02579
3786.23,4.26983
3439.84,13.1361
2140.23,2.15178
365.347,8.79696
1861.39,13.8189
632.612,6.20141
2105.31,7.59877
2381.21,13.6256
1287.38,7.59057
4104.2,7.46537
2862.18,0.765022
1999,9.41335
1721.61,5.13966
507.006,8.58735
2287.58,7.13124
500.683,7.29515
3546.74,8.96262
2498.08,2.64166
3628.78,2.59857
1192.31,13.5909
492.58,6.35666
2693.55,2.54032
2677.57,5.46691
1430.18,10.0323
2217.22,14.6217
1628.44,0.492706
285.325,9.28096
1227.84,11.8266
3838.7,0.661431
841.753,3.37467
3627.43,1.73075
2667.82,0.830105
3734.93,3.1724
4.41407,0.308357
3401.5,3.21467
1542.05,12.4075
2848.03,5.3562
1096.83,3.08128
2093.96,0.215673
4150.26,14.396
3754.03,5.86616
3679.25,4.49312
79.5987,2.26956
3950.59,7.4883
717.836,7.73214
2731.48,7.01603
3698.68,14.2606
437.46,7.78642
1736.04,14.1266
3943.03,14.4235
3203.64,0.425117
2943.45,5.18721
1938.25,0.639698
3284.82,8.28867
1792.05,15.1731
294.753,12.5255
812.262,11.5556
3369.73,3.77154
3091.11,13.0996
3744.13,2.68377
2719.6,6.35299
752.104,13.3563
3265.47,8.84754
3486.27,9.60604
2078.44,14.2567
2228.22,10.1381
573.673,13.4613
3844.68,11.3613
2787.29,2.16171
1271.78,8.90428
874.197,0.0862872
1989.7,4.9896
593.251,7.00199
2532.6,7.61452
4097.51,12.9615
193.196,3.20858
1383.28,10.5532
3450.51,6.41337
1053.44,2.28491
3053.08,13.8812
566.034,1.67972
3524.53,13.0252
3179.86,1.17432
207.554,4.0478
1993.61,8.62821
3022.25,13.4401
1449.5,7.43859
114.557,14.1096
3680.73,3.38298
1843.93,2.94439
1233.87,5.40423
2221.91,0.0920466
2831.87,6.55229
261.925,11.6202
3817.81,7.96339
417.302,10.3637
2058.92,10.9239
3731.83,4.75691
2038.37,12.3731
951.331,14.7133
3146.24,3.92884
4036.03,4.45718
398.383,3.84809
1814.25,7.50109
2503.99,15.014
1246.78,1.00598
3230.79,10.37
250.048,2.02476
3798.81,3.92182
1874.18,1.10382
2739.85,15.7296
3532.22,10.7754
1076.95,8.07232
521.894,10.204
4086.69,6.15588
2218.28,5.01522
4142.91,14.2392
2786.28,6.70298
211.025,0.506942
2966.73,11.9843
1854.17,14.835
397.786,8.25956
3209.02,14.5736
1846.07,3.73389
787.66,11.8418
2297.51,1.25987
70.4635,7.49801
2327.78,4.05035
3660.8,2.31947
1133.72,8.73544
188.641,3.79544
2664.04,12.0516
919.82,0.994906
1341.86,6.69367
3993.72,0.836846
569.245,15.2157
3564.58,0.265867
4085.19,0.598439
1152.7,6.09953
660.115,12.6656
1989.25,13.8062
178.273,5.68802
3489.31,6.07773
1177.2,9.4186
2569.5,14.4248
1601,13.2913
2889.34,4.34284
978.656,15.5952
2884.56,10.3702
888.324,0.456894
297.344,13.0908
1650,7.74026
1482.71,2.73328
3504.35,3.68113
2208.91,4.24962
3627.8,6.82453
3278.56,7.07187
2831.44,10.1602
3960.42,14.0462
3929.85,11.2741
1218.7,3.38646
3772.41,5.65907
2965.3,10.7026
1479.18,8.95706
1685.11,6.516
141.459,8.34835
388.321,14.0892
2125.25,10.1529
2962.11,6.82435
371.139,1.06933
1174.16,8.04249
2867.34,1.17396
837.328,8.9792
19.9573,9.16937
2000.87,0.555309
4050.38,14.7563
18.5636,6.98227
1736.29,7.89141
2066.03,4.67637
3570.62,12.3144
852.127,5.89257
272.86,15.9937
542.05,7.49496
3416.02,7.14946
3168.43,10.9082
371.122,0.174761
1726.87,14.0664
965.857,0.803732
3839.33,1.99265
344.605,1.20211
46.1802,3.50999
684.211,5.86393
656.457,11.2496
3777.92,13.633
1996.85,2.18946
1015.01,12.4246
2917.54,4.58446
2716.57,5.78806
2507.61,9.99872
1728.75,12.5915
387.044,3.51724
1037.11,14.2796
470.75,3.10342
1103.49,2.02375
828.635,5.33369
3459.27,8.9911
2554.71,13.6367
1648.12,12.3871
1775.56,11.2261
3596.25,13.922
4132.14,13.9874
1810.41,7.17426
1728.75,2.89426
2883.95,0.0422661
258.61,14.4005
3592.67,12.9785
384.623,4.56544
4035.24,3.91148
395.579,14.0136
1219.15,14.3999
1249.99,9.21664
3649.24,9.70593
2126.67,6.55828
912.795,1.63344
3545.95,6.08377
1156.32,13.4986
2046.64,1.21672
2541.05,6.089
1714.24,11.7285
2028.31,3.73166
1208.75,14.7965
1339.07,8.18639
3313.48,15.347
2890.14,14.7127
542.717,14.1496
2661.25,3.92445
1638.14,14.3485
3933.63,9.96426
182.816,4.01602
2908.35,10.9161
3754.19,7.69071
4000.79,11.4659
2352.62,14.4568
1426.74,1.47214
2462.17,13.2053
265.053,3.2592
3741.4,0.827522
2561.92,11.7617
3385.04,1.6858
3709.45,6.60456
1120.66,12.9032
3033.58,4.45177
1754.27,4.58762
1806.19,13.678
1448.24,7.11992
3275.54,0.863431
1804.72,13.0177
137.017,7.06391
1362.96,15.6058
1174.68,1.35194
3466.67,1.91468
2717.51,1.97744
3044.69,14.0262
1407.3,1.73971
3551.39,13.6782
3160.38,11.6772
2755.74,9.65516
2972.13,11.2118
2863.09,14.1593
4176.37,9.58146
3180.71,0.318154
1476.33,1.92257
3660.94,6.27096
1834.21,13.0409
477.466,4.41375
691.248,14.9553
240.46,0.0388289
3554.7,2.86868
2711.12,6.68355
1757.17,5.24015
2589.08,11.1611
4129.13,5.13706
1003.87,9.99057
1044.26,11.8732
3404.92,9.2847
3233.42,5.56881
2566.23,8.75361
1964.42,0.96486
3227.54,5.6813
3407.96,6.31935
2786.48,13.2504
709.504,7.56554
379.314,0.244562
1887.41,3.95225
4050.5,4.0977
1054.82,15.3893
4163.18,12.6406
1364.09,0.197291
3463.14,2.61337
2477.92,4.41196
2635.87,4.69023
3978.82,1.55241
156.458,1.46042
142.585,8.85224
3740.94,12.615
1024.27,5.0349
940.787,10.1369
3866.15,4.96445
3359.96,15.9754
2986.36,3.52742
878.441,1.0689
1665.64,15.1287
337.477,13.3939
1250.82,13.5831
809.798,0.659163
544.443,13.9883
2662.39,3.65247
2393.55,3.02515
3310.12,11.1354
2094.05,3.02874
509.51,10.3707
76.237,9.77795
951.227,3.84855
537.94,0.619156
980.31,5.66964
1116.36,11.0045
3562.27,6.84836
256.914,0.508993
3058.21,1.28514
2634.79,8.86978
3248.25,9.13299
559.523,13.3255
1771.57,1.50259
3436.29,12.6077
3585.46,2.12254
825.6,9.37702
736.446,15.939
3138.89,11.4218
3930.95,13.82
2348.12,3.64085
2178.02,14.15
599.455,14.4628
121.827,15.6383
2625.57,7.58522
1187.76,9.09927
1672.68,5.30566
7.49897,12.0934
629.049,13.0604
3828.24,8.40026
2205.29,8.82543
943.319,15.0434
1598.93,5.91185
1952.84,2.26536
2022.48,9.23295
3860.68,9.63946
1680.16,6.51076
261.84,9.18865
864.862,12.9972
563.969,4.11816
3815.27,8.39285
2166.57,9.12123
3961.53,5.46418
463.446,2.33879
37.1509,11.3388
220.324,12.248
1768.54,14.6661
1305.03,2.36594
1076.32,10.2636
2224.12,8.46201
2350.23,10.3848
2713.6,9.36041
2656.13,0.344733
2932.94,8.53925
1990.48,13.1835
3561.32,4.1178
1633.31,11.4508
917.027,6.85951
3547.91,15.1194
289.473,7.10235
3978.15,3.75821
2973.99,3.76562
42.7667,13.6528
1092.98,6.76196
3107.6,8.00245
3544.26,5.14162
1254.99,5.42494
679.886,12.5487
258.353,13.7213
931.147,13.0488
139.623,3.91778
2262.21,8.52087
1772.99,7.81947
4179.33,4.50372
1813.78,2.93739
771.051,11.3801
3124.48,11.1778
2507.62,3.0474
991.171,13.8994
3839.93,12.8601
3717.55,4.65156
4062.79,9.98367
3107.2,12.1759
954.65,11.1737
1654.81,10.7436
2739.4,11.2156
3883.52,14.0309
1408.32,11.5738
3019.62,4.73218
1072.21,0.305804
1123.5,4.11944
4140.88,1.28393
2629.42,9.37592
1221.63,2.64171
2637.49,15.3633
1827.13,9.80927
2950.25,4.58893
2907.31,14.5565
2594.77,1.53176
2391.27,9.17655
2776.42,9.39215
768,5.4177
1168.11,15.1531
1884.46,12.4002
2433.56,10.2688
3174.28,11.2015
3656.91,10.176
615.583,0.550175
2624.01,12.4029
2470.87,9.12564
2679.49,13.4641
1245.37,13.8852
3893.86,10.1291
3549.39,6.46736
2842.29,5.83344
3747.37,0.800943
2287.34,0.498483
2712.05,8.23351
2724.88,6.14591
2476.26,5.62177
601.193,12.4565
1175.21,7.65459
192.278,9.42195
2584.68,4.9149
468.611,3.35783
1336.2,9.68272
44.5977,12.4849
592.539,0.518761
2216.67,4.77587
1194.2,3.70211
2523.24,0.980294
1664.67,9.82912
2195.57,6.15532
2922.93,2.71267
1175.63,3.64968
4072.5,0.183831
687.46,6.13719
3663.82,0.195265
966.983,8.24876
3633.65,2.9971
1719.91,3.31222
3646.29,2.13627
1901.65,5.74289
3567.76,0.563494
1362.36,3.31832
1052.97,12.9869
1168.37,6.35568
34.466,11.957
3351.28,14.4546
652.928,14.7496
2972.43,10.1721
827.979,7.84208
2616.43,3.44828
1626.14,5.77728
2277.27,14.7619
848.337,5.70031
1749.2,9.21469
398.102,1.98348
1781.02,10.4348
1549.21,10.3999
2204.97,1.5751
984.695,10.0754
3371.99,10.5979
2827.65,10.2351
89.6558,11.2726
2428.14,1.18168
506.998,7.28111
1796.19,5.33601
2688.47,10.6597
558.761,0.903829
3916,15.5314
600.304,13.0029
2501.58,14.2312
2455.49,12.6153
1315.02,9.40324
616.745,3.99718
2553.3,7.0516
1103.76,2.98637
1634.24,6.12305
3365.19,10.6074
3197.16,8.64872
3106.94,6.49638
3911.26,7.62407
626.107,0.00178699
2071.13,6.50588
3713.48,1.06628
697,3.03443
3854.55,1.31887
3141.58,14.508
320.737,3.16217
1231.34,9.20385
2322.41,12.2011
260.741,2.0528
2939.63,2.32628
3202.07,8.10165
1812.34,14.0712
2253.13,12.6325
1698.56,8.86561
456.87,11.636
1721.33,0.0335546
295.95,10.5681
698.546,6.87838
3663.6,2.05636
3272.77,13.7664
1784.12,12.2311
2965.87,13.1865
3027.95,5.02572
1580.81,8.41429
2977.39,15.8938
3278.45,0.646761
1354.14,8.98163
149.573,4.81975
2278.62,4.00953
2217.33,1.64597
2498.58,6.77053
1334.17,7.49334
1081.66,7.72052
2707.53,4.83115
3255.94,10.2369
240.242,8.31204
838.465,4.37833
4074.78,8.32061
1529.68,9.02164
1903.97,3.48616
1856.4,10.7279
2938.65,9.86525
1853.86,12.224
817.216,5.89399
814.584,7.4622
676.332,5.06415
3687.39,0.40643
1442.98,11.3806
877.753,11.4109
3491.39,10.2793
4119.47,1.92379
3207.63,5.88853
1926.43,3.15668
715.056,7.52246
1206.24,11.885
3795.98,14.3116
1480.14,1.06033
3623.37,11.8149
367.444,5.51132
1540.39,6.454
3122.02,4.82879
4007.52,9.16084
806.717,4.60852
1997.73,6.29642
1711.52,12.4776
1639.69,11.8273
2598.13,4.71363
3738.8,15.4953
3139.02,7.88337
1751.86,5.01225
2096.79,5.01628
2050.29,11.8822
3175.66,14.3843
520.238,3.22083
1606.72,0.461637
1301.02,12.9404
2678.2,8.38699
4139.95,0.276812
2020.16,14.3954
2749.29,10.4269
1346.51,11.1406
1823.63,3.46582
3933.19,11.6704
2077.5,15.1733
4094.83,9.50565
2780.06,15.8585
3393.76,2.81442
1069.04,12.4596
2849.04,15.172
908.14,9.35054
1973.96,13.1971
3043.35,12.7085
4120.05,1.03758
1087.98,8.33463
186.954,6.0577
2336.62,7.67148
320.036,8.2313
4094.76,8.39727
2367.41,9.48613
2381.1,4.52665
275.379,10.7906
785.697,4.568
2760.88,8.80456
3817.41,2.79312
25.8062,13.201
3176.8,6.09419
3701.63,12.1921
856.977,4.61778
3524.5,14.739
3466.31,5.57899
1862.73,12.1271
673.584,2.36648
3980.98,0.184212
3509.27,14.6095
442.64,5.38609
4131.73,15.5957
4156.53,10.8748
3227.45,8.95922
2294.99,5.39455
2110.49,14.3574
1039.85,2.82412
2125.25,5.48016
3921.79,11
2018.63,13.5633
954.328,6.57114
717.927,14.0873
634.116,14.1093
3068.02,12.1095
3825.54,1.33889
1780.7,6.83266
1614.64,13.0197
1763.72,2.6299
3708.08,4.99845
3286.51,10.9577
2605.29,0.939734
2123.85,0.856798
171.079,10.2875
3706.12,7.89059
357.005,7.92923
2431.6,11.1212
1126.51,1.51392
101.507,8.30566
3082.4,14.9404
3767.19,7.65953
1808.72,1.08211
1392.26,14.6777
2036.41,1.63489
2640.96,3.69486
2699.73,9.8388
462.547,5.72082
2175.5,4.02102
2959.04,3.37267
3874.82,12.9721
2078.29,2.61752
2492.12,1.03889
1023.37,2.44079
3339.2,9.11144
1242.04,10.5306
2739.72,3.32564
2224.8,15.0371
136.033,14.5898
549.544,11.6621
3200.88,13.2498
2645.48,6.08182
1674.88,5.94531
3590.4,6.41057
3381.4,9.82003
1086.95,13.1281
1359.48,8.12034
2095.46,13.8304
3477.38,10.1402
1418.26,12.0609
3571.98,11.0349
2631.08,1.32715
3603.29,10.6223
2242.24,8.51706
3976.93,2.53986
3744.35,0.820448
1556.61,15.0242
1870.95,14.5716
3743.79,9.04251
434.284,10.496
1898.89,7.63034
1144.22,6.36204
3843.22,2.03553
2229.59,9.96157
2869.87,9.20861
1124.36,5.73273
574.06,1.75056
2567.51,4.7042
1525.44,13.453
1741.97,7.88908
3348.26,0.364248
2979.19,7.14582
1406.92,7.00371
2070.65,13.344
1369.85,12.0465
1583.34,8.06098
2034.66,8.06549
449.311,2.32884
1546.27,0.111305
704.683,14.2164
1609.9,6.96026
307.322,4.16897
1538.06,1.52921
1026.57,1.62609
2303.64,13.5144
2139.53,8.96952
1359.25,11.712
2759.05,0.892827
3511.47,13.3958
3433.99,3.69935
797.154,5.31224
3072.53,11.9568
1989.28,7.44189
97.486,5.82284
3171.43,13.4375
1440.67,5.84383
3766.4,8.36765
2827.08,9.12522
2137.07,6.81106
2662.49,1.16004
1510.32,13.7301
2385.51,9.05489
1443.02,5.77154
3822.57,12.1236
2920.86,12.0768
3058.28,15.0567
1122.15,10.6457
1038.99,2.2834
1805.04,9.16696
2719.32,5.55677
198.932,0.00235184
3125.1,6.62796
750.752,14.5874
2164.62,0.838588
1669.5,6.56682
2701.27,0.545446
809.948,10.955
399.525,14.1266
975.21,5.5096
1499.67,3.68058
674.647,15.8313
3198.01,8.57517
3815.5,15.2262
1317.92,1.03923
707.027,13.986
3787.9,14.6198
3588.25,13.421
85.6789,13.5505
4047.91,10.0096
3293.4,12.8427
577.704,1.78333
2651.94,13.7475
1090.48,11.0356
2657.7,6.49663
232.966,2.81937
2181.44,2.63554
3052.27,2.15478
1667.22,8.07981
219.409,14.214
1366.04,11.7241
713.374,2.51253
3770.01,6.36877
1251.73,3.57863
1381.52,3.93928
2170.9,0.654511
16.8026,6.29371
3562.88,8.22636
2338.5,7.68795
3629.39,10.1704
2276.14,1.34428
3014.8,15.751
1943.83,15.8191
1556.11,11.9542
988.985,10.5116
2356.06,13.8661
2255.4,0.657544
405.073,12.503
1006.27,5.64488
3737.49,13.5993
1868.67,14.5168
1939.95,0.320238
2401.64,3.23125
1253.02,11.3141
1940.02,15.0551
84.2245,5.90556
3907.94,15.6382
2816.01,2.60057
2894.52,4.75942
300.032,13.3354
3438.19,7.86895
3975.76,4.28674
1111.63,10.12
513.097,11.4027
1051.57,1.91397
1792.41,9.40553
3919.47,4.25482
1047.56,3.20478
1155.73,4.38743
2866.43,15.7429
546.071,9.29454
884.976,8.33411
3701.16,8.29834
2393.7,10.1596
385.041,11.0183
2331.02,15.7056
2430.98,2.64463
3817.83,13.4911
2936.05,4.75075
165.058,8.23868
1491.25,3.55292
607.628,0.683176
2316.06,3.80601
1655.65,13.0214
1162.94,1.08665
1308.9,11.4673
2975.26,6.12586
2293.42,4.25105
2184.92,6.67506
253.019,15.2416
2018.96,1.09375
2189.99,0.13883
1710.75,8.38776
3257.05,2.47562
2635.29,4.90695
806.158,4.48256
135.018,7.67438
3635.98,6.48199
2057.6,11.9863
2314.12,9.04638
3302.01,13.3308
3064.35,13.1764
3024.14,13.9001
924.259,15.8542
1405.14,5.19672
228.75,5.72925
702.877,0.948663
375.142,4.98684
116.981,14.0434
472.653,6.40102
3652.94,8.51798
1054.17,0.65025
4149.02,6.12869
4019.61,9.85627
2.76634,15.3621
4028.27,13.4057
501.769,1.71476
1838.87,0.196897
4177.67,5.49086
2913.02,12.077
2585.29,6.26197
985.713,12.6577
3775.65,10.445
2525.69,13.6118
3952.82,8.70603
905.949,13.1169
1500.7,14.9852
3682.35,12.9004
2642.56,12.2522
1788.74,12.3639
3505.24,13.8349
1456.47,9.2139
3692.28,4.1804
3317.02,11.0654
1273.56,14.0436
378.434,5.36047
898.597,8.46339
1800.6,10.276
1521.96,6.5524
3823.61,12.1695
2309.87,14.8803
125.022,4.15978
1974.96,2.05518
1015.32,9.58112
2712.21,10.5634
1232.18,11.9067
2219.86,14.0007
1615.58,4.00773
1895.56,4.57324
4034.74,15.0187
147.075,15.3448
854.444,15.1936
3811.48,10.2565
1586.91,11.5074
1551.76,10.452
531.141,2.06798
1489.48,7.01459
583.272,5.02944
2669.49,13.7261
635.75,14.8409
1825.57,8.13264
2905.26,14.9018
726.93,14.6151
2214.71,1.36985
3918.92,13.5852
4091.61,1.84433
3796.01,8.18509
3682.27,6.38093
643.951,10.382
644.89,4.35444
4072.25,13.6748
22.4664,5.74359
441.363,10.6619
485.452,9.39126
3581.76,7.0865
3070.51,11.6128
567.286,3.57899
1576.41,11.6657
903.918,10.5079
205.013,13.5116
4069.17,8.90714
4163.29,4.60359
3946.14,5.92854
3116.76,4.40226
1249.72,3.43539
343.341,8.38311
354.292,12.1623
2568.47,2.8794
697.639,1.35906
3894.59,14.651
289.569,2.93394
2872.69,10.9856
3955.28,4.84598
4099.63,0.613137
3062.73,10.8585
1265.45,9.40511
3677.17,13.8314
324.276,11.7357
3915.74,14.754
1142.27,5.95297
987.798,0.551344
597.838,10.376
641.6,2.27817
1588.28,14.538
3402.25,15.2449
1948.37,9.43656
284.302,7.39237
1982.91,4.71004
3761.05,4.08779
4093.78,3.7855
2188.89,0.802922
1180.93,11.733
728.728,15.4501
1994.66,8.21823
3715.57,10.7862
770.31,13.4045
3618.91,10.7683
1067.91,9.83591
2779.32,9.50136
2842.54,2.0477
794.262,9.7919
3372.37,11.6425
1718.22,5.46853
2286.97,13.8407
2044.67,12.6428
3787.44,0.659894
4046.76,5.93206
587.843,15.9162
3936.89,1.85874
3596.93,3.50374
1801.07,12.1221
3009.9,2.58078
1169.89,3.26231
3369.82,2.4368
51.4822,12.9104
2948.83,10.4827
1685.11,15.4998
1796.4,9.71348
2270.54,8.57754
2516.35,0.856684
541.31,7.78438
1336.23,0.594718
3488.98,9.62338
1580.74,5.19858
4065.37,10.3349
1753.47,1.72675
2299.54,13.4012
1345.64,4.43805
2049.62,13.5224
3427.01,1.84612
2692.66,5.32212
920.981,13.1069
4027.77,9.3068
3252.08,13.1657
212.968,7.40863
125.14,6.05768
1714.83,10.3015
3632.1,5.8149
2590.79,15.5082
1378.55,4.6007
859.173,15.0632
3285.2,11.4446
2161.06,0.596706
675.909,0.361283
1892.58,0.9232
1637.4,8.07291
3191.88,0.931023
3179.58,6.5633
2726.45,14.9354
1567.61,9.41634
149.869,3.80647
4110.21,4.13627
3350.54,7.83384
3204.66,3.80884
30.9954,14.0849
2093.78,5.03715
427.967,6.5297
1750.17,8.78714
135.149,0.343321
4028.97,10.847
1565.74,0.46708
1886.46,9.4317
3289.24,7.72499
1036.31,2.4981
1758.48,2.4966
1789.35,6.525
1819.98,12.0461
429.921,2.54229
2754.16,12.1271
134.838,2.39037
507.427,5.31501
2678.66,12.7088
3830.08,5.94676
243.057,0.360491
4113.11,3.95939
3997.87,5.44324
463.625,8.62235
1095.51,9.51259
509.365,13.7272
1485.83,14.903
3443.98,14.2234
2823.98,5.61131
864.695,14.869
1350.39,5.41417
4023.89,9.234
326.458,15.1966
84.1146,7.52876
748.98,2.6048
60.3119,11.527
2756.4,3.53895
3280.55,3.25449
1965.24,4.48155
2357.06,1.19748
2443.81,9.80722
2026.72,10.6026
3062.38,1.61178
254.176,8.9714
3046.55,1.92762
611.877,1.75491
3701.85,2.10054
621.079,10.0143
1161.41,12.8914
3654.12,11.4784
1896.61,6.30063
1634.63,9.92652
2069.48,13.6838
682.283,0.564869
659.96,3.73052
241.927,15.2222
1964.73,10.8572
3589.34,3.99701
3136.12,13.129
3683.18,13.7014
3455.26,2.42685
11.6492,10.314
929.765,14.2015
3308.76,10.6846
411.688,15.6069
1783.57,7.55257
243.752,14.6728
4123,7.83716
3536.63,2.23771
4044.95,11.4363
4121.4,3.37934
3141.59,6.96256
2714.58,13.069
3300.43,7.49534
3173.62,10.0528
2112.31,5.15771
429.506,4.65664
868.036,9.19755
1352.87,5.38376
3110.76,13.4393
70.923,12.2867
3399.03,3.04686
2983.72,4.59972
2992.94,3.52023
2015.75,6.33933
794.253,0.820495
2193.56,2.15124
3353.72,3.55796
4057.72,9.44657
637.872,6.19478
535.142,5.1176
1503.68,2.10809
3192.49,12.7897
3479.19,0.917124
3518.85,7.37488
1775.7,5.6137
4106.56,1.93162
1625.32,1.88583
3399.58,7.99491
585.753,11.4778
1260.63,13.4928
212.578,9.05287
375.999,0.988066
3203.15,8.67063
309.61,13.5843
1604.14,9.53613
1904.88,12.6116
1025.15,1.68707
3148.16,14.6736
37.325,4.4053
737.308,4.34912
1612.94,3.27172
2747.32,4.14511
983.839,7.18212
874.764,7.88372
2209.86,12.5683
3574.92,9.11131
1478.48,7.507
3845.9,9.8789
1602.35,11.143
3228.31,14.1807
2801.59,6.36131
124.176,6.67492
3020.37,8.38795
2541.53,0.827027
2057.25,0.860472
1694.64,12.0204
2766.66,0.75784
4083.74,13.6933
1362.51,4.64547
93.8079,9.1858
2659.4,5.58153
1463.88,4.561
3763.58,0.986927
4009.28,2.89608
3732.82,14.0261
2380.06,5.98541
2831.66,13.265
3200.36,3.24052
3857.31,7.75008
1007.38,1.70374
1471.14,1.83173
832.427,2.90568
2924.68,8.0978
54.1678,10.5077
1864.37,9.77499
454.223,4.35856
3980.17,2.31455
2464.21,7.50848
2153.42,8.08185
3068.41,6.7456
3576.11,9.1647
3713.49,2.36226
1.81367,3.20002
1738.36,8.283
2527.21,0.190873
1096.11,5.94307
1212.35,11.8812
3544.94,2.18164
1809.86,14.951
3644,5.0051
2495.2,14.8397
1307.16,9.77935
1852.78,9.90111
3252.94,7.19887
1551.27,2.57896
3387.1,9.97022
3612.94,5.29626
4022.36,2.00754
4094.12,14.8945
2637.63,6.96112
1276.8,9.61263
1481.74,4.86992
554.034,14.3345
861.809,3.17401
1562.32,6.11579
3869.3,1.39286
3758.76,7.89682
755.865,3.13429
1315.71,12.8845
3251.81,11.9878
2040.44,9.45266
2926.61,4.47903
3429.12,10.2773
1807.7,10.4051
1527.19,8.12547
2087.99,14.9576
4.95331,14.3954
3539.75,13.2476
1147.67,9.18783
550.071,2.35498
2495.53,12.2967
1465.46,9.15955
1242.28,6.7188
2593.43,1.87651
576.608,15.508
2508.61,3.89146
1137.88,3.39054
1127.12,8.87816
2548.9,15.1701
2105.98,13.5821
2534.05,11.4457
651.808,5.20483
1029.29,1.84796
1247.98,2.79147
2526.38,11.5298
433.613,14.204
4051.31,5.37449
3402.94,2.77401
358.254,12.3607
2348.76,11.5724
931.894,0.594351
1678.09,5.27939
1226.58,11.8089
604.261,1.79295
938.008,1.70029
3333.81,5.38671
2699.42,4.43581
740.448,3.80088
2741.22,13.6575
866.105,2.32042
599.988,1.05786
2999.34,11.4594
2806.25,8.14572
376.458,3.39774
2937.5,2.45731
3326.2,15.9756
861.734,2.22935
198.098,7.00907
4057.38,10.8454
1303.45,5.35561
891.131,7.3694
3573.49,11.866
3645.79,3.06269
4064.67,3.73695
1618.84,1.34404
282.026,8.30008
3732.25,0.00292159
3825.05,13.9466
2160.58,13.6284
820.079,3.74502
3179.95,8.04906
3025.34,5.7134
2243.35,14.5885
2416.15,10.1206
322.221,13.1331
119.766,5.14223
1835.37,8.00644
1461.61,3.11941
3958.55,10.4249
2332.54,0.119272
1386.65,13.9073
3733.41,4.68282
2049.82,14.7008
506.744,15.4044
870.417,6.22331
3979.96,7.05522
3621.86,15.9836
3386.15,1.93625
424.044,4.97885
2455.01,0.912487
351.748,3.38876
3038.99,9.66138
3868.53,15.6159
2822.03,11.6117
1289.1,2.01831
2813.58,11.3539
1537.93,10.109
739.672,0.796617
1516.99,1.96557
3969.18,6.70633
2326.39,15.6725
3514.91,8.716
677.694,11.1056
3444.99,13.5914
3443.61,0.884131
662.717,7.84295
953.193,3.38437
2779.62,10.678
1257.86,4.2862
193.61,15.5002
856.093,11.6781
4013.87,6.46399
3385.64,5.08397
3076.55,0.311837
2082.63,12.0371
3102.05,11.6661
2576.9,0.684937
718.898,0.110118
1439.3,11.6662
3856.74,11.3751
920.432,10.7315
3161.54,13.5199
2514.77,5.80319
1109.73,4.45992
1071.85,6.64652
109.991,1.54308
1976.8,2.05964
1851.84,15.2594
4084.57,11.7426
3092.13,1.83224
1078.13,2.53389
2264.01,4.36994
1867.42,14.3789
2916.73,6.15404
2041.72,11.5816
851.596,15.2654
3957.6,8.50052
624.404,8.4701
3355.77,1.33053
3362.53,9.70369
111.52,6.7232
2735.28,14.1716
1564.99,4.42008
3581.49,8.64313
1497.05,6.32073
342.121,7.77907
3126.27,8.47813
799.138,4.80798
3935.08,15.1333
4003.73,6.21401
1371.08,14.5727
104.888,2.1909
1248.62,6.60081
63.3171,10.9286
2956.12,11.3889
3886.22,13.5071
1917.96,5.58736
1472.59,6.73202
496.36,1.41217
2216.89,7.94762
1629.96,15.7905
956.877,15.838
4126.51,11.5638
2680.19,15.7082
1405.63,4.17165
4000.97,13.1602
4163.8,7.58217
59.714,4.97939
724.408,6.69066
3917.3,2.26883
4044.31,0.132867
3165.84,10.4415
3937.11,11.8566
3708.77,10.8859
2755.54,12.7534
216.851,3.37982
1021.83,3.23392
2513.87,14.1288
1225.62,11.9641
1472.72,4.14788
3094.97,7.69969
2134.99,1.1525
3220.2,6.51373
3600.35,5.97763
3638.37,7.05032
3294.38,10.5257
3889.45,7.77604
2678.05,2.62381
2099.28,0.307353
2740.83,6.04429
1215.21,5.35914
1544.92,1.81084
2277.37,3.3824
3581.27,12.452
692.234,14.0675
4151.23,15.3704
422.895,9.39251
952.624,11.8678
2559.29,2.06087
2200.13,14.0146
2422.52,2.28225
1227.15,9.45346
995.608,9.08
2058.83,3.98004
3727.3,4.13861
2278.19,11.9842
2376.73,12.2439
2532.45,6.47667
1374.97,8.97277
2790.09,4.4825
2418.28,15.8011
2122,9.13672
2302.86,1.17844
375.904,12.3675
906.505,2.15678
2063.13,11.0111
1131.26,7.4937
2032.29,6.876
2801.09,9.7359
3787.11,12.6031
235.226,10.9985
3829.56,1.32683
3732.27,6.82994
1260.93,9.92784
3195.7,11.8886
3205.87,7.29607
2370.56,8.34214
1438.82,0.407464
1479.3,7.49836
3076.66,4.74867
2145.67,3.96499
2146.33,8.79773
1779.45,0.345775
479.735,13.3656
1421.5,13.7315
1690.4,5.84798
1253.51,9.8029
2724.36,12.106
3873.9,2.37237
2625.44,10.7167
3738.96,10.9619
1924.66,9.41281
3652.96,6.23994
1659.15,5.70835
2455.85,7.34319
2707.74,10.2144
1230.27,7.08236
1829.24,6.82278
911.316,13.5278
3619.11,2.04857
3497.43,3.03168
2863.35,7.81686
887.836,7.86133
702.368,10.6619
713.193,5.53852
2142.77,12.0518
810.69,7.19593
2524.05,6.10719
2509.65,1.2481
3103.58,7.41258
1891.2,1.58114
3275.84,13.881
2932.91,6.526
3006.08,14.9866
1764.58,2.02228
673.065,11.9779
4164.31,3.83553
2774.29,10.4259
4131.34,0.535454
2708.54,0.391417
2474.31,6.6249
3358.14,3.2894
2405.76,12.2957
572.563,10.7094
376.87,7.02823
3657.72,11.6901
1474.7,4.82808
1822.54,11.4487
4049.1,0.0321718
1264.96,0.345355
3642.91,13.6371
3872.44,2.1992
900.235,1.73541
2947.32,11.631
519.773,1.93274
3655.45,3.07852
3866.92,11.4233
2743.87,15.1587
3763.16,3.55627
1283.47,11.7953
3319.02,11.5001
3302.3,7.93565
225.17,15.0694
404.732,10.6507
882.192,3.2357
1533.64,13.5333
4081.42,15.888
2092.55,0.156366
3138.04,2.21227
215.255,3.58804
2775.57,11.4937
3030.01,5.46984
2501.44,7.59633
3200.21,4.47332
1064.88,13.2246
4159.24,6.94635
3517.98,8.53946
2086.76,0.133252
1236.31,13.4304
3767.7,0.381396
818.314,7.93752
1765.01,9.21502
2886.63,11.9234
2328.3,6.77537
2473.79,0.432788
2356.68,6.97907
3488.87,2.24471
364.682,4.96048
578.858,7.68455
103.416,11.6127
418.066,2.91434
3875.33,12.0958
850.965,12.8478
3892.68,9.05059
3093.14,15.6672
3336.66,7.78479
2761.55,7.92514
2837.64,10.3788
1040.76,12.3748
2147.93,1.33061
162.123,7.76696
3180.53,5.1045
2285.36,4.97609
3463.43,7.92135
2298.47,2.86428
3349.77,5.72914
267.133,11.2462
2266.38,7.8012
3127.69,6.28038
1577.09,15.6962
2857.44,13.0615
2773.13,6.10372
689.935,0.799963
3534.46,9.72378
1374.91,13.2162
1672.24,12.8378
1774.53,8.55438
1503.35,10.3979
3197.33,11.5039
325.78,13.1438
845.36,13.7119
3341.32,11.2554
3967.35,6.47503
1686.96,0.0398855
3910.48,4.53115
2460.81,15.9491
742.724,6.66312
2901.21,8.27479
1853.36,10.7367
2985.68,15.2719
985.525,15.8789
996.852,7.5107
2651.9,14.9512
1435.52,3.72097
1365.47,15.1332
2337.86,9.0213
1275.69,8.16897
1804.13,6.75675
2291.23,1.14998
3558.13,12.8038
51.1478,10.7154
2553.27,4.22704
1185.37,3.08527
652.633,12.8157
4123.66,7.4009
3804.49,14.531
885.92,15.2992
1650.86,15.5099
892.597,15.0124
1451.87,11.974
1258.72,8.45428
1494.49,4.90554
2121.28,4.06176
371.18,10.3517
3515.12,12.8359
369.214,1.03741
779.75,2.10537
854.362,8.66829
1777.68,7.61722
1250.66,6.97402
2243.19,13.8941
2969.03,7.30952
755.059,10.3394
86.4662,15.4118
3293.3,4.86885
774.639,0.668154
3711.43,15.8679
493.931,8.61942
1487.42,6.87632
783.201,8.28131
2547.31,15.8391
1370.79,7.80744
4014.28,2.32948
921.962,7.13049
2607.93,8.86925
2267.58,9.74666
1212.98,13.0902
2796.57,12.0343
4079.1,15.1241
294.297,2.1485
56.7034,1.08093
3259.3,2.35209
963.37,2.05535
661.524,12.7583
1496.96,10.165
1851.9,3.19255
2452.28,10.9284
1066.89,10.1788
3712.95,12.9215
422.105,15.2341
2372.82,14.7165
2805.92,9.36854
1637.2,1.62841
3688.96,13.6772
2797.57,4.08862
3942.42,10.5765
3666.57,3.40424
1336.09,3.52763
2603.31,10.3855
1912.57,11.6462
2253.64,5.51974
3825.42,10.9545
531.807,13.0716
2125.86,5.14205
2024.26,0.746923
2301.61,15.9529
2405.35,3.32365
892.122,10.3132
416.705,5.01511
3341.29,14.2311
2739.2,10.4314
1333.1,7.87211
1688.06,12.4504
3106.94,15.5793
2857.48,3.66446
2443.99,10.9119
1015.08,14.6098
633.477,13.3147
2891.71,6.91683
1183.68,4.65794
2678.06,12.343
2721.28,12.4063
3129.58,9.54562
4064.09,4.36978
792.455,15.9832
2028.87,1.96382
3611.01,4.75584
4116.87,11.8265
2580.85,15.1854
789.263,15.1152
412.687,6.10623
1854.48,14.014
803.937,7.29289
2344.41,13.901
1380.4,8.23058
1365.46,7.73148
1434.06,1.36237
1657.38,1.43099
2228,0.761813
3523.23,7.08878
3764.7,6.77172
1466.8,10.1707
979.039,10.109
3866.47,3.70899
1377.12,8.53391
4138.39,9.12117
2640.75,1.41133
1051,13.0322
3851.82,14.3655
785.95,0.202004
1424.41,12.4196
3557.25,10.3129
1430.55,13.047
199.359,12.9455
839.789,11.2471
2428.56,2.05178
763.522,14.8893
782.172,5.89445
2157.95,14.5837
2040.15,2.44041
1480.41,8.72123
3520.19,0.979728
2216.4,11.9851
1727.74,14.4577
997.042,2.60109
1511.22,1.87821
1628.67,7.46533
2970.85,13.8965
3720.87,8.87288
3163.95,14.977
2002.38,6.98481
1744.39,2.80074
1336.97,5.9242
2213.21,1.74132
4151.88,5.82144
3313.29,12.8577
102.116,14.9795
1989.04,0.727026
1824.67,11.6287
1755.63,9.04118
627.397,14.33
874.326,11.8501
3345.07,10.8435
1314.02,9.18777
334.522,13.1835
1486.26,1.75782
3684.87,1.29974
1604.89,10.2785
49.862,2.06605
1560.69,12.9232
1953.72,14.7417
2188.61,1.21702
2202.37,13.2513
2992.13,8.93409
3574.63,7.99289
2295.25,4.41601
3883.63,15.6459
1050.13,0.00450423
3012.43,11.1975
1129.62,11.3564
1648.32,2.10456
4101.48,0.602404
1830.27,4.38142
3268.71,15.2479
1977.04,9.42235
2990.36,10.8092
2999.62,9.07337
694.82,15.5639
3911.03,10.7547
788.517,14.258
3290.37,0.440031
3150.18,14.7903
3370.84,5.99734
1613.78,6.15733
3909.48,7.81141
2643.89,10.1564
1644.24,9.28164
2001.89,5.85889
3436.37,13.047
3471.32,12.5305
2321.75,0.824708
246.453,11.1505
1218.4,1.32362
2101.21,3.95769
1612.07,11.1115
3113.23,4.82192
177.802,6.42516
843.588,14.5387
1700.91,12.6685
2358.58,0.118785
2746.37,1.83408
2089.02,14.2941
3412.28,3.08265
1172.66,0.0150245
4017.03,10.4802
537.357,8.39289
3080.78,6.65431
2658.07,15.2827
612.64,14.3767
4042.63,13.2588
484.679,15.2376
1143.13,9.54824
1386.89,7.87721
278.385,15.8463
4057.8,14.0158
4114.75,7.38799
1982.05,7.36648
1069.27,6.04904
662.433,2.92706
3829.12,10.0621
4006.51,10.363
1256.41,11.2266
102.511,0.613117
2049.01,5.90204
3316.37,2.39309
770.176,7.60297
2755.62,15.1729
1618.19,10.506
3982.89,3.93606
2562.73,15.6563
1871.26,10.7109
3904.92,13.8117
1353.69,1.46693
461.792,15.6948
624.703,14.3377
1748.9,13.08
3995.65,14.7554
37.9185,15.2364
764.993,6.46646
3155.36,5.88006
2267.61,11.0096
2555.91,4.52079
2492.13,13.5183
2370.4,5.05468
65.1811,4.89399
2006.23,1.65723
1849.5,8.39075
2246.38,8.22648
2544.51,4.51667
1552.34,6.10511
2459.01,6.68359
2689.24,3.67904
257.598,2.64456
3581.19,14.8971
3522.19,4.0232
3784.94,11.2654
2264.22,10.5456
638.218,9.87445
2103.15,13.6914
2317.88,4.00123
55.2164,14.4255
2051.5,13.9532
2902.75,2.32801
2652.95,7.33807
3862.06,1.14986
2091.81,12.5518
1233.29,13.5136
2627.07,1.31282
299.178,4.13493
3302.06,10.0856
1841.46,12.4034
2427.43,15.3543
3028.05,8.52107
3756.36,8.68291
883.523,7.0807
791.79,15.2282
1621.28,6.78536
578.444,1.36386
539.216,13.4305
1717.53,2.28821
1835.31,5.88463
2855.05,12.891
1385.29,5.60122
3536.79,7.40477
2491.05,6.25893
2018.64,9.21456
3266.09,3.72728
1323.64,15.6813
3575.61,1.73829
3483.43,13.2004
501.114,3.33662
894.077,12.7146
1614.83,7.11977
3907.71,5.5829
4121.65,0.612861
1597.04,8.34875
1875.37,5.41177
2282.77,5.03176
689.539,0.203277
3287.99,8.86929
917.344,15.978
836.183,14.4803
87.9063,10.8609
1512.11,6.66103
1215.13,3.87232
317.506,15.8602
4141.18,2.09025
1635.05,2.22955
181.242,13.2198
4020.53,7.16456
3774.91,5.51867
3902.53,8.8242
3811.41,7.23402
1961.22,6.74335
12.5248,10.2316
3080.69,7.998
1574.18,9.66838
3592.03,10.5433
3259.19,14.9711
2649.93,3.91647
3645.11,6.57336
2566.03,14.1917
2676.19,15.3194
3836.31,3.16352
4127.64,13.4921
117.333,12.6707
4154.59,14.8087
758.88,0.705358
1149.2,12.0761
3698.14,10.2384
3170.37,14.7707
2850.07,9.65498
1343.77,11.8692
4190.29,7.14039
230.738,6.62541
3555.84,1.61111
999.479,1.40669
966.772,4.12937
603.086,15.2021
3586.06,9.16117
1862.97,4.67197
3065.51,2.05233
61.8116,1.06249
3448.01,1.86208
3927.47,0.634545
3161.3,3.13517
2331.16,10.4503
638.304,7.63656
2208.14,11.0194
3537.74,7.98689
2570.2,6.29646
3946.73,12.5466
2255.65,8.05621
4090.71,12.5401
3556.34,3.2629
997.868,5.27557
813.776,3.94065
1424.51,10.6237
2734.78,5.55409
3577.79,9.11324
306.672,5.71209
952.935,7.44585
1398.11,15.8993
2486.38,9.37948
3131.54,0.0721983
2482.78,1.546
4022.26,12.4356
783.136,2.83792
4166.98,4.25045
2468.62,7.82418
2116.52,12.6011
1020.93,0.261349
2046.67,11.0693
3641.19,12.9331
2297.83,12.4172
1619.72,7.91482
754.129,14.6703
3228.21,13.0303
4040.24,5.80392
3164.39,13.0892
1300.41,4.86022
2987.38,4.20542
805.071,12.8972
1822.14,1.89496
2860.83,8.86653
3630.98,10.1371
2273.56,9.71252
764.752,14.5165
4018.65,2.49762
1946.14,10.2673
4050.33,9.59211
3442.46,3.37695
211.726,5.63369
3343.65,6.44553
1028.81,5.69009
2436.74,2.5276
1261.94,4.01782
1676.81,11.9677
523.656,2.93605
3772.88,9.0641
3677.3,15.8119
3279.83,15.333
980.714,10.8095
2045.53,6.62424
3368.79,7.54108
2552.14,13.5612
3241.57,4.29812
4160,12.5882
913.781,11.2508
484.192,11.0345
4017.67,1.88586
1752.57,4.30316
3923.83,8.95991
3033.91,12.7164
3913.95,4.9107
3903,2.22579
3599.25,1.39966
901.492,8.46139
875.67,1.62716
2631.22,14.4231
3823.99,0.732139
1763.28,3.59194
3759.48,9.69659
323.204,5.77402
3307.91,10.3641
2123.21,7.97053
3051.28,12.8433
8.21714,5.37065
3216.05,9.20305
3143.46,13.3077
3449.68,15.2918
389.078,4.3572
3593.02,5.53912
3724.23,2.35058
4133.99,2.2152
3219.95,6.24035
1024.11,6.13676
2421.12,13.1204
2649.26,9.18541
1725.21,11.191
2513.24,9.96501
3321.94,15.8173
2482.71,7.6078
3074.44,8.04346
297.012,8.08734
2096.58,1.4882
1577.15,0.725895
645.034,14.8951
2920.82,14.2755
1047,1.3842
3571.37,0.474499
811.273,7.90635
353.934,0.124281
3953.39,5.05729
1412.15,13.4483
2484,9.67891
3989.37,7.85987
1786.39,2.53412
1014.39,15.7275
3095.34,11.6419
2497.47,9.35684
1788.11,5.95111
3960.17,9.0054
96.6863,4.06436
558.196,12.8987
1081.67,3.64814
649.81,14.4853
3282.2,7.37512
2440.12,0.246166
1295.86,8.01047
1173.33,4.98137
1243.26,15.1801
973.149,15.9124
732.653,4.99633
3246.84,4.90434
4144.3,9.81081
3983.68,11.3076
2432.95,8.7936
3005.64,7.63665
1992.85,7.89793
1830.51,1.60706
2346.69,1.55737
3446.02,12.9686
173.178,1.8321
1681.28,4.96509
3465.38,15.2146
1294.05,3.1178
785.444,1.0613
3437.26,1.33874
3966.83,4.7207
4146.63,11.5267
1725.15,1.59714
3769.76,15.9234
2450.86,3.83729
4051.11,7.66309
3773.66,15.8136
3419.98,1.16529
1289.91,2.74433
2975.88,0.875592
1472.01,14.5513
2074.86,15.3374
1968.24,2.43539
2529.25,10.8936
4067.42,1.10364
649.255,0.899286
2142.74,13.8695
221.875,0.102622
3006.72,8.97261
2608.01,2.24516
2846.42,11.1842
153.049,6.01021
3550.9,12.7245
2315.96,0.166307
3053.32,7.86235
2244.43,6.95059
3999.96,7.08323
1897.71,15.0022
1716.92,4.97129
3635.95,4.71258
2309.31,11.0358
3090.86,6.43226
655.23,6.80217
2373.05,7.17725
1578.99,6.99811
2987.61,10.5818
2196.63,12.8958
0.244306,15.9427
1521.09,13.6836
104.345,3.81649
3830.79,8.797
3545.72,11.2133
2802.13,8.07303
2458.65,14.6763
3321.48,0.676501
1505.72,3.97513
4030.49,3.15918
3736.25,14.9759
550.978,15.2968
2543.41,14.3256
2634.91,10.6252
3706.18,9.94127
2109.07,6.712
3435.02,6.55715
327.632,6.23903
762.19,9.8064
1571.03,11.1844
1947.52,10.3788
1609.45,14.9571
1949,3.80209
91.5497,13.809
520.841,14.0336
3744.52,15.9381
1657.73,12.1008
35.0707,15.1603
4007.91,13.0662
3661.01,1.80218
2198.91,9.22247
1086.53,9.57494
3608.45,13.5181
93.6966,10.3863
3743.7,1.46927
3326.36,7.98386
756.725,13.9514
1707.31,14.5304
2724.76,6.59965
2662.61,7.45054
1935.54,8.50932
282.226,10.2077
3346.73,11.0817
1188.88,15.7019
710.13,10.6154
219.421,13.4978
1005.15,12.8916
3810.65,3.11221
3758.07,15.973
3342.47,15.1944
1888.13,15.397
780.071,7.96417
3128.09,3.27996
27.1639,10.3032
895.153,14.7355
1082.73,15.1204
157.326,4.15053
895.126,1.55824
2875.35,8.76444
392.653,0.963212
1554.71,0.10762
1976.5,5.67591
2564.42,3.49421
3032.53,10.9056
1881.42,2.53272
3624.94,15.3056
3388.85,9.6664
595.189,5.37846
3723.36,5.12386
3507.71,9.63445
100.745,15.8307
1316.44,4.27558
700.238,13.8026
3040.9,15.1368
270.376,0.984623
4122.55,2.89282
1097.32,6.55316
4069.45,0.0402988
3501.74,6.03715
3939.34,15.3818
400.324,0.14238
442.128,9.53399
2317.76,9.77674
1112.85,4.3176
2533.49,0.56914
624.917,9.75337
3550.92,4.01315
985.83,1.21363
830.248,4.65124
1190.49,14.0429
2683.57,8.34094
3517.25,3.63539
1701.28,12.0031
2967.96,10.6595
813.192,0.141166
2302.42,13.105
2082.93,14.5014
3727.48,11.1749
767.104,1.52685
2434.26,0.939282
2571.79,9.52658
635.986,1.66628
2482.15,2.89905
3967.47,10.7035
3896.53,11.6224
21.6103,7.05246
562.547,13.3653
3498.73,4.5604
1797.87,12.2675
619.803,13.535
527.189,10.8631
1695.38,3.02057
190.4,13.6863
3060.39,8.19712
1130.77,14.585
3336.95,5.26117
373.249,2.29335
1760.66,11.9888
1508.96,4.11855
2247.33,5.31406
539.768,8.89463
3914.4,14.3617
3792.94,7.68314
2818.05,5.22876
1280.33,5.03188
2288.61,1.78666
1939.23,9.41429
504.486,1.52819
2423.39,2.18324
1643.6,11.5897
2177.94,15.5785
3021.38,9.51268
4069.71,7.67992
2782.63,10.8688
2654.74,3.40969
1546.84,11.971
3906.73,8.88067
3477.29,6.31779
1050.67,15.9365
160.781,3.0475
2714.9,0.261889
2378.95,10.736
2268.61,11.1405
164.14,9.98106
3310.04,3.04444
1390.91,5.11546
2514.85,7.19565
2619.94,3.52248
3305.5,7.50238
3028.51,12.2792
2399.01,5.64518
2935.83,12.582
2786.38,9.8892
1687.38,9.79019
1389.11,1.03179
2060.01,3.57914
962.264,8.26765
3290.11,13.9218
4005.29,12.1182
424.976,4.39458
2181.15,4.12596
1530.79,14.1908
2554.95,0.991948
3535.47,13.8572
4025.85,6.71904
3343.72,12.8675
2947.06,15.7165
2511.88,8.1982
1944.69,11.2536
2453.61,6.37005
1995.91,2.36789
4083.86,8.22893
3040.52,2.43456
1971.56,10.9653
2434.67,5.75602
1093.89,11.2079
1013.75,14.5467
1408.8,9.39296
2375.18,12.8693
2989.76,3.57243
1683.27,11.877
837.72,7.55545
525.432,11.3578
3911.19,4.84297
4079.14,4.61161
158.641,5.24714
722.957,3.0107
87.9409,3.81287
1234.5,7.11196
3068.75,4.455
525.4,9.32777
1604.46,4.73559
3684.36,6.29648
1849.79,14.7181
3482.58,8.91121
2790.88,13.8334
2624.97,11.3503
729.77,8.62655
3778.16,7.52894
2414.61,13.8754
3331.27,12.9923
1062.74,10.196
3611.64,0.239632
2843.04,8.21732
3738,2.64796
2910.6,3.64566
3153.12,9.99809
1223.85,6.41339
894.496,10.8707
3811.3,13.9957
1704.68,0.000355535
76.674,7.73893
927.584,10.1445
1700.07,13.7529
2761.46,13.7768
2847.5,10.5973
1821.8,0.699973
2815.29,1.30904
924.503,1.14291
3927.55,12.1824
952.646,9.28493
339.587,7.53788
3459.41,4.79093
1097.04,2.05696
359.491,1.19831
1062.46,1.37819
4159.91,5.96912
3082.87,10.8193
3563.42,11.1024
2469.53,10.8979
1160.14,9.15514
1217.02,3.82754
3964.35,6.95612
3255.03,2.78653
398.618,1.07593
2237.21,0.650215
3325.04,8.22262
642.033,1.22004
945.076,15.0054
1818.94,4.33957
456.166,15.214
378.572,3.61359
2487.94,13.1603
808.626,9.99442
2930.11,10.5441
449.236,14.7227
3419.65,7.81231
1511.01,12.5337
1676.1,2.32069
3401.46,8.27736
1790.15,11.3023
2023.99,11.4838
2781.54,0.976656
1941.51,1.23257
2537.9,9.02032
3663.59,14.2869
2326.06,14.1629
1027.64,6.02061
1971.84,1.48667
1501.45,8.11581
3300.58,15.59
1798.14,9.60494
100.181,4.42858
3589.9,15.4165
1255.41,11.4836
3471.67,11.0592
879.766,14.3995
1567.16,6.74042
3734.97,1.81742
548.934,11.8898
3010.9,5.31325
179.845,8.11936
3707.89,15.3236
331.422,0.0899303
2499.07,10.5348
1282.8,6.5289
1495.01,14.3331
2577.31,13.7944
3875.53,9.69018
1075.19,8.25494
3668.37,14.1509
913.555,5.1649
1030.79,15.2117
4133.86,8.19473
2909.78,7.75184
4175.16,6.13257
2805.35,8.65962
494.513,9.65037
248.31,4.5404
2353.83,0.804708
3492.1,2.7744
4114.9,10.08
1944.72,6.74104
3017.03,14.562
1923.18,6.28217
3168.06,11.9779
2277.32,4.97951
3997.09,0.796632
4006.44,12.4297
1530,15.1795
345.44,13.5472
3786.01,3.60757
2697.31,4.9763
3001.08,11.0762
3801.61,13.8374
3073.18,15.5272
825.319,15.9813
582.648,10.6825
3556.23,14.0272
3370.96,14.6637
4167.46,2.45926
1587.57,3.94704
1932.28,7.27988
2140.97,13.3456
3720.28,13.8188
2558.52,1.77517
2887.03,5.51625
2673.94,1.46497
3977.46,3.42451
2369.12,2.55409
2608.09,1.15822
336.177,9.39828
2912.15,7.90294
2887.76,4.19753
1919.97,2.65872
44.7227,15.3262
1133.94,0.867947
1444.67,11.7955
2969.19,6.66893
2214.06,11.4997
3604.13,1.01226
692.376,4.30318
4153.16,11.8378
2059.57,7.04591
3168.16,5.54727
569.717,5.26121
2752.43,12.1067
207.92,14.3855
1151.89,0.678737
1860.77,7.5262
1065.22,4.09439
2106.35,6.6025
3180.78,15.2148
46.8792,0.305585
1664.6,4.85129
3315.41,5.7417
1437.87,6.83014
2415.87,4.14154
2084.54,10.7353
686.979,2.49237
2393.07,9.29059
3351.47,8.78877
396.576,9.69262
168.507,12.1664
2950.33,0.724916
1220.88,11.7038
789.605,1.72827
2307.19,11.873
38.1845,5.13328
2681.84,15.864
4048.54,12.708
1948.07,13.0969
1055.3,0.740454
2772.87,12.555
3889.15,12.4996
1184.32,12.0231
543.065,15.6379
2723.51,15.738
961.617,10.0208
3544.01,15.0593
2805.74,4.00007
2562.54,8.12623
3632.9,6.9745
731.62,1.6908
3231.55,6.62311
1906.98,14.9398
4051,3.01604
1361.63,4.68991
113.182,14.2801
2607.8,13.3498
3034.83,2.25935
1814.11,12.2804
204.796,10.4189
3345.62,10.5043
3545.17,13.9784
2354.78,13.9609
2644.69,7.35859
2794.13,7.65178
3761.13,9.56081
1496.03,11.5053
2789.61,9.95067
1823.56,11.6035
3831.46,6.21917
565.093,13.0938
4017.41,12.2578
4037.92,7.81733
1372.98,5.62449
3894.56,7.36822
3399.89,1.76703
785.109,7.65144
2634.6,1.52207
26.3892,12.1817
3600.01,5.09282
4068.51,12.1256
3765.97,10.4513
3493.9,8.21967
2450.32,12.3945
1215.73,9.56051
249.066,13.9565
534.647,14.8625
3752.67,4.58745
2188.1,3.90344
263.843,3.79575
4034.24,9.08503
2305.39,1.76364
2300.71,12.9668
479.256,7.79963
614.546,7.09181
3398.69,12.9659
527.86,0.553693
19.3345,10.3377
522.727,12.3192
2333.72,6.81238
292.439,9.4597
261.258,0.204989
2171.11,15.0256
2931.8,11.1877
352.666,8.57747
1044.1,8.83517
1758.09,14.9206
311.031,12.2357
3064.62,10.7161
3603.58,3.46687
1319.34,3.06708
476.31,10.0774
2330.34,14.1763
3870.92,0.201322
350.251,8.87172
1616,15.9109
88.2791,0.425707
1136.8,8.69018
3644.73,9.2842
1764.71,13.0928
1352.17,0.382425
794.726,13.124
3315.99,3.506
2499.15,6.24215
4168.4,1.42429
3123.53,12.754
412.104,11.8583
3949.14,7.66297
168.926,0.875829
2367.73,1.94607
2517,15.1413
2503.21,12.5848
2905.37,2.77255
2532.84,13.0484
2721.84,12.0445
3944.77,6.72372
3908.1,0.419313
2307.83,15.3327
3936,9.4535
478.738,2.35473
2628.41,7.65056
150.413,0.119638
2879.31,12.5945
2896.41,6.02529
3846.34,11.0128
4111.06,7.2073
3119.99,3.80695
1513.3,2.5169
1609.43,10.532
2999.9,12.3365
362.919,3.62512
1936.12,15.8065
1571.38,7.76623
1524.71,11.3346
3086.21,11.19
453.226,15.5796
3428.82,6.77055
2421.02,3.69678
3912.96,14.8506
1040.64,10.7764
490.778,13.6278
308.533,12.6672
3877.49,7.24755
2489.8,4.08701
2229.95,7.85124
3104.96,3.57841
3503.08,15.9003
1448.84,5.34211
2764.21,11.3805
3748.36,4.70995
678.729,10.3645
3137.57,9.14014
2426.42,2.20158
1643.33,1.35805
2434.51,13.5078
453.182,14.3331
4035.36,7.82218
2638.13,5.98739
2085.76,14.1342
3238.13,3.5379
4104.18,1.87801
409.544,15.8064
2867.29,3.33342
2653.38,13.1746
1013.21,6.24456
1155.24,0.759532
694.434,15.7254
3379.34,4.09107
733.71,2.36718
169.805,3.99923
3122.49,4.15163
3665.22,12.4164
72.8542,1.08389
1343.36,4.70718
1644.16,7.05769
2823.5,14.3829
3136.89,12.3207
1787.18,14.5288
3927.22,1.92548
3715,5.12076
2496.04,5.8735
2597.92,7.00814
2474.1,12.7967
418.82,6.84048
2448.71,11.0743
1335.03,5.623
4170.25,14.0982
10.3694,15.6528
1435.54,5.67091
1109.3,4.97945
221.841,9.92586
3524.44,8.98689
1986.38,14.9765
1456.05,10.269
3043.53,8.10972
4156.57,9.73044
1536.96,12.1393
2622.94,4.96182
3511.85,15.7745
396.911,13.1384
3450.35,12.1498
3498.09,14.0311
535.243,2.41532
1542.01,0.553495
2970.64,10.6175
1688.71,8.67042
2634.31,6.0367
1969.67,11.7185
2139.88,3.56072
3132.06,3.33796
1293.7,14.0534
2312.04,5.49617
962.615,0.61017
286.918,12.0928
1974.83,12.3606
3597.91,9.30421
1123.57,0.732174
2556.95,9.02623
3425.34,8.87531
2621.33,14.6249
974.545,6.28968
2388.52,0.132652
1464.73,10.8534
954.246,13.9584
943.037,12.4403
996.384,10.6868
3823.74,5.56332
2946.11,10.2076
2878.38,4.06804
2675.94,0.0649243
1812.4,1.80968
235.83,9.28928
2648.31,6.0002
316.48,15.5453
775.402,1.52261
897.689,7.43259
578.384,8.94225
1010.06,1.79342
2043.13,1.51429
1221.96,12.5403
318.41,12.9091
658.983,2.72246
3867.8,5.58626
114.112,1.14732
160.999,3.94259
380.922,10.3028
4061.19,0.298416
561.122,14.2585
963.432,14.1417
239.436,2.11801
285.444,11.0265
363.983,3.83962
183.853,6.51333
156.069,11.4902
43.8255,3.54147
3962.68,15.4174
202.049,10.4695
475.39,0.558252
3781.6,9.27202
356.124,14.9293
295.03,10.9519
3589.37,1.3257
377.804,13.8999
1454.9,15.0206
4162.58,15.8686
1056.38,1.8342
3047.6,15.9873
2790.4,2.53947
2598.36,10.6404
3029.49,7.20796
3035.32,0.999135
3136.52,14.6751
3016.71,6.06461
3467.06,0.570978
3578.29,4.59097
2821.38,8.15843
3576.56,11.0178
3334.66,9.92883
2363.48,0.780529
2070.08,14.8451
2151.83,1.48897
1981.44,15.3937
2381.02,1.67025
2131.72,7.93299
2188.23,9.8265
1798.88,4.16477
2200.94,0.119032
2107.14,9.61745
2442.79,12.8461
2200.84,11.6386
2025.38,6.52595
2017.54,3.04252
2129.38,1.83981
2005.21,3.41211
1816.27,9.24019
900.365,9.38015
344.523,3.34513
1095.43,1.3658
772.259,12.0727
680.271,4.46832
927.166,4.91296
643.98,4.70906
850.204,2.56632
492.315,0.0964349
205.41,6.78882
468.646,8.82251
1182.82,10.4296
323.44,3.38195
4091.73,0.810245
366.179,1.48649
928.59,0.37785
210.96,14.2927
106.271,13.5773
237.717,0.677322
516.995,14.9428
420.688,13.9683
67.4241,3.02082
240.178,15.9161
39.3961,0.846023
142.438,4.13007
78.1748,13.8578
4063.81,13.0323
27.9926,13.4999
307.19,3.01141
3080.35,13.7307
2846.58,10.0901
2822.51,3.25305
3046.07,8.1564
2849.97,15.8479
2914.78,9.54139
2767.82,0.741047
2806.6,15.7854
3036.24,13.9364
2835.98,3.95167
2842.47,15.6482
2850.6,5.15779
2921.64,2.41578
2855.49,1.53204
2885.03,15.6878
2858.36,10.0688
2880.55,3.99169
2854.09,1.81588
2801.53,4.10483
2790.38,15.1137
2724.15,5.45638
2608.74,6.75392
2660.48,5.61354
2500.87,4.33084
2599.91,14.2191
2576.3,8.56526
2130.55,8.82118
2175.85,4.71228
2249.08,5.83448
1.90404,13.2945
5.24429,13.3013
4186.92,14.4354
11.2689,2.50675
4191.96,13.496
9.33657,13.5402
4191.66,12.4526
2.18301,1.61303
5.64029,6.30971
4.09238,4.73016
4184.53,4.97015
3.18252,8.64992
2.93847,1.37598
4187.41,10.1337
2.67833,9.49345
4189.51,13.2993
4188.85,10.5655
4191,6.20787
2.84663,12.2816
4188.25,12.3306
