z,x
3837.47,13.7808
2174.71,7.57833
804.333,3.0801
1019.37,13.9074
4157.03,4.74341
1417.48,0.798033
1291.09,6.14477
3056.04,15.2404
3961.53,10.8275
479.984,11.6199
3237.36,0.437862
3973.58,14.4772
3111.43,14.8322
196.25,9.42693
1145.62,2.44841
4011.57,13.7049
3734.04,11.2839
672.372,12.784
4146.75,7.21463
2428.88,6.94861
1245.78,14.9865
4121.31,14.3196
2925.56,9.05129
2267.03,10.8934
3600,6.93467
427.13,4.74265
2529.74,8.52751
4106.79,11.1992
2686.87,14.4876
539.58,14.1125
1105.04,4.2674
3284.76,0.648544
2705.25,7.49175
152.731,2.46381
3691.49,13.6209
3892.57,5.03561
264.866,10.2157
2787.19,14.6849
3797.06,0.573575
305.126,4.38558
3157.22,11.9368
1830.67,2.28929
4085.19,6.98613
3564.03,15.8304
2238.87,13.5666
2484.69,0.0563854
3884.45,9.50222
405.285,14.6703
3591.9,5.8978
3416.31,5.10642
3939.05,9.83661
3529.54,11.1253
2053.88,7.62971
3282.07,15.1854
1677.2,2.44716
2484.96,15.4611
3924.03,3.46599
1865.51,8.53773
173.049,7.23538
2766.03,13.1692
2540.75,2.97759
627.689,8.23669
2202.28,12.9969
2702.59,2.31243
1109.86,0.624728
1029.2,6.83611
1171.5,5.44532
3360.26,9.71815
2186.59,12.852
1602.37,15.4076
3286.08,8.93014
2933.09,13.3171
1871.35,3.44949
4095.05,10.6685
2231.41,12.1675
2330.19,8.3614
1021.92,8.59379
1719.24,2.54061
282.037,14.7133
2692.75,5.23914
376.379,13.5467
817.559,2.38213
2944.47,12.4973
3284.05,11.469
3169.36,7.76882
652.285,2.41784
1102.25,11.7687
3917.39,5.0237
1130.7,7.1622
4159.04,2.84158
2349.88,6.71629
1663.44,9.68652
1570.64,7.51369
1931.02,9.44845
808.237,1.35801
3836.03,1.14784
264.607,11.9045
2365.72,11.3541
893.943,6.76996
1615.71,11.729
340.929,0.696828
1982.11,9.50451
567.049,9.06896
3920.92,2.57797
2787.88,10.0592
821.286,15.098
2608.84,3.38963
2495.67,1.99903
1651.58,0.883863
2742.11,6.08971
1924.05,13.3624
3377.32,12.5717
1908.26,7.57244
3055.11,2.55299
2523.63,1.72533
615.801,8.90698
3669.06,0.186955
331.961,1.47466
2505.58,0.925571
883.209,5.40644
1607.51,8.43514
4138.75,3.55771
3643.85,10.7884
650.577,15.3845
2473.73,4.79809
626.116,7.96038
2653.07,12.8895
114.118,13.4791
544.021,6.24182
2570.84,7.76576
33.8536,10.1495
2057.33,13.8827
183.208,4.3696
1597.01,12.2844
512.711,4.13575
1970.68,9.94659
4172.44,11.5673
2430.83,13.9209
3762.18,11.8654
2016,0.0138566
3036.27,7.80509
150.013,3.23197
3987.2,3.40587
964.436,1.14731
1185.86,3.3178
3266.42,10.2402
319.865,6.73267
2923.86,13.5071
2562.78,15.6461
3701.59,13.2741
3726.71,9.51086
970.631,4.82873
144.61,3.62541
66.9132,2.81913
3472.45,8.73172
2448.37,0.461332
1960.12,1.26333
3614.81,11.8398
105.077,4.06215
2557.36,1.83502
4150.7,11.122
3104.82,4.65445
2995.52,1.79325
1251.01,11.8287
2518.07,1.19661
1800.92,9.20264
3486.38,7.53237
105.309,12.3546
4121.09,10.0947
3114.58,9.76103
3388.8,7.12196
2959.4,1.489
171.644,2.05433
2760.34,1.77067
3469.84,13.5834
3966.14,6.11472
232.201,10.5315
3515.57,13.569
3418.39,12.7275
2416.48,13.2855
429.828,6.5517
1668.14,11.6223
3801.3,3.88173
3481.93,2.54373
536.878,10.7564
1724.75,3.74666
1347.53,11.8261
3481.98,15.9632
506.358,10.6285
2801.47,2.07964
1736.32,0.505078
945.921,6.60604
1590.74,12.2318
347.816,1.37398
258.66,15.5848
3191.03,2.91234
962.567,8.93528
1061.76,7.01099
1921.47,6.26254
3684.61,14.6873
682.065,12.2489
1747.19,5.0221
1656.7,5.61472
1073.93,10.0933
1959.33,11.8731
33.4968,10.9739
2269.72,13.3809
1571.36,0.954239
2397.27,10.4709
864.183,3.98523
768.917,0.126512
3574.68,10.1094
3652.63,15.7522
3832.15,6.51626
4155.68,12.5682
4083.29,14.8028
4102.36,10.919
3134.23,13.364
4051.34,10.5026
988.314,10.1255
2345.27,14.4643
199.008,2.09917
2717.21,2.63895
2779.78,0.526828
2249.23,10.4869
398.299,10.8831
332.864,12.5311
3912.48,7.89117
1876.48,8.3772
1588.01,8.30794
2304.19,7.88075
2900.85,11.9877
2812.79,1.08702
217.559,13.9798
3482.14,10.8861
3701.98,2.68583
3621.55,6.83552
3712.07,8.95499
3373.44,9.83087
1383.76,6.85647
3742.8,11.8252
2313.53,3.72446
630.781,0.34778
1896.47,12.6579
3074.28,7.13438
31.1829,15.738
3242.28,0.903245
3344.97,0.766383
1519.24,13.943
1281.86,2.14674
2506.24,12.0254
1005.45,8.93142
2964.54,7.88433
1964.67,8.09589
230.886,6.79014
3918.54,7.0779
754.155,14.6617
2597.07,9.85341
3779.31,7.15158
270.803,10.1099
4035.73,10.9444
1940.57,0.531408
2089.54,8.17231
4090.9,0.736895
2526.31,15.0371
1742.11,0.52927
2707.78,7.51053
493.98,15.0136
2907.99,9.42802
1687.7,0.0753498
2595.28,8.62099
3771.98,2.64085
1397.61,4.34312
2781.86,9.46083
3973.21,11.3553
2186.9,1.41579
2816.67,10.188
2682.88,5.5169
2500.47,4.08326
479.941,1.89981
1627.28,13.6193
1728.49,6.37511
3791.24,0.0661579
218.692,15.2962
2378.56,15.41
3227.28,3.60526
1693.21,1.51186
3931.54,8.01937
4032.16,14.2937
2897.48,2.59251
1700.85,2.4398
4059.77,1.92658
2686.07,14.3742
1561.83,9.85237
2995.4,9.95523
995.554,15.4317
2175.03,2.31771
570.988,9.99369
3525.29,14.3621
1049.97,2.1467
1582.57,2.92353
1168.16,9.97842
2877.97,6.74509
3614.94,10.38
2125.52,12.6086
3903.92,7.97564
3170.85,7.24375
18.9307,1.09032
1855.03,7.06243
203.5,3.99628
2487.03,13.0002
2886.33,15.3461
4149.48,12.7216
2284.42,12.1392
1977.36,11.1233
1199.84,3.14012
378.175,10.2586
3332.53,14.1297
555.592,12.3868
2960.69,5.54148
1429.81,0.355235
4058.02,1.83324
988.711,0.375102
1324.06,3.46271
1815.97,15.9388
799.774,5.83863
2974.6,4.29981
3924.82,12.433
409.549,7.53854
2458.1,7.89625
1598.75,1.8355
595.946,0.464462
4152.25,10.1037
3574.05,4.52857
754.489,9.84464
1124.39,14.225
2643.16,1.68806
2366.08,2.69739
3972.09,14.8644
3595.05,2.29485
842.011,2.34635
667.031,14.2093
2896.13,15.1521
3336.89,4.16865
3092.87,13.8083
3246.15,0.583645
527.21,10.3689
676.343,13.2767
1638.64,8.90254
4078.6,10.5287
2359.26,15.9023
2310.42,15.4667
1322.84,9.70449
772.686,5.7599
1451.11,8.12799
3973.66,15.6469
272.519,11.1351
890.955,12.4267
2822.41,2.03489
3173.91,13.4596
238.298,6.55443
1674.45,9.65287
1112.95,14.4725
3226.68,3.03471
1950.68,14.6992
1507.24,7.10647
2130.82,4.81899
756.867,9.78674
1302.3,5.48359
2906.89,5.19567
3038.9,11.0768
3968.78,7.66123
1852.5,11.627
2208.67,5.09823
398.452,3.30769
3446.58,6.59005
3170.85,4.93114
3534.35,5.31194
3238.37,14.0896
3336.55,14.4422
600.352,1.59409
2523.47,11.1677
1765.81,8.84448
3870.9,7.05681
3352.29,8.44083
1413.02,4.75607
1502.08,5.94631
3421.22,8.78541
3610.43,6.08318
1118.14,0.496274
3261.25,3.88295
3013.03,9.3661
2416.81,9.86951
3222.84,5.68308
3878.91,7.59004
2981.81,14.1218
2701.76,7.09874
2164.62,8.44584
3488.77,1.87053
438.444,7.29066
4174.83,3.30771
422.671,14.0637
1445.19,2.22448
144.903,6.32264
2106.36,7.24635
1634.62,12.3949
135.904,2.55743
2829.31,7.28529
1424.61,10.0631
3921.45,0.38932
2309.72,8.35188
1064.62,0.784579
4182.24,14.3243
848.943,10.0543
156.837,1.77895
1922.8,14.2229
1523.93,10.0436
3350.31,7.73834
757.388,12.0958
2375.87,4.56301
1585.01,4.66207
3251.51,9.95777
201.005,0.477913
2321.67,11.242
2569.72,9.97898
3527.53,11.7984
2764.82,4.27034
530.409,1.89651
3122.63,13.1157
2256.58,3.54732
82.2817,4.26493
2630.47,12.6962
444.802,4.87998
2089.19,13.9338
2627.12,12.325
1082.88,11.3831
1310.09,8.10584
3346.95,13.5891
2686.95,0.890568
2916.74,14.884
3712.71,0.853424
1770.5,2.90771
1193.58,11.2526
3175.92,6.62803
1009.2,12.4388
1921.24,0.980675
2713.54,9.90451
3447.16,14.5999
2894.8,10.0953
4164.13,7.53865
386.402,1.17396
3396.34,5.57561
3005.15,15.2851
1623.87,13.7525
3120.43,9.06374
507.241,7.29263
2452.01,15.0485
733.332,11.158
2448.23,2.20146
3736.6,15.2864
2337.86,2.43029
1732.82,10.3255
3404.53,11.1581
211.703,10.3685
4170.49,12.9684
4174.55,11.3892
1537.98,2.42528
887.938,10.6812
3751.9,9.11447
2790.76,14.3476
1345.23,8.78228
1108.3,0.45659
3638.75,14.3181
1754.78,15.3131
1935.69,0.0443525
2630.67,7.14971
3507.3,6.75019
803.727,5.573
2252.76,4.97984
2719.01,10.0065
1786.45,9.27282
3267.79,0.0402051
3402.48,12.7717
3463.63,7.31601
2422.04,3.08597
1544.39,0.95612
531.737,0.475597
1037.79,1.18393
2549.94,0.199353
3592.16,11.9342
3210.55,3.56758
2413.01,7.38195
3755.15,14.8113
2225.24,4.73085
2338.67,15.8174
840.999,5.73871
714.294,0.593922
2377.94,1.98227
790.147,8.03294
1582.24,13.8279
228.256,12.5127
2649.66,4.65275
1917.21,7.69755
1576.18,12.8253
3144.7,2.82595
4100.99,7.88109
3426.19,12.1048
125.515,9.81699
4180.17,13.3298
4135.38,3.44347
1349.11,12.1251
3605.17,7.30163
3943.57,11.5499
784.356,15.49
1116.48,13.7832
396.756,10.6399
972.88,4.28309
727.084,11.184
3196.67,8.00672
878.453,1.45929
422.746,0.142807
98.011,13.4644
4088.5,12.7864
1399.23,15.3402
2952.43,4.29424
4055.12,7.39567
1847.59,14.1632
2663.74,13.0925
4126.66,13.5038
564.226,7.19753
346.63,15.1026
3286.39,11.4742
3086.05,2.82537
898.052,10.1499
1931.56,6.4533
2723.14,6.78789
1878.49,10.012
774.98,15.6751
1924,2.14008
1907.22,13.8689
2416.64,4.95418
1626.07,12.8005
459.907,1.19379
1205.77,3.08479
2605.61,14.5168
824.986,12.4342
2462.75,11.7347
3060.52,15.6622
2887.56,0.683445
145.026,0.736474
185.38,2.10857
915.98,2.46876
3378.07,8.424
1674.55,15.8769
2884.32,6.37912
2561.98,13.9822
352.604,12.5247
565.935,12.0926
802.764,14.3906
3526.22,9.50642
3854.96,11.3624
3195.28,14.0198
1384.83,4.99733
3340.72,0.333768
2561.99,1.73103
1938.03,9.39387
3020.55,3.92967
712.414,3.10959
1778.45,15.8465
3448.15,2.35042
3875.89,1.74333
1489.1,5.13098
3330.87,6.76658
3789.18,12.3785
1080.74,9.64717
1894.36,10.3525
498.088,6.7552
1234.05,0.840491
1462.57,15.9459
1115.52,5.88694
1019.65,0.497489
1056.71,7.74392
938.916,5.04051
2868.26,9.39418
118.493,1.05265
4048.61,7.16255
635.42,11.5702
1335.5,4.42071
3913.59,6.19898
4115.38,12.3398
1247.35,1.60965
1694.72,8.0849
3193.11,8.06684
2768.76,3.37087
1903.44,0.656634
1925.28,6.97616
2370.36,8.24695
813.031,4.03817
2294.87,11.4172
2113.28,6.53181
2472.46,10.73
2250.77,2.22702
1347.87,9.21397
270.274,0.437207
3258.54,6.79237
2314.14,3.24951
1217.38,5.62342
2855.12,1.08318
951.768,2.59933
1136.26,9.39851
3409.78,4.06301
2277.87,15.434
1447.11,14.7176
109.196,0.566602
2651.15,5.93738
326.298,0.484872
2956.59,12.6201
1010.35,9.36623
1625.9,11.026
531.523,3.3292
1349.86,8.17765
2721.31,0.332953
1046.23,0.599247
2076.21,9.98913
419.4,11.8497
581.497,9.78116
1356.4,12.1333
2615.55,7.91083
3259.94,10.1038
1559.05,10.5223
3320.2,4.29875
3927.22,4.6692
2275.58,9.96578
3467.75,3.41931
3357.95,2.12265
4147.87,4.71738
313.22,13.5969
646.555,1.91623
3786.24,13.3586
3775.47,15.4528
784.61,7.98699
3069.37,5.02866
82.8722,7.31223
1394.72,3.92578
3626.41,12.8377
1205.4,6.41374
1185.98,6.72938
1916.76,11.7088
3505.38,11.2502
3308.83,15.3664
2967.52,14.1341
1269.86,14.3437
2777.76,0.198395
3516.53,2.58116
2023.81,5.1274
79.9681,7.07799
161.129,4.98242
3764.49,14.0904
158.201,0.555398
3738.02,11.8494
3497.24,9.65672
515.823,11.2567
996.198,3.89608
305.093,12.0915
1763.04,7.86166
3492.67,7.93808
1897.17,6.4585
2735.38,4.84544
267.867,15.9065
258.544,5.74121
1933.57,1.84581
3827.77,5.032
2317.46,6.11171
1196.82,11.0056
1849.07,10.1554
3762.38,8.45806
1325.47,5.76625
419.42,2.51405
1831.58,9.68109
2589.88,8.48829
2939.93,1.31337
589.197,3.6259
1944.02,7.09579
3721.86,14.5889
2124.15,9.95697
3881.66,4.86537
793.17,14.4125
2685.77,0.160745
836.165,10.6426
4176.61,8.7103
3482.17,6.89482
3842.98,5.27211
240.523,5.26993
2564.94,8.88378
385.696,4.13089
1982.71,12.5463
3473.55,0.31381
381.73,11.5919
1365.24,9.65707
238.069,10.8969
1550.13,0.417652
3222.15,14.3253
4144.14,11.5715
3213.66,14.3938
677.925,4.73902
2209.05,6.23218
2581.66,15.7776
3846.12,15.3934
437.874,10.5129
983.912,5.08352
587.354,10.1138
1956.29,6.33741
253.514,6.24138
580.079,8.42692
4096.83,4.37411
3182.22,5.70412
2771.75,13.1505
369.881,13.9163
3810.6,11.4132
1874.53,10.7494
2596.62,15.0929
2464.62,4.12695
3512.12,13.7139
1691.22,2.24184
3274.23,2.736
2548.64,8.53969
1493.2,5.39202
204.343,7.95616
3536.32,2.82716
1016.06,14.3858
617.209,1.386
2538.08,2.1524
3660.95,4.72807
302.348,11.7519
1338.75,12.3493
65.6298,5.8158
3348.37,1.31427
2104.94,1.07258
3005.09,1.76191
1552.81,1.20928
3261.63,15.2723
2910.83,0.95764
1229.19,8.17801
1991.82,6.80964
3046.97,6.31701
2373.69,5.615
1751.68,15.6107
2843.58,3.73499
4034.73,11.6572
378.056,11.5469
3709.1,0.419047
2527.92,4.18095
2396.16,13.282
716.171,5.51827
3714.7,15.655
2347.1,4.53753
2416.7,6.76738
593.425,14.5397
194.512,4.46707
1655.12,4.68861
3782.95,13.53
1727.89,5.68309
89.4791,7.19678
674.845,11.1802
3421.17,10.2214
4037.47,7.71967
285.07,5.72816
2920.44,14.4195
1733.19,5.80444
3022.56,9.51221
1776.22,10.6677
959.199,8.86204
4089.42,5.26029
3050.55,0.895531
3244.37,0.453874
4040.22,5.5061
3310.61,1.2361
2083.82,9.26086
2728.31,12.1585
3585.17,5.19613
741.71,1.19684
2356.2,3.62921
1661.95,1.54763
2587.57,0.122768
1320.21,4.09941
3519.4,7.99207
1056.75,4.55156
3500.02,8.8605
2704.14,10.8234
122.071,8.53095
293.004,0.685575
3989.79,13.4065
92.2483,3.58406
1373.37,13.3657
2166.1,2.2038
3189.93,9.27735
27.2786,5.6155
2641.48,6.12393
698.693,13.608
67.6007,10.0153
3329.67,6.88531
220.332,2.51244
2935.67,13.8647
2195.17,11.8386
2263.96,1.53364
1867.86,4.88326
2716.66,2.00692
1749.85,6.9753
1314.97,8.16366
2122.29,5.53623
861.923,1.00918
1854.27,14.9732
401.092,1.17594
3636.39,10.2691
3648.4,15.0114
109.618,1.56832
2837.84,1.47307
1546.4,9.26316
2014.44,5.11081
1074.78,2.37361
1510.86,7.74445
4140.74,13.4881
3336.99,7.26375
1398.25,13.963
1798.49,12.9906
2835.19,5.65387
1633.32,12.6127
997.517,7.97269
1374.16,3.72196
877.696,2.28235
1304.19,4.30567
2496.54,0.728792
4139.17,12.2069
3309.35,9.4604
784.063,2.86593
4025.22,8.68514
1227.23,3.90751
1620.58,14.2307
2600.33,1.7436
982.936,10.2809
2149.76,11.8544
3303.69,3.03371
1969.39,15.2382
640.406,10.9926
2704,0.340632
2213.91,0.619857
2033.91,9.57678
242.358,5.58401
3122.02,1.97154
439.661,8.09245
3820.44,1.26532
4161.29,15.689
730.016,15.684
405.211,7.15448
88.3598,7.28928
2191.51,7.83282
2959.68,0.0287073
3250.69,0.195012
3139.74,2.15039
1819.46,2.20982
265.38,6.16004
1354.46,12.8375
177.992,15.1579
3552.49,7.00439
2902.72,2.50927
57.1087,7.99993
1815.28,11.0583
3222.87,3.89703
3135.38,6.81442
2863.32,5.56539
2009.82,5.13747
3038.61,4.43509
1092.58,12.4249
291.017,8.20065
3237.77,11.3425
291.152,11.8861
3057.83,14.861
1111.68,8.52045
2159.3,0.0154203
3878.37,6.04599
2812.29,7.14142
154.91,4.23768
2742.73,13.8983
1995.92,1.39938
323.673,0.813679
2469.57,11.7659
2479.72,9.68789
512.546,1.24277
2075.9,14.6009
2319.16,7.40808
3851.76,0.657104
363.622,13.3081
2493.85,4.52485
2512.72,10.23
3988.83,4.22584
2981.6,4.43651
351.039,5.19365
422.17,3.05325
1873.97,6.09988
1398.12,1.86578
596.576,4.18992
3217.32,10.5049
254.609,10.8193
2890.32,12.5006
65.5511,1.88906
898.264,1.97146
639.525,6.66009
335.359,5.14765
254.632,14.9454
3236.04,12.1364
1356.3,0.095846
1013.86,1.46685
2769.99,15.8872
1102.62,9.21018
326.613,10.1672
3683.38,3.90095
2824.38,2.14467
1837.59,2.72764
2159.92,8.63366
1910.57,2.56444
3545.7,10.8906
2904.76,14.5723
59.3295,15.9902
3659.32,9.01956
1186.85,6.18456
2258.03,9.27332
3190.82,13.0354
1283.51,11.7289
2396.96,12.8349
2975.36,0.549514
1993.55,6.69632
2422.7,12.4844
4078.08,6.01705
3255.69,1.94914
898.209,6.94585
451.526,9.97049
3179.77,13.0246
1768.01,9.83103
3859.21,12.6062
920.154,6.49953
3806.6,7.64265
2956.15,14.0235
3622.38,15.8996
2133.53,2.56274
823.952,3.48114
818.937,2.03877
2708.99,13.8633
2170.76,10.4941
2990.72,7.83708
1742.48,4.16426
3647.75,3.36661
2396.97,2.86088
3687.69,10.9529
1867.17,14.6563
670.754,1.43763
736.442,0.769229
3244.36,4.36987
3733.22,14.3002
227.556,5.61827
1528.51,5.43667
2109.98,5.34522
2389.86,0.922064
356.728,14.631
2641.89,14.659
901.029,12.1614
355.568,7.54818
1268.39,10.5251
2296.3,12.722
375.99,1.88664
3208.17,8.47912
440.173,10.0709
3604.34,1.67066
3265.68,4.78835
2343.99,9.22572
1152.67,11.2725
1996.39,7.32949
155.552,12.9948
1101.76,4.79237
3356.94,11.0094
1964.5,4.26062
1261.48,11.4059
2600.49,13.1411
3454.87,7.41854
277.088,6.49454
4070.05,14.3837
3214.12,13.3712
3155.3,8.97842
2181.83,13.0335
2060.63,13.0024
353.086,2.61647
2270.87,15.6242
2496.54,13.467
1841.36,1.66606
3470.29,8.82994
2788.15,1.25556
1956.73,7.55001
3759.95,8.0963
1419.16,11.3414
2381.17,12.322
2545.45,5.39603
1313.85,4.96847
1310.93,3.88738
177.555,0.818173
1220.43,14.8462
812.451,8.10032
3607.82,12.4151
1828.44,14.5641
109.881,5.16106
1780.68,12.1061
1501.41,8.89122
960.896,0.755714
2576.69,14.1241
241.902,8.20741
3431.26,5.30766
3957.04,14.3532
580.511,12.3431
1898.02,5.05001
1439.21,13.9422
3276.69,12.4336
1478.33,5.61053
1440,1.6245
1538.62,3.83836
598.261,4.31805
4019.38,1.34487
3464.51,15.294
2205.61,2.36818
537.131,13.0867
3773.66,13.7963
3129.91,11.7061
2653.18,14.252
1633.18,7.40264
140.04,7.86873
3227.35,15.9883
3590.56,1.46544
3175.74,7.44643
1526.57,6.48907
638.743,0.0504947
2217.29,5.30465
3155.36,2.9842
627.614,10.0641
239.713,7.97203
3241.57,11.59
391.045,8.56139
2442.34,1.50539
473.694,6.75073
1784.04,11.0574
2594.48,12.1841
3507.9,2.04815
1497.6,8.97823
1576.27,6.32302
3247.54,3.90976
848.789,8.58127
1788.2,14.2204
3585.9,12.2558
1026.59,10.3275
3747.25,1.65218
1661.12,6.67098
2121.56,15.6941
259.995,3.79909
931.234,9.39912
2988.16,15.836
1120.76,1.61895
1175,4.15406
1179.91,8.50769
2732.03,6.40686
1330.85,12.2587
1268.32,2.94621
707.412,12.6308
206.652,3.60741
2224.15,7.91235
2448.36,6.1611
1884.74,11.7516
2302.36,2.93266
2893.06,12.656
4165.03,12.2691
608.335,11.6074
606.207,15.1286
2480.76,12.1703
4180.71,5.44802
1261.77,8.59263
3826.11,13.6931
3549.27,4.40553
2430.36,6.7965
3722.04,8.72308
107.889,7.79017
1649.55,14.819
1472.7,0.940707
2974.05,7.6737
2021.51,4.81668
3782.18,2.84258
606.805,9.43191
1447.08,15.5772
27.7355,13.1427
2166.19,3.3864
1905.8,12.8027
1703.23,10.2605
3941.37,10.952
2307.7,13.589
2008.97,15.5495
3255.15,13.6244
998.152,15.8114
2528.71,1.38961
1003.31,6.08692
4132.25,15.5803
14.056,4.80246
4024.6,3.82784
3575.79,14.9727
2406.55,12.666
1366.82,10.3446
3712.59,12.8476
2599.87,15.2634
3034.47,5.30847
1431.42,5.02304
3708.36,9.92755
3717.99,2.0857
1012.12,2.84805
2704.13,6.78728
129.212,3.58431
844.385,10.8571
3471.57,14.6702
955.834,14.8141
242.429,10.211
2510.97,4.9647
372.561,11.2292
1152.17,14.0978
4032.85,2.96976
1191.44,8.08632
3173.09,3.06874
279.84,1.88667
3106.54,0.786985
1386.78,14.7554
2185.33,10.4089
2375.15,3.05153
1142.26,8.03807
3105.12,13.9695
3600.87,14.943
3577.88,15.083
2068.68,14.0358
52.9726,13.6315
90.9401,3.18724
739.274,12.9992
3.24479,3.40458
3392.56,9.31897
807.683,6.91957
1790.13,11.9779
1305.46,2.84605
3502.68,14.0274
3284.52,10.4373
2417.63,5.53513
276.21,4.29217
1155.78,4.62181
3665.56,6.85542
3830.34,12.9997
1143.89,9.96954
1439.24,11.5016
747.724,5.96668
2354.13,5.6944
4110.08,1.57436
169.673,14.8098
2621.46,0.696486
2284.27,9.74167
2342.99,11.7032
3531.31,13.2387
4167.63,2.11493
3585.52,8.61121
2792.83,1.73088
1356.09,9.73581
2534.2,13.7259
1714.49,10.4713
1588.11,11.4422
3208.46,7.40369
3254.54,0.742787
681.64,9.70261
956.291,11.4335
326.395,12.3303
2107.47,13.2376
2390.88,3.99125
3055.53,6.08001
3128.46,3.7231
2338.05,8.66523
3062.19,5.24562
2661.66,9.40611
3576.52,5.24287
3223.07,11.2653
1153.64,15.0062
3801.01,5.21946
2708.33,2.88281
2516.42,6.70396
871.518,13.5903
556.875,13.735
486.188,0.0919404
2311.36,11.9671
1514.03,10.046
1620.28,4.82249
1680.05,8.16207
4141.17,1.78289
3086.25,14.0959
235.282,13.2526
1357.01,10.215
4073.72,4.41115
259.156,9.06503
3343.62,2.08502
705.077,14.7606
1761.55,11.5203
1731.64,5.06664
1082.49,12.2212
2652.18,5.9254
2178.66,10.0994
3309.14,4.54845
4057.78,12.1658
1658.65,8.60955
3474.49,13.6153
1013.22,6.60325
3130.75,15.7154
1484.47,15.2267
1121.14,14.689
859.005,6.64704
3664.31,12.7001
1718.67,14.0131
4043.83,4.84426
1251.19,0.208642
679.753,12.0135
2775.54,6.02922
1021.89,15.1444
2295.41,3.74511
1261.72,13.9499
745.073,8.04505
3149.84,4.67083
3607.71,9.86271
3140.45,3.6436
1040.38,9.02539
1278.85,7.57276
310.133,10.1636
1452.95,14.7088
3870.21,10.4412
3374.47,7.09167
3148.88,12.4434
1803.27,7.27056
2563.03,12.9415
270.912,8.38218
4110.31,15.3392
3686.35,3.78941
1045.8,10.9236
3938.83,8.75265
2144.51,0.8112
1925.49,0.909651
3999,2.75871
1170.3,1.02262
2088.14,14.1576
3084.09,8.54059
1772.53,2.00895
507.792,7.20019
3759.54,4.358
1777.93,10.0339
1500.22,12.1603
1115.14,14.4091
1286.22,4.71929
1699.62,14.9414
2049.18,14.0447
466.086,7.91196
3504.94,7.4955
1777.33,7.32605
3976.55,6.14725
4023.08,7.55705
2680.25,10.4153
1181.26,0.00936515
365.696,13.9933
4018.31,3.08973
3903.16,3.65262
2361.95,5.25198
557.892,4.30419
3858.96,0.213295
811.809,7.37657
1586.94,6.26341
2674.75,8.18547
2458.38,13.3624
1516.59,15.4882
3039.67,3.58209
2024.71,0.47523
2217.76,11.4935
3620.96,2.74417
1707.12,15.3007
2318.26,3.26976
2930.4,7.61502
409.173,0.980188
2848.34,3.58022
1186.5,15.4339
1712.89,5.76258
1652.78,3.05796
1134.15,2.29296
2399.63,6.87825
779.973,1.53223
3003.95,11.1191
3407.39,3.44887
3857.91,0.232745
1074.17,6.23644
2500.66,0.564791
1913.97,13.7097
2019.57,14.7868
695.317,4.4929
2145.16,1.86177
3676.95,14.177
1805.32,15.6679
356.303,0.796367
388.544,11.4631
517.996,9.67824
2711.53,1.58012
2862.49,15.2831
1564.9,14.3592
2503.48,8.15431
423.01,8.75944
3940.1,12.2932
2573.76,14.3014
944.108,2.84459
3466.2,13.0833
4103.54,14.4713
1122.29,9.85218
463.133,1.05623
2783.16,14.7659
737.551,12.1769
3363.49,1.53073
1177.85,1.68843
2252.41,10.965
2122.69,14.4537
1414.31,4.37089
3854.35,15.9345
2010.95,2.05227
2706.57,13.2668
1607.37,2.48635
2625.68,15.0634
846.661,6.17466
1701.51,6.74174
1646.26,0.521914
3094.59,0.632085
1315.61,3.94638
4056.01,2.44373
2937.32,11.9271
996.909,9.66011
1043.55,10.8374
2744.82,15.5432
1085.52,7.72438
757.348,1.20573
4157.52,12.4588
1902.95,10.0975
3935.22,5.25643
3975.39,3.03982
2706.66,7.70074
776.481,7.01638
3830.79,9.21262
4059.66,10.8084
293.666,14.2908
2433.44,8.40395
221.816,11.5758
887.671,12.6859
1076.89,10.8224
2945.49,0.843362
4038.69,14.77
3888.83,5.81377
1672.13,15.1885
2893.22,4.01823
893.141,15.9466
2113.22,13.103
1864.02,3.84836
3224.24,4.65938
3575.43,8.3689
587.254,6.67096
3524.24,7.22045
2891.28,1.83342
516.416,3.06491
760.493,8.45848
2679.55,14.2943
2379.9,11.5791
2291.31,5.54598
1453.89,4.97683
3941.54,3.4447
2216.22,1.82837
4111.14,14.7832
483.818,3.38363
451.878,14.3141
1693.35,2.70156
3742.32,11.6071
2832.07,7.04934
2667.89,12.0287
383.527,14.625
3923.29,9.65731
4161.29,2.48492
2323.95,9.84043
4175.18,12.8919
1240.66,13.2192
679.764,2.98648
3561.63,5.2561
3573.18,14.5669
2100.28,10.5237
632.389,14.8796
1844.22,2.63668
540.622,14.6468
867.94,8.34544
2663.13,0.754612
1830.06,0.977644
2616.72,13.6416
1202.97,14.1702
1420.17,2.39743
1471.62,2.73397
305.74,11.9178
1124.86,3.06329
2847.45,14.507
259.632,4.9567
4141.91,5.83272
328.92,13.8562
3192.32,15.0123
439.32,0.598319
1781.21,1.63824
1859.95,15.1211
1206.39,5.91741
2236.88,7.09239
1468.61,13.3096
867.865,5.00284
3291.7,7.03852
159.149,12.8021
696.819,5.93328
3985.19,0.903126
2693.54,6.53773
3452.33,1.29557
3710.74,0.594038
3988.62,8.78572
609.565,6.54753
327.887,10.2723
3310.68,9.57205
2765.98,4.12745
3276.52,7.81754
797.275,10.8493
2948.23,13.0434
930.145,15.6268
3959.4,9.6266
2395.41,5.47525
4016.46,5.34975
1792.23,5.22974
656.215,8.00683
119.442,7.21282
238.074,4.81928
1680.35,4.00607
3048.26,2.38317
3576.57,4.40308
846.417,3.58979
2289.23,2.97748
1258.45,6.67183
838.892,8.68254
282.217,1.87002
551.3,15.0193
316.917,10.6018
1177.07,9.88496
2378.47,11.4156
1579.59,2.88008
150.684,12.7885
1294.35,10.0072
3608.88,7.60691
3218.41,1.00218
1051.21,12.0477
1924.25,8.15724
2261.84,10.0354
1437.47,6.76937
2843.37,15.8828
1672.95,9.1097
2463.03,0.680758
786.285,15.2399
4083.35,12.7499
1872.41,10.9286
1192.51,9.19004
434.461,3.11392
4034.31,1.05813
3683.43,11.9023
987.679,13.9403
753.123,6.19475
2423.09,10.2623
3391.22,5.1736
2645.55,2.44569
3903.5,9.18706
1467.71,4.34982
3157.32,7.54235
2935.21,13.1192
2535.4,10.577
1884.98,5.5809
761.753,13.7895
2201.3,15.7604
1735,3.03828
505.159,9.35965
3130.08,13.9594
2606.09,15.6466
937.295,4.67103
2795.26,9.40522
856.849,2.32585
464.793,1.42906
2742.43,9.90137
685.97,12.0181
1883.08,4.15047
366.413,4.40856
3275.05,6.01022
1808.21,2.73643
2095.75,2.04974
2243.94,9.31438
1755.33,1.19015
1890.81,7.63982
2366.21,13.251
2717.46,1.33142
1151.9,10.641
4175.75,11.8009
2311.04,3.47526
2861.17,9.09964
116.057,7.7894
3245.17,9.30223
2215.72,7.4192
2615.85,2.55425
868.974,1.3016
366.373,0.0939002
3677.43,10.3805
2068.33,5.27053
1110.53,8.1994
2669.2,10.6913
2165.71,12.5606
3930.58,0.961294
2390.86,12.2083
575.611,15.2233
120.835,15.4277
2560.57,5.4573
788.423,8.27229
1537.35,5.43637
846.009,9.30315
306.575,14.7692
4191.04,4.34144
2327.87,6.18651
1488.88,10.1332
257.794,6.06528
2690.95,1.92004
3946.56,1.90239
1938.23,6.31206
81.7199,15.7271
3969.12,9.35383
750.259,13.9723
2046.72,8.21901
1413.2,9.1462
25.2601,9.13453
1319.83,12.7602
2492.42,5.02471
2675.79,11.9384
3745.06,15.3093
13.0177,9.53727
2499.35,5.69827
1655.51,3.36262
1058.7,9.71503
658.207,9.6683
3143.24,9.63132
4104.77,3.27521
3731.71,7.06057
1170.31,4.16922
71.3794,12.5912
3774.92,6.0165
962.988,11.4554
911.897,1.0384
801.307,1.05061
1229.34,11.676
3088.18,9.94035
3731.16,12.4554
859.5,11.1153
3848.23,10.4275
3092.48,1.89272
2435.78,9.22929
1673.91,0.658045
2998.07,9.3333
1954.43,2.0252
2818.75,1.971
3580.15,1.38071
2726.19,10.3967
1214.02,4.61296
1424.14,7.82133
1402.49,13.5524
2839.41,11.5077
3550,1.73904
39.1559,13.5105
1379.66,3.02742
1866.36,15.6992
2069.44,4.64242
3710.1,4.01539
3477.89,13.322
638.779,2.58768
830.144,15.1224
3875.18,3.58335
1365.29,6.12825
851.96,6.14521
444.647,7.23457
2511.3,2.26142
2710.68,7.67189
1767.31,0.534931
886.862,2.51357
3931.29,6.82305
3530.28,8.69627
374.187,14.7449
191.065,4.06165
1612.19,6.22298
1849.04,12.5707
3416.3,10.0356
2342.5,15.1299
587.489,14.4973
2941.39,2.50851
3246.3,11.9398
3018.12,8.46256
348.291,12.146
3786.27,2.67459
520.789,4.17712
2109.06,9.1042
1698.55,0.490197
1158.93,6.4733
2400.22,8.66343
3980.91,12.2262
1411.46,10.1587
2898.56,10.4011
4111.95,14.7488
3700.27,10.8857
318.801,1.38283
2316.1,1.15176
244.941,4.10698
542.895,12.9254
2538.84,9.346
2214.95,2.74028
1417.79,15.516
3052.68,6.16428
310.534,2.1378
2218.02,7.77338
3035.16,4.93449
2104.27,2.04005
563.197,10.8783
2043.67,15.057
2065.13,15.0886
1387.73,11.6334
3249.81,14.9697
781.368,11.0921
3008.39,1.33663
3998.54,9.67686
2360.22,12.6577
3231.36,14.3662
167.91,8.15783
4081.94,12.7797
2689.34,15.4918
1640.93,6.79969
3593.18,12.1348
2757.09,8.12315
871.462,9.98812
4031.23,3.92742
2044.62,14.7575
3653.17,8.59475
140.239,0.539615
3701.79,10.9542
2213.44,9.13912
3767.55,12.3662
1048.45,9.02657
3027.49,12.9605
4090.56,1.10548
1567.7,5.34137
3561.8,3.26832
1125.79,6.34717
3724.25,1.50988
2499.17,12.6093
1026.81,13.0061
2396.28,10.6477
1213.84,2.8254
2964.45,3.22105
3042.12,5.19744
1497.54,4.86132
2607.5,6.92292
2654.18,9.47321
2197.21,2.97791
2267.87,14.8254
3239.89,8.75823
1643.23,13.5849
3631.66,9.6296
2902.82,4.86545
1165.2,7.55802
4066.5,13.3022
1325.43,0.312446
1598.62,11.3276
669.849,3.32038
899.25,7.20803
1397.03,5.70509
2996.76,5.28341
605.387,8.81528
3281.7,14.4184
1197.78,1.7967
1490.91,0.902183
3680.12,0.702039
355.592,9.0859
4085.76,10.3983
3683.05,1.59205
725.885,9.94748
1166.34,12.0461
3641.3,14.7977
4136.38,6.96753
2473.3,0.478358
2522.92,5.8137
829.203,4.41983
23.0552,13.4585
49.5273,2.50879
357.91,10.357
2458.91,3.57846
3433.27,3.19988
1745.52,12.7113
1731.37,2.95708
4132.31,13.9132
1166.51,6.45081
1207.85,2.51542
3509.99,3.51905
3025.46,4.63525
2018.83,10.3433
3374.4,13.0353
2094.61,4.70078
3202.84,6.07388
3091.16,9.36894
1280.67,6.05722
2199.64,4.86225
2234.08,5.7699
227.621,9.32331
2668.97,3.62904
189.956,14.7008
2173.84,11.7129
3855.32,1.65044
3421.26,15.7298
3539.16,9.53659
1339.55,15.9927
810.403,12.7652
605.677,14.0131
2681.52,8.7619
900.731,8.28129
1454.59,14.8335
1037.82,5.4918
17.0176,5.7879
3635.12,7.7658
3646.75,0.447704
567.775,6.11068
591.43,14.9653
754.321,13.3015
343.569,13.7562
3735.02,12.5227
1722.56,5.7789
620.479,1.71219
2235.47,14.3989
1776.97,12.7393
688.196,11.2871
504.719,0.404084
1050.02,12.7311
367.916,4.66685
3491.49,0.516661
3622.59,2.10953
3309.13,14.5744
2534.61,3.28862
2501.48,0.227964
1465.12,5.22943
1389.26,5.53458
2985,7.45046
2763.63,5.09589
3585.37,9.60509
3588.19,12.3783
1391.29,11.9572
1399.03,11.5158
879.181,8.187
3095.23,9.85505
4191.36,7.34239
2015.84,4.27952
2111.86,11.3875
2807.87,15.5841
1421.06,6.24613
1936.45,7.79832
3793.75,10.2774
670.93,9.28669
3995.24,12.4799
4105.09,6.94012
933.146,6.17302
985.064,13.3735
2857.71,12.2565
620.786,7.23866
3531.47,10.3428
4046.15,13.3533
1693.16,0.140874
2361.58,12.9294
2581.33,0.767862
2669.67,1.01239
3072.95,15.2408
3607.42,14.5263
1362.39,3.70023
3258.29,4.78646
436.228,8.75729
3310.01,2.01364
358.727,11.822
2379.56,2.5415
2796.5,12.8679
3205.89,12.0964
22.7047,3.45785
2188.04,10.0028
634.063,2.62675
1641.75,10.697
524.365,13.6466
2626.9,9.03595
2072.5,7.11815
3159.04,2.97346
2181.85,2.06723
1115.71,1.19573
3634.25,13.6392
2482.47,15.6731
4000.94,9.98995
2926.92,11.8255
3493.91,11.2476
3090.26,7.25126
666.942,12.5295
1067.04,5.24329
2390.79,8.55559
1365.63,4.33903
1882.32,0.152326
1693.3,15.5106
1072.44,8.90949
1016.6,9.49091
1507.19,4.77574
3933.55,15.167
2119.05,13.1592
2908.3,10.8199
3554.42,1.25151
2090.97,4.61602
1996.57,15.0185
3017.04,4.40253
3966.43,3.48608
457.923,8.79736
2163.55,1.62293
2732.38,1.586
3952.56,8.6366
4045.52,5.43019
3801.18,7.68227
631.154,10.5702
500.247,1.70224
3593.18,8.44291
4137.72,6.16174
3656.79,11.9555
3927.62,10.921
614.38,15.6453
1646.71,8.64604
1886.28,13.5237
3357.13,14.8298
137.892,10.4023
231.277,13.3636
1574.67,15.5801
877.841,0.180138
3356.43,9.50098
25.8708,11.4111
2063.53,10.5307
2053.4,8.78797
1570.88,11.5566
417.368,3.76927
1820.1,12.5471
3180.49,9.64435
2465.89,11.2989
3843.22,9.01352
2029.26,0.343392
2689.17,14.0321
647.37,8.87588
1953.17,2.13084
2644.02,1.39104
3793.5,7.42381
928.544,14.8096
2091.42,10.8689
249.241,10.0382
2586.64,9.82208
432.385,0.364142
285.563,2.25701
3945.81,7.74883
2662.08,2.98681
210.843,2.55054
800.376,2.08801
1966.48,11.7659
3232.8,1.55909
4062.67,11.5985
1899.82,11.8425
4125.27,2.73606
304.851,1.59425
4075.28,7.32301
265.574,12.4336
1019.21,6.45107
3262.24,3.80168
1949.9,4.59019
1005.98,3.50921
3419.42,0.300016
2800.38,0.201701
3637.7,7.34962
3485.75,13.5216
1300.59,15.4857
3027.52,1.08428
2898.81,13.9574
4142.77,1.4941
804.023,6.72346
1177.39,0.669257
4157.73,2.96922
923.806,3.85241
2131.7,12.0083
2730.12,11.7504
721.171,3.33396
2985.22,10.1812
3132.32,12.4405
1613.04,10.7129
1049.2,2.05201
2291.11,12.9686
1092.53,6.38395
216.628,7.89182
2210.32,9.27133
3749.28,13.8306
3117.27,11.7856
3756.18,7.44494
1180.74,8.65925
2277.62,9.98333
3207.43,0.082115
2997.77,15.3233
3743.95,0.82477
2227.99,4.88228
2857.87,5.38694
1948.62,5.65689
2784.36,2.48444
1497.62,13.719
3184.29,7.67159
3090.68,10.0023
2620.01,11.0854
3053.17,15.6493
606.924,15.5688
3614.6,4.50448
562.001,15.8351
3892.85,4.33067
3980.68,14.1506
3133.46,8.00129
2231.99,3.62467
2084.89,11.2716
2117.91,11.087
1182.5,9.92335
3651.79,8.60741
2558.26,1.18776
1224.73,0.846126
4120.83,0.785102
2968.58,8.58441
3861.67,4.86347
589.831,11.098
2915.24,9.20119
3100.77,5.79433
1446.3,2.74341
1793.85,5.50745
2049.83,6.27514
2631.07,4.30198
1800.09,7.16879
3378.8,0.617142
434.87,4.32923
1312.53,3.39519
526.259,6.02741
406.31,13.3329
1722.95,14.137
2440.15,15.8547
2443.12,3.64487
3754.75,11.5876
3478.23,9.3355
641.749,5.5917
3670.42,8.53119
249.189,7.39162
3634.89,9.91125
2957.5,7.32036
1648.74,6.81842
3177.67,1.07527
3321.88,11.3973
1254.81,9.51877
1493.47,10.4842
455.412,14.0437
840.486,4.7244
107.798,1.3446
3541.68,0.528841
2724.73,8.56993
949.72,11.9767
1411.96,3.4187
1691.92,1.10556
2457.74,4.44863
3253.65,0.162299
1351.12,9.29975
4029.97,12.5771
3533,3.76086
1743.65,14.406
778.437,7.49908
2766.72,6.29741
1300.46,2.68431
1339.25,15.0776
365.142,3.63189
1684.08,3.33821
4117.33,6.52032
1742.79,14.5537
2125.61,15.7531
1404.65,1.03336
2369.74,13.6091
3036.15,1.2206
959.337,10.4798
2973.57,14.6579
226.129,3.70157
759.462,9.11606
788.309,13.4036
2517.38,4.41237
2923.17,8.75735
3402.16,13.6082
690.479,9.59073
1558.85,0.960094
3688.12,6.72425
3607.46,5.61218
3620.58,13.8906
2549.84,5.98956
3975.64,0.147401
3978.69,3.68724
1184.01,12.891
639.271,12.46
235.294,8.34448
2280.57,15.8978
3493.58,1.44951
295.827,15.4247
1576.1,8.75477
3542.14,15.4099
1977.06,1.15101
783.149,15.6541
1904.97,2.96775
1898.25,10.3403
738.865,11.8438
2425.93,1.09107
798.805,13.2368
3160.53,1.41616
2494.32,5.5014
1310.22,10.9141
3956.73,10.4922
3400.33,12.3056
3958.57,9.08013
3173.34,4.70788
160.53,5.85929
394.693,10.9083
2.26947,8.89571
1701.42,12.7504
3308.08,3.19383
3142.02,8.39076
133.853,10.0751
3376.73,2.12158
968.378,4.02913
1473.28,1.80879
1652.86,6.74635
2223.08,15.0346
3409.78,11.9058
509.453,10.5246
2662.06,8.364
1291.13,6.96642
2808.42,12.4914
767.98,6.18698
2319.55,4.19043
2458.12,15.9912
2125.99,3.48566
3586.95,7.00698
3482.36,5.17979
915.527,9.47475
1280,0.682276
226.212,14.9166
6.74715,4.87409
3730.4,6.16984
2240.69,13.9408
3871.22,2.53154
3639.15,12.7998
1092.24,4.97526
1264.4,13.8357
368.51,12.1803
2471.34,2.24119
1098.02,7.65234
3180.88,2.81503
4042,4.74995
1246.94,0.315867
2680.41,5.71206
2006.44,10.1318
1039.01,6.23763
2456.97,14.1256
2705.84,6.41847
3734.07,10.5617
3549.96,8.72815
314.758,8.08174
3646.49,9.73133
2111.09,9.40449
1814.31,8.45781
858.193,15.1983
2418.51,4.15465
823.92,7.15369
474.62,11.4966
1920.26,11.5907
3354.17,2.2586
1635.27,15.8679
1689.6,0.390509
2930.24,2.38531
729.685,13.2848
2723.92,14.4864
2204.13,2.96513
2919.52,5.62311
969.022,11.6915
1673.47,3.61475
1343.37,10.4604
918.356,11.4346
1382.98,14.6398
933.291,3.66425
2999.47,15.5756
3737.78,15.7312
2477.8,2.99268
2114.51,13.8781
1276.44,8.228
2730.24,6.83484
1991.57,2.94049
2524.83,6.59622
4138.8,8.10721
1807.75,6.24096
3187.74,0.518885
1679.1,2.1824
91.6409,14.2272
323.492,10.8255
108.607,13.6949
1562.34,5.54204
2361.7,14.8258
705.393,2.45192
1798.22,3.69419
1152.4,6.77389
3664.36,15.5483
2651.55,10.624
3180.27,6.16034
3319.97,7.51239
929.704,15.274
2271.38,8.96367
271.618,4.06949
527.067,1.46178
1157.76,2.20694
1601.92,2.55948
1620.9,1.79579
1335.02,0.310253
551.153,8.80531
2175.49,14.3177
3385.97,8.47937
2249.17,13.7894
2493.17,13.0215
1541.91,6.70373
742.487,4.1309
3863.83,5.741
4009.91,6.13028
2866.55,1.61349
3795.2,6.53326
626.429,10.3292
971.66,3.27469
4136.12,12.6093
3978.19,13.7933
2328.47,15.1249
2533.99,15.3169
3911.62,3.22324
662.248,6.52852
2402.41,10.049
4174.15,5.80524
3308.95,0.990439
4117.19,4.11214
3784.2,12.6504
3711.11,14.6951
4073.6,8.08213
3970.73,4.53762
1367.9,6.46685
68.5774,1.76688
411.099,11.7471
3623.5,3.09877
213.013,3.94859
4042.54,11.857
499.704,11.2983
1911.83,12.2661
327.507,8.53835
2529.59,15.0555
9.92876,11.1482
788.047,1.14312
2393.11,12.7
3870.22,4.48579
23.988,11.0147
3451.57,12.1146
3955.15,5.50109
3108.2,5.99772
2635.41,13.0917
1645.81,2.33911
4096.23,8.33533
2755.6,9.51048
406.255,9.44194
3488.67,0.376931
2204.44,5.86347
3789.27,15.7335
573.623,8.28596
3997.95,12.9271
1531.75,13.4718
1558.02,7.15164
1410.33,12.5891
697.645,13.9936
3405.75,11.8037
122.433,5.6662
4172.48,14.0697
3213.08,0.357575
941.061,6.53255
3058.88,14.1076
3719.92,3.17299
2026.4,7.69438
3065.64,6.34904
2546.81,10.1129
3088.72,0.555033
1401.13,12.6191
1725.77,10.0607
433.379,6.46961
387.071,8.3633
459.59,9.65498
417.975,1.89417
3607.09,3.09957
1533.34,0.0383594
1427.99,6.67697
2211.55,10.5967
2694.15,11.9238
2828.29,5.61789
374.778,4.81912
1717.27,8.88586
3427.35,1.39528
1972.2,9.43591
782.937,2.82329
1062.29,10.2285
2753.36,3.46577
2526.81,0.980273
758.97,7.74388
4183.55,12.476
3342.55,10.5928
3614.3,15.5914
1701.26,1.42054
1425.36,1.32042
2287.39,5.7228
4122.81,0.0541435
2438.55,0.267234
658.106,0.0419439
313.931,1.86903
2835.79,7.77267
531.536,1.44759
2805.43,5.56631
2589.62,5.96256
610.554,2.10511
2664.73,12.2853
3977.34,5.84696
2304.26,3.90355
1187.53,4.50937
499.32,3.73948
1518.29,7.88965
523.356,12.4022
1146.31,2.72728
2429.39,5.89484
1453.53,13.1472
1369.4,13.4243
1147.27,15.326
1795.37,1.33868
1610.68,15.2851
2906.63,13.2609
4171.11,14.383
3826.46,15.4938
1622.19,3.21041
611.742,14.0685
1223.04,6.07019
2748.81,15.0945
748.048,2.55098
1258.93,1.32676
3479.98,7.41788
1719.56,13.8467
592.764,15.6702
531.536,9.4619
4182.99,6.54153
4101.43,1.1446
3110.09,9.66403
2080.45,15.249
2918.06,12.6951
1146.34,7.59174
2074.9,15.7025
1402.42,5.44008
2570.54,13.3267
3989.97,10.8286
473.655,2.64331
723.58,10.6018
1212.45,12.8454
373.798,11.7536
1392.28,0.386261
83.1769,2.22515
2289.52,1.11203
3014.42,7.93213
3451.73,3.94102
2036.74,11.4141
2474.06,14.8608
3803.47,3.3855
210.928,1.15483
1826.5,7.61985
536.582,8.79958
910.221,14.3719
1892.13,3.39415
187.089,11.495
3600.25,11.3846
3952.99,13.2173
3111.77,11.291
2191.61,10.0203
1137.6,9.73101
793.971,15.3942
290.347,14.6548
1499.95,14.7005
738.719,14.0859
3669.48,6.90173
2405.66,1.14934
2106.58,13.4671
1760.15,11.3542
1745.35,6.14382
663.651,14.4474
134.54,13.7937
129.187,12.2323
645.643,0.4017
697.586,7.41114
2299.73,10.9999
1158.77,5.64093
1599.32,4.8971
1841.91,8.70885
2173.43,5.47022
150.133,7.89002
1362.18,0.74557
2949.75,12.5555
3312.97,15.9029
2579.81,5.99351
3653.93,12.6593
1937.46,15.3154
3550.83,14.2417
136.623,3.94555
1478,2.55028
2320.36,12.2171
877.174,10.6988
3285.2,11.6296
227.795,13.4398
4129.92,10.664
3694.81,3.16246
4176.8,0.965988
3628.94,8.63537
74.884,2.59005
2857.73,10.2037
1264.27,2.03175
2858.63,6.1305
2883.28,12.5135
1241.05,6.17946
2366.46,5.50764
3803.92,6.60507
1768.95,4.74906
983.089,6.26781
3349.63,13.3654
113.598,11.3222
3205.09,14.4696
125.56,4.78307
1373.71,8.37868
848.028,5.15208
316.371,12.1358
228.602,11.3703
492.355,1.06562
2192.62,1.3985
3264.2,4.43378
3203.72,15.0141
873.733,5.7475
3334.4,9.06783
2999.52,10.8905
2583.68,2.58826
158.747,6.88673
1617.97,4.35499
490.979,14.7182
2092.93,7.55968
2263.25,2.40598
3857.46,5.78359
3747.85,11.443
3349.45,8.91759
3368.41,9.38786
402.134,0.987386
3266.96,3.10754
972.635,5.7001
4108.05,9.65213
541.134,6.49119
2309.88,7.74501
2642.75,3.35439
4004.95,10.6559
2730.11,0.904059
3186.31,2.48888
1846.56,6.92523
1276.23,14.1118
1436.52,4.76095
3552.68,11.5754
3908.67,8.05158
3882.62,7.66099
1474.15,6.09986
3581.56,12.1768
629.226,12.6459
3420.1,6.09928
320.369,6.07782
2645.27,6.81743
612.888,7.22724
1109.82,11.4621
3392.5,6.07663
2913.63,11.2835
1728.3,13.2475
3527.05,14.8806
2512.51,14.149
1888.46,0.691424
509.898,7.944
1355.37,2.44376
150.775,8.44829
770.067,6.80029
2972.48,11.7496
2039.19,6.94747
1106.74,0.104464
1235.72,2.48587
2196.92,11.6356
1901.78,4.42176
2392.52,15.285
245.395,2.38008
2333.91,10.7563
260.401,14.1985
3074,9.65184
4073.84,0.786898
1206.26,15.259
2565.46,5.81206
2849.19,2.57502
648.023,14.0289
1485.82,0.432399
2585.26,2.35692
3885.97,9.18412
1932.61,13.7208
1629.1,12.2287
3652.05,1.53804
1990.33,6.96423
1593.75,10.1892
2992.48,10.9659
3358.17,3.22058
1592.22,4.24547
518.214,12.7021
2203.03,3.93833
2251.1,13.2111
1008.81,7.62962
2194.85,9.23638
2432.08,10.9914
1183.96,13.9783
553.868,14.9498
3457.37,7.30991
1105.25,9.27693
1671.3,2.90704
2006.38,2.39323
1269.18,1.15054
43.0188,11.334
3102.01,6.80895
1081.72,10.4634
3842.36,1.92314
3453.87,10.3766
2956.08,5.61669
3708.66,11.5501
316.284,11.2086
3900.01,7.21469
1944.17,3.08857
3008.38,6.91618
290.442,6.92944
2163.49,13.1587
3877.95,1.62658
557.711,15.9158
33.3849,9.05672
2041.67,7.38429
4061.6,5.25433
2208.65,8.4091
2510.61,14.2939
3848.53,4.63806
873.446,11.2938
3814.99,3.66632
3230.56,13.2147
3523.29,9.09077
3856.8,11.9135
1474.71,13.4012
2221.38,14.3551
746.897,4.19327
2250.49,9.11989
3348.36,3.15255
1949.23,10.6975
1075.58,8.3894
523.774,13.5191
2226.69,14.1973
28.3241,2.72948
3015.64,9.63521
2797.85,9.93661
3787.66,15.8283
321.143,12.0158
1055.16,13.9916
673.95,2.98154
2230.84,6.12544
3638.8,1.09515
1378.32,11.4237
1482.69,9.62419
1843.68,8.80953
681.828,15.1666
2088.03,11.9362
3594.27,8.43797
231.534,4.31995
3250.11,8.35953
743.802,3.12019
905.767,12.9036
1544.88,9.91948
718.929,5.90569
2451.35,8.07865
4026.61,12.3757
2767.84,5.43374
500.735,9.01681
4116.95,3.14292
1668.2,2.46267
1492.67,6.72003
1187,2.44394
1700.14,11.3595
1037.42,10.5912
2159.57,7.86068
3739.93,0.987076
1798.1,11.0615
2447.86,3.77362
3022.02,15.6351
250.025,15.2629
3814.08,5.62744
3542.04,7.77474
1359.53,15.2745
151.294,1.80113
3762.66,10.4809
3730.44,14.9637
2429.56,4.71442
823.555,14.2827
3599.66,10.0567
2479.28,5.9362
3537.59,0.535842
3802.41,8.62902
3163.84,5.41452
402.01,8.3327
2785.31,10.2613
3555.81,0.781443
4162.07,3.55627
1125.54,14.5331
495.97,10.0444
1214.44,7.78216
3038.82,1.47535
2542.63,2.2708
1347.1,15.022
3044.15,6.63445
2413.07,15.4935
3824.15,7.79778
2227.35,11.7187
1653.29,4.72352
3961.87,2.66516
2789.58,11.0949
3613.53,3.29664
2556.02,4.22064
1811.81,12.4401
1554.39,8.35755
3566.39,3.88334
2201.22,14.4387
1167.14,8.31596
1490.73,7.58836
1663.77,14.5743
4056.85,2.48711
1931.74,7.5729
596.375,6.31605
1299.33,0.895576
1999.92,3.72106
2106,12.5659
4128.74,9.59158
2482.59,14.8405
4075.07,14.8126
3428.05,10.7569
168.984,15.9488
3541.46,8.72463
339.072,5.65197
1688.45,14.3228
2807.51,12.386
1862.74,8.83648
6.27005,13.3487
1819.72,14.895
270.053,8.65966
2286.22,9.52539
3013.12,12.7248
838.207,15.3176
3768.16,15.0269
2172.42,7.34071
428.112,1.14334
309.127,1.92104
1228.29,6.23405
3495.71,5.65478
1777.09,1.56177
4091.51,11.8256
334.94,14.9525
1675.46,8.67712
1182.48,8.53521
4184.38,1.64027
1935.48,4.4129
1751.08,7.91478
50.7763,14.1127
1278.49,8.10218
145.825,15.4619
56.2068,0.883894
1084.83,3.23592
3852.1,1.25432
1685.54,2.84862
1374.56,5.56842
3489.52,11.1931
3776.16,7.39839
1947.1,5.97047
129.661,5.56981
168.334,7.34336
1121.9,0.547459
841.755,4.66299
3467.38,10.2593
2768.26,9.7243
3802.79,13.6574
3039.26,4.88598
954.71,0.43684
3427.78,6.60473
1764.03,9.51244
3908.3,14.7377
664.783,1.9928
2909.22,5.72491
1968.64,0.677475
4049.85,15.1343
888.102,1.92004
858.303,3.34874
920.763,15.2676
296.057,6.77825
994.543,8.29815
1613.11,1.58611
2709.68,9.63779
1485.81,15.1677
3333.75,2.60517
1527.71,0.210248
3239.44,2.75128
154.97,14.4635
1024.87,11.6914
2911.36,8.50954
162.099,5.38269
3070.76,7.15753
2597.97,1.70574
2333.13,9.5546
4146.41,8.4045
1189.85,14.5478
521.51,6.55141
862.049,11.8339
744.33,5.38087
1940.44,12.5146
3717.95,8.59909
2676.28,13.146
1440.87,3.91422
2884.57,12.7524
67.818,7.49878
912.188,13.0036
1200.34,12.8432
3259.71,2.70784
2193.93,13.9695
3850.64,4.38208
448.724,10.4777
3800.79,12.8912
174.802,9.72865
576.345,14.2718
2189.78,2.25278
2776.59,13.6918
3605.99,7.45264
2829.81,1.15966
4085.33,5.75077
754.6,1.61936
2222.7,12.885
2713.16,1.18432
4120.83,13.4402
415.733,0.17714
2716.99,7.13571
3480.73,2.67777
1923.7,1.37751
3671.65,8.94777
210.732,6.9399
3756.95,5.62466
523.779,6.93662
2293.09,15.3674
1215.97,1.41589
1374.66,10.4517
746.389,3.49395
2048.55,4.75667
488.383,6.22664
1036.2,0.50447
963.546,0.149142
1661.39,9.21334
3797.36,6.07376
979.628,5.35548
1526.77,0.469917
183.14,11.8238
560.511,3.83704
2511.33,0.135962
348.547,5.87659
671.85,9.23482
3695.01,1.805
3451.51,8.84469
175.153,1.28273
2551.23,11.172
4096.91,0.345936
799.912,9.15869
1572.37,11.5786
517.952,6.66004
978.982,12.6287
2096.58,14.3101
1199.31,5.91543
559.763,14.358
926.088,0.700236
2241.09,11.2191
1349.37,2.05354
1180.64,5.02225
1816.46,10.9834
2098.42,13.7925
2436.89,0.968479
4167.14,8.80814
3681,15.3048
3974.1,0.779993
3231.37,10.5375
2809.48,9.36589
1492.67,3.49643
2530.48,3.78366
2056.42,7.45099
2555.77,13.3895
2582.41,2.1283
3896.1,9.93934
495.994,1.33136
3128.73,8.62739
3485.19,10.4228
3406.56,12.9499
3579.97,6.67078
2600.74,14.8039
519.15,2.31917
3189.48,1.29286
3205.66,4.82438
405.278,0.565641
2281.88,12.1942
2004.74,14.7482
3526.6,2.55901
633.817,0.642405
1930.26,4.53758
655.218,7.07322
4002.37,8.8637
3148.49,1.73236
4142.23,0.321762
2710.92,1.03869
3029.21,2.51565
1375.07,0.842205
2100.77,2.46054
1858.8,10.1353
4075.35,13.6547
1098.2,5.94372
3721.25,6.1477
2038.42,14.0906
3144.82,0.455622
3267.83,2.91725
458.026,10.1196
2454.94,0.478159
3191.8,13.3546
2668.54,14.9219
2930.68,3.7761
3166.37,12.6585
4178.41,2.03387
3378.37,6.88662
824.569,4.76412
2857.59,13.7676
2649.85,5.64481
3411.92,3.00638
1080.41,4.41111
279.25,8.95942
1544.87,7.21757
3864.21,8.30145
2935.19,3.19685
3058.72,9.57973
1138.74,4.00016
1465.62,11.54
1516.54,12.603
3900.87,6.35085
1656.33,2.64181
3103.98,6.70745
1346.23,1.1987
3451.42,4.76868
3444.59,2.48789
590.663,11.8614
2474.9,13.4875
1756.35,11.5397
1772.22,10.146
3259.11,9.07463
1269.94,0.496489
1131.8,4.46932
1566.14,10.0193
3000.98,6.00465
2068.67,10.7178
159.088,9.19375
2298.49,0.689369
3973.33,5.74593
1074.92,0.909347
2494.27,15.4454
4008.98,5.34446
3604.55,15.6428
2922.66,2.80996
3949.28,13.5942
3811.72,14.39
829.954,8.1471
2399.43,8.17195
2963.4,6.79013
3818.52,10.598
1795.18,4.23248
2445.31,7.14084
1339.18,3.57759
2884.36,2.43303
370.231,9.79627
3764.21,6.4218
3873,6.70703
3522.96,4.59308
3161.57,3.98307
1808.11,4.62601
3757.31,8.61419
2883.06,15.4291
217.14,15.1854
4012.66,11.9521
2734.84,7.95577
1255.74,2.90969
165.888,15.0104
2434.51,3.15882
3423.32,12.8468
77.38,14.2622
3018.84,3.83133
645.212,14.5969
3053.2,6.87804
253.109,15.5393
3899.91,11.7292
1527.34,5.48934
3541.87,3.12259
1393.67,11.3912
3667.28,14.2664
2001.64,7.88151
1837.55,5.17082
1246.47,12.7823
762.169,12.9232
1977.46,1.94597
1562.29,12.3807
1259.97,5.68476
3858.57,13.5311
4093.26,15.0402
2284.5,14.138
2403.83,3.51866
726.614,10.4323
734.729,12.5556
1051.56,15.5548
1582.29,11.5366
2775.87,10.0704
3922.04,5.7218
2576.83,11.3239
3531.14,0.979098
106.85,5.48469
2613.37,10.0472
901.436,3.1936
449.235,3.27738
3080.79,12.9596
3082.84,7.85877
3436.86,7.32255
3668.94,1.53462
1975.11,8.80659
2617.48,1.90665
3844.85,12.3496
341.159,12.9593
3163.7,15.7093
52.4947,10.1236
767.096,3.81311
1757.12,8.15466
1452.99,8.93872
557.808,8.11857
3194.3,0.241711
2912.86,8.61252
2554.26,8.39566
2564.68,12.6369
1829.84,13.9466
2007.74,13.18
2516.32,13.2299
1925.71,14.4847
3544.4,3.76521
3049.86,11.7298
296.688,7.45479
210.062,6.09475
1615.44,4.15579
217.116,7.2358
471.106,12.238
4061.04,1.17194
1022.31,6.58116
1414.35,4.90452
1313.35,1.37712
282.703,11.6793
3930.88,2.99511
3476.74,3.32094
3297.15,0.885347
3403.94,3.30863
1915.83,2.65558
2758.89,13.7514
790.106,14.7865
3271.37,8.53323
3275.51,13.8527
3350.81,11.2884
3441.89,4.68885
3960.52,14.2414
3308.7,6.9747
167,1.52296
1127.69,1.43321
780.997,11.862
551.162,6.72
2471.76,11.433
1052.52,3.04901
1762.54,14.6117
2759.6,11.4083
1651.2,14.604
3055.52,8.16734
2163.47,7.54788
3292.06,6.41012
1598.05,8.73271
4031.15,6.70541
596.897,0.829513
1086.16,8.79231
2081.07,4.78861
2521.1,1.22384
2622.98,11.454
64.477,9.81404
3976.83,10.9801
412.538,8.58927
779.421,11.7935
482.292,4.31148
334.344,9.05296
300.467,5.89102
2325.39,10.6695
2982.45,6.92093
3513.51,11.7356
2767.54,12.0437
2639.74,6.40272
4151.9,0.0311456
2355.26,3.65977
2660.53,13.7817
3839.52,6.07798
2487.9,13.6322
1361.19,9.71101
2924.88,7.92592
3149.57,13.1963
3269.78,14.1712
1785.9,2.92467
1053.46,1.77193
3865.4,1.28263
3363.92,8.27575
1897.29,8.91677
1343.05,9.37109
3556.43,7.90423
1292.11,12.3324
1313.33,10.3154
31.6521,3.16922
1430.73,6.90555
3590.29,12.3902
1553.64,0.876927
3374.82,13.3847
695.095,10.3152
2530.17,5.64693
93.4671,1.84086
2675.83,8.14615
3940.98,14.3198
2035.56,6.56712
1421.57,8.76477
1013.7,0.0551849
1224.65,2.82746
3995.76,15.1721
61.1344,1.65945
3088.74,8.89448
1000.6,15.6832
1188.72,6.71781
1033.28,10.6145
37.2953,13.4814
3797.5,7.41721
1137.93,5.90317
1534.71,5.34497
2098.94,4.79032
2381.67,9.8528
1435.73,13.6395
2699.37,8.3674
489.895,2.0458
429.007,10.1697
2422.18,7.22617
1774.59,11.4825
473.495,4.27593
1875.88,4.20759
3094.24,9.80651
3693.64,11.0461
721.63,8.48875
2389.45,8.42578
886.52,3.76447
1062.58,14.5228
662.59,6.95652
3427.21,4.93733
1607.26,12.1807
899.569,13.8616
652.744,9.45086
3561.41,10.0515
1067.64,1.7017
2519.48,5.6835
542.136,2.99608
2637.39,15.6145
576.721,8.68553
3679.79,1.73537
1462.04,5.93611
3756.71,14.9584
1843.6,9.53287
2762.66,15.763
2246.55,11.0922
2727.11,15.6306
2140.19,2.47953
2058.44,5.53466
3747.24,4.36861
3110.15,8.33052
2271.33,10.214
126.192,0.144298
3313.95,14.2573
1809.4,7.72078
33.9909,15.5421
108.36,9.38264
1162.64,7.19941
4018.9,7.88964
794.421,6.2525
4190.41,0.518115
155.626,12.3535
3280.39,9.14651
2355.92,13.268
1743.64,9.61221
881.163,8.42212
827.064,8.71731
564.371,6.24556
1283.97,4.20835
2441.1,8.75193
1307.19,12.7545
1322.77,1.19496
1097.54,11.8818
3794.03,9.38466
429.612,7.48669
1379.04,3.95494
903.705,11.895
1791.57,2.6736
3956.04,7.29169
3786.33,6.49268
3013.04,10.948
856.988,7.35369
1791.58,15.647
3901.65,5.69794
1352.36,0.496741
607.178,14.2897
426.247,5.42283
3645.51,5.47506
4016.64,0.235438
2918.79,12.8509
448.406,2.1168
475.734,1.09081
3616.07,5.53747
1212.69,2.02055
3705.94,5.78778
2925.11,12.2898
3833.43,8.78696
703.757,6.78537
1020.01,12.4461
1603.78,8.2493
753.318,14.8776
2571.68,6.39177
2589.13,11.1975
3689.88,12.2704
3408.48,12.7192
3618.46,15.915
1065,10.4347
3943.7,12.3287
532.905,10.3541
1474.24,7.09738
777.351,5.04064
457.969,14.5594
2750.74,12.3814
3006.89,3.38347
2033.57,14.2195
2174.68,6.03272
2157,14.4672
650.711,9.77138
2650.84,7.28018
181.341,13.9693
1705.37,6.98961
2145.98,6.72921
3187.18,8.0082
1301.53,14.8728
4014.98,9.0694
3395.78,10.0503
947,1.16409
1358.44,14.9686
3232.23,12.6929
2790.02,6.64219
1900.35,10.8264
26.899,10.8945
4130.85,14.7488
2983.55,1.12316
3817.86,14.3072
86.9343,1.9995
2039.77,9.56514
3601.1,8.17954
1095.02,7.76372
3108.52,11.1194
1386.84,1.27443
1004.97,11.5791
235.847,9.29076
3401.51,0.693855
1738.34,3.19065
2966.05,10.7171
4050.38,9.29277
2368.21,4.76772
2427.32,1.98165
1715.03,9.29318
312.214,1.99597
1422.12,9.94829
1434.48,5.23951
2372.41,13.9897
3085.04,11.2128
2622.49,3.80684
779.658,2.92499
724.595,7.47669
973.421,1.90297
1977.98,11.8442
2015.29,8.12734
3816.31,12.5167
3633.83,1.46416
3382,5.97525
1008.77,9.6304
3114.8,11.8309
2360.44,11.8626
259.646,1.3055
943.901,9.56515
4049.74,3.90174
3111.15,15.933
3859.55,5.37271
2469.93,15.0674
2855.17,11.1708
3808.94,13.9319
469.501,9.12139
859.744,3.07475
52.9734,10.3442
3378.73,14.6054
2501.76,10.4797
3060.78,3.15873
3712.6,6.59349
3534.02,7.46124
577.836,15.7616
903.165,2.61022
1795.72,14.0757
893.632,9.93796
999.106,14.8461
140.757,13.7346
1337.15,7.02499
3220.3,0.773266
1579.12,9.24041
2976.37,8.96737
2746.53,15.1008
1386.02,9.41612
3877.75,10.9311
3984.93,9.09615
1112.29,11.6204
2149.88,10.513
430.645,2.3346
3147.13,1.95629
2110.23,4.33908
2908.05,11.903
984.802,7.74666
1088.06,12.7232
2972.25,2.79827
48.5207,15.0501
1129.24,11.4402
1666.69,15.472
1467.34,9.96428
3411.19,12
1080.58,1.00219
3030.99,10.8567
320.413,15.3287
1060.26,9.84556
1325.35,3.69829
1565.79,7.42114
208.609,15.1907
2186.69,7.50643
675.97,1.743
2857.49,8.70517
1299.54,9.79445
3936.13,6.6363
3492.18,12.9052
1980.64,13.0857
445.151,14.2529
3701.6,4.85407
3703.15,10.3344
1762.04,10.8153
381.49,1.50385
37.3523,6.03089
1256.61,12.2795
1455.82,6.42347
1026.25,2.93397
3067.97,5.21917
3926.47,13.1355
18.6309,10.3638
2968.35,13.8093
393.664,15.3926
2469.47,8.09114
2871.65,11.4044
344.773,5.90891
1453.15,1.73761
1827.24,2.96695
4024.8,13.0939
126.882,3.52639
1282.37,7.00734
3598.61,0.587236
2598.06,12.5893
1761.67,9.3632
1205.49,8.23257
3014.82,0.553366
670.322,0.33875
1170.13,15.4126
3318.42,12.93
4191.42,9.39287
181.186,3.3806
344.851,3.08784
3327.59,11.7367
205.268,6.8343
1229.08,14.014
3813.46,1.93263
2258.89,15.3825
2091.39,13.6913
345.346,15.9963
3880.95,6.15115
3005.37,2.5317
450.485,6.53361
466.157,13.9441
3031.11,5.8741
4053.42,3.12652
2657.61,5.89171
4171.14,6.55917
1183.03,6.19315
3918.61,3.62574
2937.98,1.41891
534.661,14.3155
1440.18,10.7203
2811.31,0.47977
924.53,9.99126
1565.82,5.61032
2533.3,11.211
2669.98,13.4904
2150.71,11.0008
1326.08,2.34464
1601.56,14.61
2957.11,6.06192
1048.82,4.32762
2114,15.1955
3082.01,12.8202
528.398,5.36619
3692.13,12.6026
1753.3,0.995621
75.8482,11.3659
3163.63,1.05969
2172.77,14.3287
2912.59,2.04298
4100.45,9.02998
2932.56,9.05127
3919.64,14.7597
3929.3,6.76685
2586.78,6.03646
3169.52,13.5942
590.805,12.8362
1079.23,6.5365
2105.94,5.32262
194.514,14.9608
104.706,14.3937
3513.98,2.49127
540.918,4.43232
2665.91,9.75975
2845.85,12.9085
428.603,3.42649
1706.61,6.52373
4039.82,13.5656
2262.67,15.0315
1880.72,8.94594
2165.87,13.4307
2844.77,5.24281
943.084,14.0728
1590.46,13.011
48.1904,1.46313
469.456,13.4861
1232.77,11.6804
2318.21,11.0295
3830.83,8.22806
476.574,6.1344
1876.7,15.8062
1234.08,7.11081
3138.97,9.79232
2237.41,3.86167
1931.98,5.52165
1988.77,6.10732
1451.42,1.71398
2106.98,3.72281
2004.21,3.98444
1409.38,6.93929
1770.51,6.36036
1441.31,8.72031
447.909,10.2678
2954.01,1.89995
2010.96,14.6693
1885.28,15.4075
2941.06,10.9066
3393.97,14.6991
242.869,6.31838
1763.19,15.4107
2689.52,8.01522
4091.97,6.11434
3050.7,13.8883
812.934,9.00518
816.417,1.52939
3408.45,4.63298
1887.26,5.42305
3519.64,12.1544
1558.07,2.56077
3633,7.63354
360.211,0.148715
743.565,10.3173
1292.1,5.72493
1649.42,3.05535
2306.58,2.55092
2968.91,4.22248
277.928,0.435211
1825.84,5.81359
2079.2,8.04387
3581.73,3.183
190.733,11.8975
935.486,4.77416
2546.8,3.74388
399.962,3.81967
1547.5,4.5582
127.524,1.38262
1736.45,6.07931
714.656,6.71934
2973.28,5.37611
1984.75,7.61494
3325.36,15.2435
407.825,8.17943
2442.52,10.0766
4122.5,3.91994
2879.96,7.99258
1593.58,13.6132
552.68,2.84923
1366.31,2.31101
2932.71,11.899
2011.43,6.43803
343.226,11.9334
1048.03,14.3538
2417.63,3.62313
309.488,11.6835
1717.31,1.66351
446.507,3.29749
215.26,1.87702
308.935,10.1865
157.881,2.71011
3318.07,7.08032
3071.9,0.807246
2022.72,10.2092
4057.75,4.40913
3507.1,1.57084
2979.46,13.406
2622.53,8.38143
2085.1,2.69089
2066.43,5.81681
3068.27,9.65997
1910.86,7.57118
215.151,0.157241
2611.49,4.99172
648.748,13.4379
2068.54,0.636067
2916.78,9.83618
2753.94,7.67197
2755.45,1.63189
1721.88,2.17958
1947.25,14.8095
2640.08,4.70333
530.816,4.80619
3327.15,8.8151
37.2588,4.37939
1640.24,9.34287
1036.06,13.3228
2947.45,10.9848
2772.91,9.61204
1869.07,15.3939
968.105,9.88602
3658.32,9.72324
1363.29,6.36052
1094.13,3.50587
3473.41,12.9676
2846.27,0.161192
577.402,3.00996
3771.29,2.04887
4042.14,3.8213
1028.34,15.3456
3306.41,9.92881
2066.58,1.52995
4049.41,5.54574
1886.93,7.40655
266.731,1.91143
160.367,11.08
812.431,12.7191
743.784,13.6714
806.16,12.052
3564.78,3.56378
362.352,9.43742
589.993,10.2405
1103.94,11.9062
2139.85,13.3687
4159.37,5.28434
983.741,8.87566
3721.47,7.13121
1029.1,0.21297
1148.53,1.32039
3435.81,8.10146
1838.78,11.1685
3600.25,10.8136
3777.04,9.15335
275.991,7.33961
1951.16,6.23292
2621.18,5.52614
3496.67,2.38091
1978.87,12.6863
3155.81,13.6431
819.503,15.2112
2325.53,4.79304
3389.46,5.92576
2090.75,12.3428
3738.11,10.1847
421.634,6.36133
939.153,5.99909
2331,13.3692
1296.18,12.2549
2555.51,14.0569
486.974,7.76747
3439.15,1.86069
1494.82,13.1577
2954.44,6.88286
1912.92,4.14017
1254.98,1.47617
4012.14,4.40161
2601.52,9.57613
4117.42,11.1689
1622.23,0.933481
3036.11,14.6709
3836.4,9.18336
1858.6,14.5216
1952.32,4.8967
3699.22,8.44769
3405.99,4.63613
305.812,6.48219
1879.13,14.1671
2052.55,5.24256
3892.41,0.519503
433.45,7.58834
2842.59,11.7011
1080.28,6.95564
1412.26,9.26402
4083.67,7.90532
2180.44,15.6678
2146.16,10.7966
976.883,1.13196
2895,11.9838
2000.29,8.00407
2053.3,12.1235
222.597,7.38061
471.215,6.04237
2213.47,11.8421
2206.96,5.66592
3456.97,8.11185
3462.99,11.2911
765.725,14.8706
3661.54,11.2929
3449.63,3.13643
3551.49,3.49457
444.294,3.76463
3070.88,11.79
4100.58,6.98812
1296.55,0.650483
2451.91,8.44386
2433.29,14.4932
4049.88,4.83702
3016.47,7.01753
1193.62,3.99158
4080.29,7.67171
641.724,8.21384
3572.25,6.73673
3511.45,6.88447
2795.18,10.904
3643.8,3.73053
170.791,6.55768
3397.03,9.6015
3290.92,10.1103
1998.58,9.66516
4129.99,15.0133
1777.69,14.6422
3695.19,7.77481
2838.6,12.3956
730.683,13.9827
1937.41,0.275483
451.669,11.8076
553.557,7.3383
3199.16,1.27436
2809.53,1.52179
1198.85,3.25081
1854.98,6.36792
1275.75,10.8329
788.174,2.63479
2993.65,8.52721
847.588,10.2713
1466.63,6.79134
829.597,9.65171
2086.74,12.6371
371.102,3.0037
3659.81,1.17639
3494.65,14.6098
2691.09,12.5958
2274.92,15.1868
3744.27,6.55532
2077.96,4.44211
3796.51,4.3173
2941.95,3.34585
506.515,4.92738
3557.22,11.9115
2639.44,8.72482
1466.32,12.4259
2915.52,7.87717
2102.92,8.29869
877.74,5.63258
3642.58,0.558292
3023,14.0538
1166.25,3.90589
507.559,13.1026
3754.49,14.5517
4144.66,3.31574
2141.98,7.29412
3811.77,10.6861
2282.47,5.51584
116.239,13.9532
759.608,11.2059
4107.08,15.441
4091.74,2.01491
3806.78,13.6399
827.496,6.81426
2819.79,4.5313
88.8064,9.69428
4079.99,0.975445
1600.9,7.87171
934.019,15.274
3899.91,8.98458
2820.61,5.84697
4056.87,15.5668
1495.62,1.65456
3486.31,9.44567
3576.82,1.4358
1819.02,6.25261
630.311,7.22477
257.582,4.48323
2797.96,9.1437
3217.23,5.24522
2884.62,6.9951
3565.93,4.35615
3675.26,6.24843
2150.26,12.9635
3593.36,3.36136
3294.19,5.4874
377.817,6.61518
26.9166,15.88
4047.14,0.356887
3028.22,8.73206
351.745,8.06166
2131.92,9.15925
2124.63,5.28556
637.423,8.41841
3958.56,13.3972
1469.51,2.47768
3393.14,11.6895
2472.08,14.9889
3851.84,3.45834
2847.18,8.56103
1223.41,9.07168
3473.06,15.5683
75.9994,9.08026
2671.99,5.49522
1830.08,12.8848
3036.82,12.7424
2714.33,5.52725
2907.09,14.4258
2484.69,8.31914
139.007,5.81358
540.949,9.00235
1196.12,4.35558
209.864,2.16962
3829.64,11.0499
2450.37,3.57626
4107.19,12.8126
1503.72,3.35995
737.294,15.5322
1480.5,14.7535
1009.79,1.30183
1603.13,0.332402
2413.63,2.49777
2498.89,4.44179
1838.08,0.903845
857.125,14.1747
949.86,15.8142
3794.6,0.813393
2828.98,8.28883
2443.91,11.28
2067.73,5.81326
4141.73,2.40246
1526.58,0.0553115
1147.8,15.6303
2361.46,10.5824
1667.17,6.77861
1545.92,1.46766
3143.09,12.6755
3570.13,2.56735
960.477,9.06264
951.288,8.79077
2038.61,2.10406
3254.56,9.3152
3853.4,15.4127
1503.92,0.78495
2489.33,3.5907
1118.61,2.77643
3212.75,4.544
2333.93,8.99178
3844.82,3.2192
2143.05,10.0618
597.571,1.89235
247.502,5.1406
1396.65,15.2984
3437.48,14.7082
2992.39,13.3261
1811.13,15.2553
2057.41,12.4935
1955.14,10.576
3167.2,11.3699
2196.56,12.8739
73.652,8.12928
2892.34,15.2191
3861.33,6.87886
949.485,4.43613
2979.54,5.57914
1565.19,2.19978
3296.25,0.629793
4018.99,5.07917
0.673117,2.1008
99.5088,7.82057
1839.13,3.53104
2171.53,2.30347
1642.74,1.64131
53.7061,4.70716
2135.55,10.566
341.048,8.28919
2586.71,15.1372
2375.98,10.1871
3433.04,1.29001
1832.71,10.0812
2751.74,6.69415
3361.68,9.35919
3254.11,14.2872
1740.85,1.80733
884.384,1.40347
3673.85,12.582
470.367,4.00526
2555.51,14.9187
3294.17,13.5494
2774.83,14.4951
3200.14,12.191
293.738,5.09727
2035.86,14.869
3798.62,4.24022
1026.3,1.57357
3363.27,14.1835
273.294,10.588
2380.02,15.8757
3388.78,2.95741
2704.98,4.04952
168.813,1.03162
2465.32,13.3881
1885.96,1.74029
1997.21,13.5234
124.03,4.24257
140.079,2.84848
2876.96,15.6661
832.808,11.617
2525.49,1.8373
3631.07,10.668
493.49,3.44649
1578.12,5.70642
972.541,3.46884
929.397,9.68694
838.84,2.84532
892.747,13.4441
1541.21,11.0008
3689.1,7.03576
3361.17,15.3463
1904.41,2.63258
145.558,4.37967
2242.68,3.1824
3611.21,10.3416
1538.18,14.9105
2768.54,3.84425
2932.48,14.7041
1326.27,7.27302
2346.62,5.20946
2409.31,12.2175
2256.27,4.71271
1595.32,7.90606
1074.06,14.0561
2956.53,3.65483
3697.95,6.4383
1369.2,5.56482
1241.07,14.8023
1296.86,14.2313
2179.91,4.85044
718.294,15.1078
383.276,6.58536
1012.21,15.2966
3072.35,13.2273
2817.07,4.03416
2403.71,0.933412
2666.2,8.92877
2155.97,13.6545
3753.85,9.61528
280.806,3.60594
3397.8,9.0718
3532.18,1.36687
3375.24,1.71481
3581.05,1.02281
2940.05,13.088
3235.44,2.2146
56.7919,6.4524
2148.53,0.314248
697.564,5.15287
2892.2,11.8332
4094.04,1.43086
242.926,14.9292
965.781,15.1683
2781.06,0.731587
672.93,8.93658
4089.39,14.0197
1051.33,11.0855
2357.12,6.13441
3416.13,2.15864
3033.4,8.38431
385.074,4.60929
325.813,15.3806
713.36,8.89671
1255.72,10.8752
3272.18,15.0785
2970.43,7.69257
496.154,8.47625
551.486,8.10234
3760.95,13.1635
734.577,3.87523
71.855,11.3233
2643.36,7.72663
3330.81,5.20434
2167.65,8.10639
1026.54,10.9655
3079.57,0.92008
1550.72,15.5414
3850.54,13.9113
1633.65,8.27829
1736.26,1.59841
2414.59,5.65085
2115.12,1.80266
273.6,14.637
2149,7.39847
3437.8,5.04908
180.214,7.27056
2666.14,5.88004
2168.85,15.7472
978.138,15.24
1706.79,5.05239
2112.66,0.516646
3764.72,15.7493
2644.55,4.11423
3565.41,13.7488
1287,8.22538
1870.36,13.8099
3154.81,15.3714
2385.61,12.1347
3503.95,5.80205
2923.03,7.32848
1305.11,9.51888
791.586,6.4016
1654.46,1.70096
1726.48,2.15618
346.025,0.798636
2120.3,12.9364
825.926,11.2363
30.9499,8.83427
3262.31,14.3772
1197.53,7.44359
2749.9,8.74892
3741.54,12.048
3421.87,8.04472
3872.93,12.2942
3364.32,2.31277
2693.67,8.72842
567.171,10.8144
3462.62,9.18919
614.953,0.268325
1518.33,6.19831
414.983,1.731
3022.24,1.31567
2647.98,6.64691
2592.62,7.83271
3959.44,6.85174
2428.14,6.50918
3369.67,7.74115
1629.56,2.91851
4098.54,3.53477
2864.13,10.523
733.73,15.4492
647.941,15.9738
542.426,5.32666
2852.49,14.1348
2349.87,1.1231
1198.15,15.6677
751.239,5.6793
2835.17,3.4376
2700.28,15.2846
3044.68,8.16045
98.3093,11.9676
375.196,11.7564
2472.05,1.76012
2781.8,6.26596
1275.13,6.06318
2743.4,12.2206
2541.33,5.13484
2661.01,4.183
2387.95,4.024
1176.9,11.7924
1542.68,7.17461
2356.17,14.5291
3025.99,2.44004
2566.01,2.21047
3813.67,10.7106
1721.81,9.35495
3128.58,5.568
2970.07,10.937
2443.95,7.65184
4065.44,15.6492
1148.81,5.22351
2543.21,1.28764
993.27,12.5173
802.679,12.2743
3858.92,1.57696
1008.41,5.24541
2321.05,14.7634
1108.7,8.05677
773.505,13.7064
2412.26,7.33653
587.772,12.9971
3292.63,2.12409
2206.76,9.70952
693.395,11.2633
3756.16,10.7
1992.42,12.554
1092.51,9.9708
829.605,6.88405
975.707,2.43339
2610.23,2.6945
529.549,14.0794
3574.97,6.90147
3690.52,8.96574
3749.01,15.2368
1862.43,14.2424
122.386,1.47259
2732.3,11.3906
418.654,0.172458
2456.37,4.05067
580.626,13.9891
4025.65,5.13584
2058.07,3.78553
3439.75,8.41683
3767.06,8.97164
2889.3,10.5952
3338,6.7861
3511.75,11.4241
1315.94,0.340752
2102.09,13.9646
1545.94,6.56856
3643.11,7.59534
907.344,1.24795
1953.53,5.47133
615.123,9.64593
2411.35,1.43414
3633.13,2.57397
758.921,14.5354
434.743,12.1098
2412.34,5.95575
3419.63,10.5583
2803.45,2.59451
1354.81,7.37775
2491.35,8.24517
2141.19,10.7006
1441.42,7.02989
3769.7,10.7703
1205.27,2.0694
227.342,14.8891
2972.12,13.4371
2303.36,6.66944
1571.73,2.15941
2135.11,9.23106
2061.12,6.25237
2832.66,5.90868
1453.64,8.01278
3162.12,11.2421
2017.3,7.594
2357.28,4.03843
3352.91,0.0340373
64.7737,11.8073
107.951,4.51185
2687.71,0.109012
1150.19,10.376
3354.81,5.59741
1304.96,13.4996
2251.74,14.6538
2914.93,4.74685
1538.87,7.47
3332.83,5.50317
3849.38,1.78791
3881.8,5.96908
3257.38,10.4964
1916.96,8.75998
2597.05,4.77424
1270.92,4.24432
2505.02,7.70219
2035.39,7.16993
886.341,11.8516
2808.43,7.81457
2797.47,14.1229
3923.29,12.6744
4160.52,5.94098
3556.46,4.4625
1620.81,0.499476
2328.55,5.168
2369.51,6.55797
3023.84,15.9629
717.643,14.405
1308.37,8.92737
3613.96,5.56705
3894.25,5.98902
895.189,14.9811
1050.49,9.84788
1920.94,8.54251
337.51,2.83275
2511.67,8.5857
2588.42,11.8791
1546.27,2.72206
3430.26,7.11393
1417.56,13.1001
2421.33,5.83502
2088.2,0.042697
2220.12,8.58226
1397.48,10.5671
1793.56,3.82581
2583.19,0.703455
1555,10.2541
1860.45,3.97107
1348.88,7.70396
2884.97,3.88784
3938.77,4.24028
661,15.4303
807.912,0.626937
2421.04,14.6031
3456.92,6.52565
894.969,5.10578
944.716,12.6334
2603.98,0.664874
3138.31,4.11857
1216.47,9.33478
3500.74,5.39853
1756.16,0.579565
1143.72,6.72073
3625.25,7.90241
2327.24,13.0122
3263.86,6.80529
2055.37,14.8681
3442.19,2.75126
4179.51,6.95035
4007.54,8.51058
2172.16,9.25019
4078.59,12.8465
1858.95,0.708626
1131.81,2.3218
1854.65,13.8722
1374.52,9.05854
2806.87,14.1364
712.753,10.5573
834.594,0.919182
76.3889,9.78313
2981.47,10.0916
2414.06,9.54252
875.289,6.6888
1570.44,3.64243
3880.24,2.8633
1294.43,13.5017
996.643,10.4613
917.147,2.07893
905.348,3.15152
2781.71,11.9681
191.551,8.64767
1423.01,13.6727
677.381,10.6625
3110.06,6.28071
3578.41,2.52379
3990.72,9.37953
405.968,12.4127
1644.56,1.93423
2869.87,10.2414
2199.31,10.2386
983.159,13.0151
2612.51,7.12794
3055.1,13.0168
2740.75,3.26763
3037.78,5.48963
1726.56,9.03555
2046.5,14.141
2381.48,4.67494
1383.71,14.2276
597.877,6.47839
1566.79,8.88058
994.648,13.2643
3568.61,8.33982
297.666,12.8652
90.628,9.04952
694.909,2.4086
1912.03,2.55324
3885.22,15.2405
3910.1,5.65825
1500.72,13.5476
2137.15,3.34368
3422.18,10.1886
3530.76,14.1259
209.781,8.68029
2578.75,2.77333
1216.88,7.7204
2486.75,9.90699
2338.74,1.57365
3637.44,3.25034
1250.36,6.65342
3891.87,14.1211
2441.2,15.6745
1314.6,10.8019
4012.43,10.9615
3910.6,11.804
1675.4,11.2047
1654.37,9.03766
3913.06,9.50618
1500.91,12.6451
1849.29,6.55402
2039.66,13.1256
3197.8,6.82111
1220.52,11.8281
486.316,5.95103
2025.36,8.66526
2621.56,4.96749
2854.29,10.9703
2388.3,10.3237
913.755,12.5906
1326.11,13.0168
229.406,8.64204
1398.58,10.7215
1355.31,8.8738
2623.59,15.0799
691.976,0.176471
3065.62,9.63297
3969.9,11.3418
2024.55,6.14128
1989.97,2.42377
1147.72,8.34017
3825.18,3.35503
460.29,15.5084
1870.8,10.2513
3631.62,2.04326
2747.01,11.3437
649.739,11.4058
1056.26,13.0049
3437.56,12.2184
3498.84,9.55134
2040.6,12.9074
2381.56,0.310691
4114.6,2.69509
1591.65,1.26921
610.414,0.671231
2632.71,10.6076
1755.54,8.24118
380.657,2.38516
2484.74,5.39657
1228.42,5.14867
2151,8.9712
3570.68,12.4749
2971.31,6.54498
334.057,0.0662514
855.347,7.24864
1386.71,2.21411
51.1241,3.42041
4040.31,2.46812
112.538,4.88587
139.842,7.22638
2023.87,12.0769
1649.5,12.9875
105.491,4.64443
724.633,11.9136
3272.69,14.4967
3127.69,0.273868
3073.62,11.1926
2175.85,0.93622
510.638,14.6152
335.972,6.5922
3340.43,2.42805
2733,0.488611
1057.2,1.40224
1027.09,14.3461
539.007,9.42214
2408.9,14.7186
2546.6,15.4038
2050.74,1.68195
685.82,4.43399
3895.34,11.9099
244.134,13.4249
345.804,11.0919
2556.25,10.9648
1370.48,4.2043
1985.57,1.86475
2567.08,11.1933
1987.66,8.86799
3325.96,0.489799
3368.36,3.77606
1492.81,10.0621
1068.53,9.97404
952.574,12.8732
2994.11,8.88023
3792.15,6.15297
1287.69,5.85096
3622.59,14.3524
777.585,2.39596
1007.24,11.6469
2998.34,11.1024
4134.26,12.5246
2159.81,9.53221
2230.93,5.12779
2825.95,6.94837
556.23,9.71012
1607.52,13.8887
2530.81,13.1736
3664.02,7.19513
552.308,0.576553
2035.02,4.02435
675.311,7.15356
3888.1,11.7571
3923.86,6.98918
3340.81,10.8142
2960.02,7.84142
420.447,1.99715
2840.18,14.026
253.328,7.52163
64.123,3.90806
1488.73,7.47546
3527.24,7.96837
2712.98,2.70353
478.803,4.29274
2813.2,8.69734
3712.63,8.61059
2431.64,1.09565
3835.49,11.8592
363.591,1.73765
3773.48,12.9357
3235.19,10.4856
2204.31,3.92334
1104.11,10.135
621.958,0.562426
1653.99,14.9709
2034.9,5.67052
4021.82,11.8579
2377.01,6.54129
1428.47,3.69877
2112.13,7.44426
469.581,11.1676
359.774,15.9401
3224.73,7.67818
514.881,13.502
655.34,12.5261
961.017,2.75713
777.516,0.474807
390.371,9.31093
394.624,0.41073
2703.29,13.3455
4104.05,6.3812
969.143,5.33099
3215.23,0.39534
3681.1,11.3061
1049.35,15.5661
2264.38,9.27349
214.66,7.77981
1384.77,9.22874
32.6126,11.9511
3889.57,2.58922
2449.49,13.8328
2918.21,5.23691
3471.1,13.0586
3167.02,14.2606
4073.89,9.2543
2855.84,13.4639
2724.15,4.72909
3584.37,15.2531
3521.99,11.1782
2226.78,13.1752
81.1383,1.26798
586.545,13.6759
1245.72,13.9688
2276.71,12.7196
3778.69,4.16551
679.663,2.32466
1983.42,10.2432
3651.53,11.2052
999.97,7.95864
1691.75,10.0554
146.283,8.23943
3642.2,12.8736
2045.82,3.58689
1031.14,4.85363
1332.15,8.96736
1762.35,11.8047
684.496,9.43959
1270.35,9.78518
29.9025,6.63109
2346.44,3.39412
2904.67,3.67013
1730.83,9.02759
3685.22,3.32691
3810.83,13.29
3500.1,1.54265
4122.4,11.1196
2812.06,14.9219
3311.31,14.1655
2778.95,9.90686
814.762,14.6879
2602.99,10.265
380.091,1.8144
1421.57,12.9279
3468.89,4.90473
2062.52,15.1201
2799.8,7.61144
2569.72,12.7801
303.68,0.917274
1742.76,2.84461
2137.5,0.258748
2745.64,10.983
2229.54,12.9291
3321.17,0.808862
1807.48,14.326
29.0124,9.25692
219.55,1.05847
3735.43,3.90822
906.344,8.44249
3252.45,3.55088
3620.19,1.87932
2014.41,7.94065
1011.04,10.1769
911.36,6.93132
1740.3,7.9235
3397.59,14.5126
1034.48,0.526634
3303.91,10.1147
2159.48,2.45754
414.535,2.90127
2693.54,14.8842
3009.95,6.19642
584.132,4.71291
287.673,11.7112
2351.1,2.32466
1326.67,14.016
1813.55,9.70323
1963.45,0.47806
2533.07,1.19057
3641.9,13.7325
1223.72,1.75118
2102.65,6.95521
2318.33,9.37829
3549.69,11.7693
1094.65,10.141
3715.69,4.39249
3649.42,2.77077
320.573,13.161
1136.73,10.0911
3527.37,2.70649
3362.7,12.6313
2898.66,4.22697
688.275,4.18169
1455.45,0.309461
4181.69,4.17399
1131.69,13.2231
3255.09,5.20587
460.686,7.07083
2392.89,6.50773
3870.99,12.4371
3933.52,13.1542
3080.66,13.9699
710.165,8.04718
443.49,6.49161
2801.76,9.5069
1858.07,11.3767
3557.63,3.76247
766.368,9.7999
2732.06,8.37708
2559.77,6.58186
3972.3,6.23505
352.94,7.13086
3152.58,0.267593
3471.09,14.2953
2395.42,8.59899
695.912,15.6367
3867.9,14.1953
2923.77,14.5194
565.138,11.0389
663.313,2.83072
2578.9,4.05621
760.018,12.3097
943.894,6.70462
1566.71,2.22894
3988.26,7.66138
3820.9,2.49885
1979.5,14.5125
484.346,11.1956
1608.98,3.52036
2127.79,11.7553
17.6081,2.50791
1041.6,10.8974
3667.55,11.5108
3562.46,8.30733
2132.91,6.0256
4182.36,5.92222
1898.66,0.36206
3102.47,12.5976
2393.99,0.0968215
3019.43,0.866743
3767.64,7.27571
1111.8,13.6813
1590.44,5.14769
3155.23,11.0217
1463.55,8.11911
461.855,2.91485
1081.23,11.7167
434.91,6.33586
726.805,2.10859
3961.36,5.33559
1223.31,2.68355
2038.28,3.02552
4090.37,6.96261
752.317,8.04941
2800.54,13.8272
2570.5,2.08219
3279.56,13.092
616.835,8.41411
1619.53,7.16559
2839.75,14.9112
910.129,15.6205
1152.21,0.904733
3553.67,9.65073
46.2982,11.0913
1634.8,6.26899
842.262,6.81647
2989.48,11.8197
738.963,9.39029
3845.21,0.446136
926.204,9.94046
1329.17,15.3703
298.594,15.238
2791.52,2.57921
1788.05,7.5953
2163.25,0.949661
2081.38,9.437
1327.77,15.1771
2928.38,0.0412537
2352.72,12.0706
58.8035,3.62021
3123.3,10.4027
3718.08,5.08242
2081,1.84519
1336.11,2.95174
2332.5,13.0629
4178.49,3.73123
234.684,8.98258
1332.17,15.9538
2420.87,2.81613
4082.98,2.05814
71.0658,7.99909
2243.91,10.9794
4068.33,14.6675
1385.57,4.01027
280.685,2.36361
4147.94,7.08123
303.715,12.7747
1999.61,9.0519
1185.48,11.3505
1003.97,1.84175
3597.24,0.387439
4126.79,14.4586
597.18,15.8854
849.751,6.17899
3776.75,3.1862
2837.28,15.7057
4155.63,4.55592
919.39,3.84
3419.48,2.4542
266.87,3.52598
1019.54,7.28035
3327.8,5.72111
3153.71,8.79319
2497.67,10.9077
2924.03,1.41647
908.863,5.18606
3133.53,12.0438
2950.18,9.83526
1136.69,5.30192
2506.64,4.58204
3325.09,3.91033
846.78,14.5329
2825.36,12.1586
331.972,8.70537
1356.3,6.88576
1862.5,12.6244
864.297,5.15502
685.705,10.6161
3511.58,3.89048
143.724,6.51759
1678.87,7.38795
1883.41,1.64408
707.982,13.3536
4001.88,8.15697
2741.29,3.60635
2794.3,3.40812
3059.97,8.50985
3939.83,4.36231
3675.93,4.03676
2324.11,7.90264
2501.94,6.81826
1760.16,9.26758
3845.41,9.92481
3273.46,8.76529
2443.91,14.8826
2248.8,2.9851
1511.63,15.6725
3868.19,5.14104
1099.37,14.8074
1993.51,9.08584
3792.37,7.44543
3965.09,10.5474
3889.83,13.3039
2408.79,15.649
1473.04,13.5178
993.931,14.6281
2919.45,10.7233
4079.11,5.02823
1730.88,7.08282
2625.93,9.62028
2667.87,2.85622
1781.68,0.412574
43.8329,6.81921
3907.92,0.950872
1859.18,5.91331
492.581,7.51908
3911.84,4.64974
2091.88,1.11662
4169.39,3.09256
3877.83,7.61464
762.384,3.37154
3514.46,10.6551
657.083,2.83113
2003.9,13.4687
1717.97,13.5523
3231.93,1.05525
1981.53,14.5832
1465.03,12.8556
3408.51,3.33006
508.228,1.13209
2089.42,10.7258
1836.54,11.4498
3449.8,14.3009
2284.36,10.4702
3008.64,15.1432
1512.65,15.7123
2116.57,3.4133
2639.77,0.171676
3757.12,15.6358
3598.05,13.1976
730.78,8.77864
3838.4,6.67685
302.071,8.41792
3140.42,7.70806
508.083,7.90843
3304.26,6.01728
1613.17,2.62497
3378.53,3.88963
3553.43,10.6179
883.521,7.47191
3431.37,3.69227
452.79,5.49373
3814.09,15.8174
2801.99,7.09445
3514.73,7.9249
2789.02,2.95007
117.285,11.4148
1955.05,11.6688
3898.03,4.39722
2349.14,0.586645
1392.04,8.06728
2022.37,14.7442
1797.19,4.0863
3222.82,2.85768
2060.85,15.1993
2596.03,0.4633
3344.01,11.4885
767.594,13.8267
642.581,2.25885
811.587,10.3832
3723.52,2.25801
3600.18,3.86314
2677.48,15.9399
2746.74,3.98118
3221.45,2.14769
2233.45,9.0615
1674.6,1.56991
747.632,0.156435
2556.3,2.59063
3073.21,2.30133
3326.17,13.7191
1664.47,6.79833
1619.49,2.33015
198.99,9.92008
2298.91,8.62946
483.944,13.0295
2806.04,2.91076
3513.84,12.8612
3501.96,8.1128
1748.63,7.95313
3867.93,1.10309
1652.65,0.998787
3436.86,5.97457
2374,9.85554
3682.96,3.24988
1626.04,5.9843
1964.71,12.1368
2146.94,11.9514
2692.68,12.2259
493.96,6.41031
2427.5,0.930709
3651.12,1.23276
2676.27,3.55838
1137.86,5.07639
689.437,4.6609
1168.25,5.47183
2405.64,14.0698
1794.11,9.47274
4048.36,0.893643
1511.81,13.024
1280.32,13.4182
983.466,11.5819
3430.83,0.870383
3548.09,3.34321
479.045,13.3051
1287.76,12.0029
2734.48,1.16241
4130.08,5.75618
995.75,12.5238
4041.98,13.2459
2132.39,11.3231
2589.29,15.3267
322.99,7.83601
2783.23,8.55752
254.548,2.80721
3021.3,10.7964
2977.78,10.4555
3869.68,6.60046
930.325,2.72562
2860.34,7.65096
3379.68,14.4276
3531.64,0.153507
3728.96,12.7902
2101.03,9.67508
3956.5,12.5409
3389.8,11.0963
3101.3,4.51637
3807.19,4.09099
1824.72,12.0184
2065.43,11.2279
2243.52,13.0935
2977.76,12.9501
1602.81,3.21798
3942.02,1.86691
2302.6,4.85348
888.195,8.72323
2954.46,11.7668
2549.64,3.42465
147.373,12.4058
3337.25,10.2343
1123.04,14.4712
3832.58,2.90218
1665.99,0.426968
3657.99,1.48647
1693.31,4.56001
1580.53,3.27731
293.283,3.21174
2384.75,0.331493
3895.23,5.74889
3279.48,3.73328
3150.83,14.7562
1117.05,14.3615
920.752,12.0186
3787.9,6.18788
3441.56,9.24202
3497.12,3.02871
3909.53,11.4979
582.753,13.1951
1830.35,11.8609
1773.36,5.0665
2484.59,13.044
955.419,4.56359
1995.03,10.0538
3209.03,14.1367
681.521,4.67209
3224.59,2.77347
2749.28,12.4461
2226.04,1.25165
2427.77,12.8551
3806.23,14.9848
3038.82,12.8236
2050.66,0.815368
1667.49,13.9978
1044.75,12.0251
1343.94,13.6511
1072.74,2.4177
1261.13,9.85481
1806.43,5.46463
4034.97,12.9932
2300.16,5.17457
4124.92,8.70346
1528.26,4.25333
1311.27,0.891294
1557.47,1.10052
3992.55,6.21496
1994.96,11.2724
130.541,3.72612
240.123,14.3117
2055.46,7.059
823.331,7.60086
1717.59,14.5005
3739.51,11.5909
1539.57,4.81152
3457.21,2.9586
2224.2,9.97558
203.912,11.3167
2540.68,8.83414
2005.69,8.24719
3885.66,12.8771
3194.08,6.95295
1021.05,15.1465
249.05,12.746
15.3372,1.52492
1885.86,11.4214
1046.05,15.3346
2861.98,12.7296
1245.21,12.0241
2027.81,13.7392
3295.66,8.23934
2276.74,8.56361
3810.49,15.5632
2580.08,0.155869
2270.97,9.48403
1201.18,3.03986
2842.37,6.50156
3110.01,0.198857
1703.6,4.53452
2955.3,10.2379
2257.89,15.6491
183.035,7.62891
3445.2,12.6096
77.9344,12.4595
3353.23,8.76826
54.8131,15.2734
1185.63,0.931805
727.466,7.94929
1719.25,9.40589
3812.46,6.55331
1215.49,15.9019
1622,5.46099
2065.38,2.27951
1331.65,14.8167
152.998,7.04453
3499.28,15.3311
1068.35,6.1328
4175.42,1.56613
3947.92,13.8187
4161.4,6.22742
1454.29,8.88206
2540.13,13.2361
3115.29,9.01408
566.025,4.54397
2275.72,11.4564
2838.17,14.1899
700.718,8.6205
837.006,11.6304
562.092,8.99208
4060.48,11.4073
2013.11,0.272712
1651.04,13.4944
1561.04,12.7321
3760.15,1.13521
1145,0.280903
2306.53,3.62243
1520.49,3.7789
3056.39,1.79344
46.4916,4.31808
3736.65,2.83551
975.05,15.6151
3145.66,0.132975
2884.91,11.0221
1633.18,13.8474
2757.44,12.4102
3298.89,8.23442
505.126,10.659
3777.73,7.68342
1690.17,15.8432
3744.93,7.51447
1974.55,12.3595
3179.77,0.259439
29.0773,1.44073
903.929,3.96996
1939.11,0.599493
3172.94,11.472
369.987,1.59778
3745.33,0.272532
3346.14,15.4942
119.957,11.3295
3661.82,10.2008
544.88,15.5099
175.905,5.78495
3096.66,7.86788
4149.1,0.332186
3127.81,2.92694
2252.28,5.65723
233.781,3.18214
426.945,7.03889
3662.42,6.51614
939.44,14.2848
99.8996,0.95629
3830.39,1.64161
3078.05,7.60534
3662.8,2.37176
1753.31,12.3451
2185.47,1.20289
111.537,2.09731
982.718,3.6624
2325.39,1.31997
2765.59,10.3937
2182.5,14.9676
2027.73,8.78351
963.774,15.7346
3289.1,7.16081
602.933,5.70836
2435.67,14.2963
798.649,8.44491
3751.43,12.6216
3115.6,14.7701
2435.69,11.6564
2302.61,11.8114
2338.39,0.246731
2607.29,1.95092
2540.38,6.62393
2835.89,2.77982
1142.51,11.1891
221.731,13.4618
1171.24,3.02185
2848.2,12.7358
3911.26,12.3387
630.083,10.8223
2721.28,11.9627
43.3716,0.141435
1970.85,7.03196
3547.53,5.92754
81.3861,9.98757
99.4647,15.9222
623.718,11.9694
1726.72,0.647506
3504.94,6.39119
947.355,1.96136
3944.97,2.11173
3002.86,12.613
969.652,10.199
3863.61,0.22576
1749.62,12.0401
3087.06,15.3608
1426.53,3.21606
663.844,15.1345
3231.51,12.9859
2344.78,12.8655
3028.51,7.30285
2791.28,10.1681
338.677,4.36259
336.438,15.7056
2807.2,5.07645
3340.31,6.00909
3671.6,13.929
3926.52,3.3134
2664.74,5.03082
762.172,4.99194
1055.53,7.65255
2851.36,0.741875
255.368,13.3429
1178.2,9.17964
3877.26,3.63421
3316.5,0.258907
907.412,3.66596
651.49,13.6079
4063.38,10.8925
3887.89,9.11679
4065.33,7.45576
2366.54,4.43574
4063.34,12.6488
3276.07,5.54801
664.878,4.14666
3567.26,3.6933
735.954,9.92658
1537.36,9.5434
3126.32,0.0557738
1163.98,0.67268
3462.47,3.22348
3444.26,6.083
3505.04,2.65545
154.019,10.1921
3120.81,8.01605
921.794,11.3738
1461.61,0.524111
134.811,6.91736
914.555,7.1986
2825.82,0.981803
1664.98,7.57684
744.435,6.18593
434.622,8.04023
2184.45,14.9771
1549.9,3.07363
3333.63,13.8032
2513.08,1.50565
1430.34,5.74497
1854.85,10.1349
2600.82,8.28833
2905.43,0.676667
1237.49,2.94939
688.407,14.528
3986.1,0.582634
3411.87,7.86509
1159.13,1.62377
1160.82,4.50544
823.885,9.00242
3819.97,11.1067
3401.3,8.34826
3664.6,10.0656
2030.37,4.34378
111.432,14.8434
3583.06,12.9256
2877.15,14.7402
3439.04,4.67553
1373.59,0.135673
978.075,3.17524
4001.01,10.7951
16.1576,13.2947
3733.01,15.1373
1008.35,1.63502
2257.18,4.95803
2567.09,8.78099
2048.51,8.71451
2799.9,5.24717
992.335,9.63194
2515.32,14.5468
1634.39,13.6093
2019.33,2.78491
3196.93,0.157913
1779.54,11.2104
2867.92,10.9474
2742.83,8.08538
825.115,5.84823
2821.39,6.85975
3740.82,13.232
21.5647,6.87963
3377.31,11.2145
1431.09,10.782
3728.75,13.6004
47.2224,9.28153
4127.46,2.99397
2988.13,7.06299
119.619,13.8286
683.222,12.004
2889.86,11.6272
3390.2,7.24922
1001.76,2.53661
3699.96,9.00298
2780.53,5.71002
342.677,13.7888
2577.97,8.49698
4176.72,12.5945
3200.74,2.87091
424.738,15.7101
2316.23,4.45117
3365.67,15.0553
3659.53,13.8326
85.9816,10.8645
1412.97,10.0864
1373.8,0.767534
1927.35,7.39904
914.154,15.7613
2958.27,4.71143
2782.08,12.868
1724.67,1.74587
898.586,14.6102
3493.27,6.33889
835.979,0.748153
3492.49,10.8508
4098.87,13.575
1668.26,14.438
722.283,13.3102
628.176,4.04153
1794.42,15.7402
4018.62,1.50643
1217.83,1.8518
2814.26,6.61092
1217.63,4.6305
3314.23,4.39104
3298.78,0.570976
391.675,13.4146
166.249,2.43288
195.853,2.99395
1501.13,4.91789
619.505,2.05761
3113.91,14.6645
3958.65,6.14289
4134.45,3.73429
3237.62,13.0364
143.749,3.40878
1738.11,10.2473
2740.39,0.0328689
2031.11,0.817113
2344.29,14.1831
662.396,12.097
2816.31,3.20049
1732.48,14.8751
3043.91,2.94012
2295.33,15.7349
3800.17,10.7799
1043.58,8.76503
269.088,14.6134
1032.19,15.674
1402.26,0.753233
4159.65,2.04681
520.034,9.47399
2821.7,13.7338
55.9886,2.75491
81.5612,3.66123
84.9432,0.00202431
126.412,9.11157
2516.29,0.808723
3682.85,8.76654
1479.1,15.22
1694.56,3.32378
3990.85,6.16111
3937.4,13.2201
284.923,4.47561
3829.98,11.9117
1352.53,14.2661
1892.93,6.71669
2721.75,7.02622
3884.79,7.24148
1501.85,1.20217
194.304,6.49192
662.331,0.715544
2651.61,3.4503
3663.46,6.10038
1451.24,9.23816
264.647,2.84625
1341.2,14.3404
4003.78,3.55
2166.72,12.2603
3380.82,6.36437
3474.76,6.2361
3362.42,7.60842
3158.25,8.87016
3320.46,11.5626
3058.96,0.783624
1231.04,13.7251
3443.95,8.13111
3472.01,8.04998
49.9154,4.40483
3367.62,0.496273
3620.32,9.10217
3750.44,14.0194
2777.52,11.4436
1133.57,0.505138
391.757,3.04731
3179.5,14.9673
2152.13,8.26952
1390.17,11.1483
1264.41,2.86272
3868.37,14.7609
3171.93,8.32033
1260.92,0.219928
3190.17,15.7364
3656.05,0.395463
1903.85,8.5744
3598.06,15.1593
1293.5,12.5607
798.833,10.5332
3523.25,13.1263
3195.91,0.0999556
1117.67,3.04159
600.254,2.72754
1487.67,3.6226
881.262,3.86469
3525.08,4.95319
33.6336,2.03072
3918.97,4.96831
604.313,8.17872
2488.93,11.0097
167.084,11.9293
1611.32,12.0947
495.727,2.214
3019.42,14.2955
1144.73,15.8113
3587.31,1.04062
2889.36,1.16358
1850.8,8.72872
3541,8.05371
4108.55,0.0186989
3558.65,12.5409
3135.14,12.925
2040.82,0.68906
2275.15,3.55623
3048.09,9.58096
2444.5,9.01072
3655.65,6.31466
1286.16,10.9153
3687.53,4.34676
3999.01,12.0434
314.798,14.638
1266.07,13.0454
2362.07,11.1684
3098.36,14.1296
4169.79,5.65717
2669.06,13.7614
3413.68,1.09082
1103.49,4.51942
780.17,14.9767
361.564,15.7115
2164.56,2.17039
713.936,2.89392
2679.79,6.93432
3407.71,10.6454
1832.78,5.00442
1915.73,9.78649
430.277,1.01335
4015.8,2.79659
813.538,6.28999
1674.25,11.3096
1222.97,12.7234
1265.85,7.37151
3098.15,9.49946
714.305,12.199
3697.3,5.48913
2161.94,15.5623
915.153,0.343765
3297.41,15.8705
192.86,13.4945
3737.37,5.44958
1293.42,9.9101
4038.63,11.0593
3454.87,3.25556
4118.07,4.98133
4026.87,2.92685
1176.02,1.1334
587.543,2.81608
555.96,11.1336
3433.51,6.91072
4067.06,8.86366
2081.96,11.9036
3127.69,3.69918
1492.23,12.282
1446.27,13.9448
2221.52,15.3019
1913.4,6.49799
980.857,11.8153
1163.34,6.57448
935.625,15.1925
233.781,2.28302
1562.55,0.558386
1817.56,3.42463
3075.6,9.48428
1527.61,6.98256
347.477,5.37988
3994.12,15.504
1287.75,8.09033
3355.67,10.5887
1397,14.6542
648.176,11.2282
2030.27,9.48546
3709.38,10.5147
1375.55,3.67575
1190.46,10.2361
3122.92,13.7931
557.094,5.32539
2151.23,3.0203
3184.68,11.1087
2012.97,7.04953
3236.24,2.99914
2575.82,12.1952
2535.54,0.110653
1210.95,15.6986
2344.81,3.96284
2818.81,13.1337
3936.69,2.45741
1601.08,12.4865
569.035,11.5089
3789.34,11.5489
2178.42,0.330324
2815.45,12.1897
2948.26,2.58388
1624.32,11.2723
312.673,4.25919
1164.45,15.7846
1507.93,5.81781
391.547,0.82624
2573.66,15.4188
4179.67,2.69321
1331.35,15.7368
3107.15,14.8645
3006.69,1.58563
3298.9,9.23629
3464.61,12.1261
1607.14,10.3167
1202.78,6.69819
2389.9,11.8372
2178.67,7.6723
3706.51,10.3973
1065.11,11.2723
4019.56,15.9292
633.691,15.0984
123.661,0.274056
1825.3,8.49073
17.1259,1.67111
668.392,13.8875
233.966,12.0444
815.812,0.672341
1954.63,8.40765
2259.44,7.68325
3361,1.77589
3067.05,2.81155
2845.1,8.27836
1632.6,0.541359
2887.9,14.3271
562.43,7.10849
2082.03,15.3741
2245.44,10.1404
767.012,2.22509
3747.97,15.6741
179.633,1.7615
3489.18,1.18683
1264.38,8.79975
3181.91,15.184
2099.9,6.12405
2485.97,9.35839
1423.94,2.79413
231.445,15.4592
3088.64,15.4679
991.912,12.9574
3541.43,13.5453
3083.03,9.69727
3548.97,13.9148
3323.73,4.5345
1613.98,8.0001
3795.39,13.3442
2518.53,6.78202
4001.27,12.817
1706.75,0.220924
2235.06,1.52847
2111.54,15.0583
444.703,9.63423
694.799,13.5945
973.398,6.18167
2090.29,6.44895
277.113,9.61836
2555.21,5.46435
2357.88,14.7996
2899.06,8.95697
2288.52,4.42199
1333.7,6.85435
2946.38,0.0304912
2129.96,2.74443
2076.23,11.5751
1895.98,6.05324
3123.77,1.69503
4052.99,7.12047
1112.83,2.40621
3424.97,11.7091
868.972,13.1632
912.885,15.1394
1895.76,12.7606
1004.41,12.4469
757.313,5.70335
437.515,2.21447
691.127,2.05815
3185.36,10.1746
297.744,7.28695
583.899,7.41221
677.17,0.0965213
605.46,15.5436
3026.71,4.77496
1499.53,4.92333
3111.35,3.23219
2402.47,3.88023
1516.19,6.47965
1247.31,5.45807
1738.52,13.6658
2265.85,12.7641
785.157,12.1519
2944.1,3.16019
3692.46,13.9234
724.748,3.03535
1130.79,11.6363
1828.49,6.25882
2370.51,1.07594
1968.04,0.135494
95.1951,6.42271
246.297,4.77461
1202.17,11.435
1026.49,15.0312
3385.15,12.6402
3434.16,10.0792
1780.73,14.8482
3765.79,14.3792
3620.42,1.10453
1705.02,3.27492
2762.97,13.6694
1791.1,10.2364
387.92,6.30263
3095.36,7.70261
517.065,0.845828
1137.36,2.49803
3036.26,10.0234
2675.44,1.16571
311.599,0.780336
312.931,9.85015
3543.59,14.5946
3546.16,1.51018
1872.67,7.80921
700.564,13.7835
2690.77,5.03898
1162.47,11.0118
2297.53,14.1862
2243.19,3.59054
4086.74,4.09593
3192.71,0.727594
867.291,5.11767
223.532,6.44942
1256.88,6.27255
705.3,9.01428
2757.82,1.68683
2986.66,1.90197
2333.15,14.8093
693.636,5.14927
1938.12,11.7088
700.103,10.4802
1592.65,12.303
1818.56,6.32353
3700.64,14.4449
2125.08,7.80388
1757.73,2.98094
397.411,6.01933
2534.39,9.62462
1050.98,2.92242
3807.92,1.28505
3118.2,6.48473
3207.87,3.9281
2823.85,9.44033
3640.74,2.58312
1347.37,2.07259
3115.01,4.36799
3825.18,14.3878
2319.34,14.5548
3369.72,8.48687
3966.22,5.14923
2754.46,14.2935
604.79,5.00619
2467,11.2798
1587.81,15.3697
2644,6.22425
3000.71,14.5808
1035.87,10.4009
3769.62,1.48063
3384.05,9.57988
2894.17,1.96507
2902.08,6.71691
3337.86,4.5004
60.9772,2.63529
2841.76,1.91655
1517.76,11.9636
2075.56,9.24475
3136.79,13.8158
2410.5,7.78233
1840.21,8.92756
2860.09,9.15418
1106.22,0.935198
1755.56,2.01718
2747.57,12.2762
3327.45,1.38524
1699.21,3.59547
655.213,4.61925
1760.68,0.603649
2142.46,11.2995
303.338,7.75649
2827.38,5.33412
3347.56,7.90368
2032.19,7.62962
1590.6,10.9001
2297.23,1.42264
961.875,2.97446
2691.79,2.71583
1533.19,13.6344
4019.49,0.487816
618.733,2.75303
709.219,5.78469
3905.1,12.8663
1066.62,4.15479
2878.01,11.0295
1254.13,5.60451
3572.57,9.4938
3077.82,8.43598
3825.1,0.18261
2232.46,11.455
2947.41,9.13373
2962.09,3.07689
2452.87,2.0108
3169.12,5.63198
3318.21,8.08351
574.265,8.9493
3211.36,3.45867
939.372,1.37156
1207.29,5.99042
461.558,1.37805
2281.95,14.7731
2330.89,6.77888
2288.48,12.8093
2559.98,2.49377
4025.45,0.773361
3731.47,10.7459
4128.99,5.41143
3613.63,8.17955
1287.23,13.2615
637.986,5.80411
269.346,1.95537
2381.75,3.37417
1225.4,13.9765
2697.19,14.0283
1644.62,3.33823
3609.67,3.50776
1961.16,4.454
2100.58,11.674
1410.43,9.93509
3419.33,15.2013
2354.09,3.22429
1550.51,10.1543
3374.32,8.7324
2602.51,1.93117
1525.54,11.9984
2834.4,5.18074
4067.67,10.2341
3699.48,4.41903
1681.01,12.83
2710.02,8.2207
2574.27,12.3121
1681.23,10.253
3316.3,13.591
2308.02,10.8072
3226.38,6.82325
1482.01,8.92811
2253.76,6.16261
4155.51,3.61994
1668.1,1.29025
3027.29,5.47956
1157.28,1.40921
3298.59,6.54329
810.444,14.5386
1267.81,0.606546
1366.28,0.316633
497.933,14.7952
289.316,4.3354
689.533,10.5845
3506.75,14.7484
2698.81,4.35171
4083.54,4.28019
3009.44,12.3079
530.311,0.84532
135.663,8.17668
2665.98,14.5578
2342.5,13.644
3126.64,7.27225
406.375,6.60667
804.369,9.03277
3823.19,8.06102
2645.78,0.0505104
910.656,6.45174
743.552,5.61924
4011.32,4.70705
1130.72,1.9381
3107.99,0.00455061
3000.36,0.185148
890.837,10.0572
3549.04,6.08
369.206,5.31923
3473.01,12.3082
1401.54,11.8308
306.716,12.7836
3280.31,12.4001
58.9021,6.79674
2764.57,2.5978
1770.91,0.534265
2150.66,8.21605
1779.25,15.5897
3608.41,6.78462
1938.35,1.70286
1229.12,9.45177
1985.75,14.7268
936.541,11.1432
660.349,9.87382
2241.88,12.6066
2501.35,2.27356
2472.62,13.4392
1278.86,12.7699
3877.04,5.25851
3672.81,0.162088
2020.58,15.3283
3835.73,3.54435
3323.99,2.00143
1562.45,1.62448
192.476,8.84869
3288.84,2.71249
3959.31,2.01958
2610.9,14.6814
127.798,2.60622
1205.23,13.7382
3832.96,9.66682
2960.13,14.3089
2561.17,15.5044
2290.76,0.404007
118.027,13.4265
3534.73,2.60338
500.439,0.185317
1552.08,9.09988
1224.41,13.1077
1035.67,2.98491
2096.01,12.5637
314.108,11.0611
3152.42,4.09272
3951.3,0.22878
765.65,8.88279
3227.69,1.92719
2753.25,11.6852
1632.2,3.86382
3714.43,9.8426
3459.95,14.2198
1145.5,12.0892
2024,8.55084
897.26,10.0639
3068.14,13.2686
2437.27,1.85418
1038.05,11.7801
973.263,13.9465
1885.99,10.5084
3901.86,8.78683
2563.98,6.64335
1304.85,15.5021
2146.55,9.70377
2991.66,15.8434
358.031,13.4618
4045.27,10.1294
2338.05,14.4074
2921.3,2.55551
3065.6,14.6103
30.9907,14.6949
585.791,12.7466
1032.15,11.5092
3237.56,7.17325
2079.12,3.7925
736.892,7.56353
59.9824,9.4871
4002.55,4.09814
735.631,9.17837
3099.06,9.08057
800.953,11.2069
3911.98,15.854
1502.53,12.3954
2585.67,8.56691
3386.51,9.64994
1612.06,11.2967
1080.43,10.2943
1525.57,5.2669
949.211,1.5276
4128.19,0.96235
2190.19,6.59152
3917.8,9.64995
2877.52,2.24434
2847.96,10.4546
823.647,6.35282
4179.67,9.91921
4036.26,9.27818
2301.96,7.99859
1991.64,11.5527
2846.5,10.8876
1169.65,10.5447
3141.32,2.09065
164.656,10.8612
2064.85,5.3656
2868.75,1.93171
3524.25,15.699
1469.2,4.54741
362.475,0.523678
254.388,13.3555
2204.56,12.3356
252.037,15.8859
2704.48,7.16983
2807.1,3.37199
224.071,3.39743
1351.91,11.5784
3240.6,6.36419
1319.14,7.59539
3011.42,8.92561
167.18,14.526
3575.37,9.47529
949.725,6.27233
1986.66,10.7871
2799.03,1.77723
2324.73,15.2819
2409.77,5.1485
410.151,8.44287
1315.32,15.2459
806.094,4.06622
2077.62,1.35241
1952.09,14.5748
1430.77,12.346
2870.07,1.31926
2678.77,9.39442
922.629,15.4353
421.252,3.39338
2736.62,10.1125
3605.37,4.68423
3756.18,6.50149
182.079,13.1699
3060.46,4.84293
284.553,11.9724
678.932,9.90363
3806.1,2.11715
2387.06,2.18226
4049.6,10.1126
1084.92,14.025
438.453,0.556248
4027.12,3.92269
2005.82,14.4429
2926.65,7.44702
4145.1,4.21353
1297.8,4.64663
4036.09,14.7273
3933.56,8.45944
3651.2,14.4624
22.2298,1.99796
198.705,15.8148
856.271,1.17165
2747.43,9.68042
465.213,13.1032
327.649,15.5391
4011.05,9.95805
2485.32,10.6635
3726.92,13.6314
1544.57,10.9294
366.43,6.67146
2176.59,9.34815
1210.36,2.82134
1319.9,7.07214
3964.43,8.13521
3972.81,8.88941
3290.96,13.8152
2750.02,1.21811
3825.8,12.5588
3003.11,7.18757
748.564,13.2554
4128.51,6.2546
2725.05,10.1809
2429.66,15.3732
2607.46,8.04937
683.285,10.1908
1127.58,13.6431
2731.03,0.0827359
2461.38,1.74241
1565.74,4.01573
4095.06,4.3337
1847.33,1.78427
2129.89,12.3726
2064.9,1.05703
51.3166,0.381555
3999.87,14.6302
1082.82,6.65006
3834.92,8.71282
1837.21,14.2901
284.717,6.52581
2978.3,15.6026
2785.99,5.48495
2914.12,6.9929
67.5976,12.0165
53.2404,14.7385
462.7,13.8664
3953.85,3.36573
2072.18,12.8684
1933.67,15.6138
2248.77,12.9329
4150.34,15.8151
3073.43,9.18678
2352.25,1.38545
3951.95,9.58918
4056.33,5.59163
865.679,8.5491
2182.08,11.7408
2343.21,9.29404
2090.83,2.49812
1605.8,5.93494
2951.37,3.70262
2437.08,4.87031
3974.39,3.88007
3988.65,15.5961
2439.67,12.3311
2966.02,15.8702
1851.02,6.70051
2946.96,3.1439
3776.19,4.60533
3532.21,12.7151
433.064,4.05733
1309.38,10.2742
411.803,11.042
2814.96,0.255274
2551.4,6.80289
1164.95,11.8327
330.931,8.29633
3550.84,4.06081
182.38,8.18728
243.982,4.84878
641.047,1.91743
2102.61,1.72683
3528.39,4.73152
1420.43,4.28502
1159.95,15.6998
1135.15,0.126005
340.592,7.22236
1485.07,0.0636452
4027.38,15.8422
3599.25,0.82583
1735.04,11.7735
2304.06,10.7198
3676.52,3.06997
2591.11,9.91063
840.583,11.4116
4165.46,8.63517
1677.4,5.25863
2506.45,10.0458
3235,13.479
1112,10.5441
664.085,5.88686
3251.33,8.28913
4157.15,10.5928
2626.09,2.70747
2453.95,7.6606
2863.39,0.216249
484.841,6.38617
3374.46,4.68429
2823.03,4.99603
394.469,9.32468
860.253,8.32879
3012.13,14.9021
2839.48,0.209643
2286.29,13.7337
457.2,15.6057
2673.58,7.98647
2774.74,13.135
2556.53,4.7997
1718.22,3.15073
194.87,5.60727
776.417,11.9398
1964.98,13.9849
2725.61,2.33435
27.5511,1.83083
2960.29,7.00881
398.906,15.7612
1630.43,12.1541
2466.33,7.43391
1244.29,1.84019
3947.01,2.02403
1772.18,11.8932
1285.69,0.286805
2611.45,8.12091
2681.63,2.30438
1796.75,12.7618
3380.75,14.3654
3778.99,10.078
3996.88,2.64778
4037.8,1.92938
3816.84,0.246599
1070.61,13.5554
957.436,14.6361
912.906,4.20081
276.064,2.26302
932.392,14.3103
2192.91,15.9472
1438.64,4.40149
186.095,7.9497
4095.76,0.860129
3121.02,3.56239
3084.73,10.0832
1133.46,10.2414
2581.79,4.35806
863.53,14.5028
3418.57,8.5464
1536.99,1.0913
2121.23,11.0788
2428.6,2.91053
2593,9.27978
400.047,3.07738
4107.83,1.15291
305.364,8.86477
161.314,13.0634
1612.01,9.96817
3745.81,7.34978
928.476,12.4164
2723.52,3.20045
2370.55,6.16497
2614.26,14.106
20.0387,7.74863
1944.76,2.62268
2490.52,15.9484
932.041,1.89801
2651.76,12.5522
1601.1,2.65494
3449.29,2.30786
851.993,12.6838
3203.65,13.9895
288.489,7.62888
1401.9,8.40728
1877.14,3.43505
68.6554,3.39641
1272.43,4.54633
3907.3,12.5164
462.356,3.56036
437.699,5.17585
650.462,1.1375
3130.19,15.6821
4176.28,7.40118
1825.11,13.161
2198.34,5.39291
532.952,15.7096
502.105,7.72525
288.255,1.62633
528.495,7.78361
604.659,0.188192
3274.55,10.6285
3787.67,0.920486
108.25,6.06166
3818.74,6.04999
2815.41,14.6566
2297.91,11.8402
2276.1,2.90894
4027.64,7.23363
3759.06,8.80954
1811.75,1.00447
856.231,9.35655
1374.28,12.3661
4091.53,13.727
1254.89,14.4509
3282.63,4.60139
99.5327,8.87329
2724.11,1.39545
1991.08,3.91971
41.7329,9.07695
3914.28,9.85834
1949.9,11.3148
1228.13,11.6376
3261.82,10.2739
173.573,10.4486
3626.58,4.7172
795.843,11.159
2555.37,0.337212
625.075,3.09844
3082.31,3.42171
137.762,6.06158
3301.16,0.18623
1346.63,11.7726
1836.65,7.81433
2719.15,10.9977
2888.94,4.23991
3511.73,12.5445
2304.74,15.5343
2618.14,6.21459
217.204,1.55337
1099,10.4075
581.084,9.09877
3719.13,1.08834
104.374,7.33043
2559.55,8.6944
3402.16,4.54604
2912.89,12.4273
2449.59,12.9662
3938.84,13.734
3691.87,10.3137
1588.09,0.776792
1728.49,2.51759
3434.74,6.40948
634.357,4.50204
2663.83,14.4459
2155.11,7.37325
1076.68,3.77504
58.0526,6.54261
4153.02,7.32672
55.9853,9.58558
3083.96,1.82644
1691.47,13.4256
3423.98,12.1417
3057.41,5.50374
789.791,15.6603
967.086,2.48557
607.527,5.17898
168.497,0.331606
4134.5,10.1868
3179.6,7.37652
375.303,9.6073
3392.24,14.906
2385.27,2.82858
1462.97,13.7711
2486.92,3.29663
3885.82,2.09837
4148.55,10.3203
3871.24,14.4708
1578.22,2.56496
1475.47,9.84865
2229.84,10.5775
3844.18,12.607
3828.52,4.40742
4093.75,9.34239
2787.67,6.87688
4167.81,4.49408
2473.94,10.0071
1395.11,5.3788
1786.44,9.97537
248.827,15.2692
2864.75,1.60524
2759.26,8.4832
185.13,10.235
1240.03,5.53751
1252.59,5.60702
1974.7,1.86891
375.213,14.7804
2692.19,4.75477
2211.68,15.7579
2480.28,1.93129
3920.21,8.80112
975.365,14.7809
3004.18,14.1568
2316.14,2.77319
701.9,3.57489
3840.64,11.1748
4170.6,0.0822292
4060.94,6.37208
3989.58,9.91134
2136.8,11.6623
1966.95,0.334923
162.586,0.89184
962.596,3.83091
656.424,11.6235
2163.55,10.5749
1243.15,10.9415
215.686,7.81729
1583.67,9.69694
3368.76,6.61959
3847.15,2.73921
129.707,10.2035
3416.1,11.9944
4177.54,0.648879
2946.13,5.33839
167.802,6.38248
354.294,12.9638
1125.46,0.926433
1526.37,10.3027
3302.28,3.05934
1126.37,15.4296
3654.84,10.9663
3957.13,2.59922
893.171,1.28749
520.102,0.486621
406.437,4.98562
44.7426,10.4853
3699.2,11.6528
364.256,5.91379
3158.99,7.39783
2413.14,8.00483
1837.31,15.7253
791.594,10.9104
1674.05,3.51414
1775.06,6.05383
492.523,5.87261
3869.56,13.7245
3413.18,2.3679
2854.71,2.4559
341.106,9.08078
1063.81,2.15528
834.28,13.8857
4157.43,0.204794
1937.44,3.54021
243.675,12.0302
2305.62,6.67171
89.2706,2.55043
700.181,5.9548
2842.75,0.916786
942.916,3.31322
2129.13,1.12968
3737.59,2.75645
477.673,3.85036
1478.23,9.20012
709.258,15.1826
499.519,15.9458
2265.18,0.257899
474.449,2.09635
180.534,2.22131
1118.95,7.66586
292.473,9.16194
983.681,3.12633
4068.48,2.10262
1025.52,2.4208
3030.59,12.4798
3673.87,8.07224
93.3641,3.04718
3878.99,9.95267
3147.98,14.3323
3947.75,7.81814
1965.56,5.69284
3525.91,0.637668
1107.12,13.3627
2874.34,1.81437
4178.29,11.393
1175.37,10.8231
951.025,9.78998
598.343,0.0370547
4077.3,4.91326
798.252,5.57165
1656.48,11.0749
664.726,8.96938
2919.92,11.5511
1454.76,1.17523
406.81,8.82569
2006.95,6.59281
1472.68,2.53783
111.702,5.82731
1973.79,15.0127
67.9463,5.62271
3088.96,3.98049
3863.3,11.2412
3253.14,5.39507
4026.22,9.54685
3298.06,0.844927
2745.68,2.49407
1097.96,4.22516
3986.26,3.02081
1559.75,5.71894
1870.3,4.62474
2271.45,1.11723
2648.76,8.33504
3411.02,9.8818
720.386,15.8477
2279.59,11.7039
2013.68,12.532
3921.24,3.2724
2497.51,1.76502
3897.47,10.0783
2106.67,14.4744
2399.06,0.165127
450.463,5.31086
1706.78,9.09937
1204.63,6.83727
367.107,7.65751
1417.7,2.82438
3965.59,14.9197
232.634,6.22244
3184.2,10.0429
189.826,11.9428
1194.14,7.73253
703.111,10.2746
1003.42,1.37824
188.055,2.73408
1196.2,5.54008
2794.65,9.68954
454.633,4.29966
3654.24,8.84574
2818.9,11.7596
2476.85,14.3022
385.953,15.6856
1529.3,6.60245
1739.71,3.74292
837.835,3.82888
1463.6,0.778924
1090.96,4.74261
450.153,3.19429
2717.03,10.9705
1697.92,7.81747
3653.29,14.2714
971.709,13.3139
1865.35,10.1704
3147.54,4.77937
1708.61,7.08213
3114.27,1.34457
2384.59,13.5588
3507.06,2.62038
2737.43,7.89526
2352.47,2.8766
2128.99,2.5769
1716.01,13.7198
2316.96,1.15931
2216.25,11.8252
3787.84,8.65507
1327.38,5.06748
762.397,11.7635
4111.57,11.1531
714.156,1.92374
1250.92,5.1039
455.345,1.49267
1463.45,12.8661
2287.72,7.47294
2160.05,1.4277
401.9,10.8022
3171.5,11.5646
2950.43,15.1617
80.539,6.13116
489.342,9.75921
2584.78,6.24135
215.917,4.30074
3935.9,2.86408
1926.14,9.244
852.599,2.31151
813.262,13.8176
2596.37,9.01514
1489.42,15.0298
1404.72,14.3509
3883.78,14.6065
1330.51,9.77808
540.128,6.96237
3429.35,2.70957
960.692,12.7156
1434.6,13.442
1791.24,7.96065
3490.33,4.82598
2127.2,12.7249
2158.52,2.12183
1169.99,8.91062
2129.18,4.35621
2181.87,7.9199
1532.9,12.5562
3987.78,14.4948
258.246,0.191204
3730.12,2.68064
3900.6,15.5295
3470.54,7.55793
2518.37,14.2592
274.442,1.77195
110.47,15.3841
1645.93,4.29297
1788.05,4.21817
4054.37,15.9635
2208.05,15.5286
896.545,7.32325
56.2305,12.8364
1916.08,13.5914
3150.03,0.612523
1335.02,14.1753
3012.1,2.89546
859.053,11.8789
592.638,12.8724
1982.32,1.04201
487.078,12.3286
2699.28,10.8921
2564.46,13.7509
4035.66,1.91076
1564.48,8.01751
3707.66,7.685
826.831,10.3159
25.9552,0.283484
2430.87,2.40988
2753.24,4.87873
3350.11,12.4607
994.717,10.466
477.725,10.1859
2622.27,2.93627
3576.93,6.04531
1733.91,7.70329
735.001,10.73
685.307,8.17378
3858.29,12.2621
2592.51,12.8256
2993.9,9.47182
714.729,10.5928
3069.57,0.0393954
183.743,5.34021
1357.14,2.635
2868.63,5.72929
2201.03,10.3224
2383.49,10.8305
988.324,3.93686
2119.12,2.47236
1394.16,9.79425
2152.02,9.30671
2245.21,4.15506
2108.55,11.9875
2250.99,13.92
3402.19,7.26884
1876.93,14.3563
22.1439,15.5001
2534.52,4.96055
2591.16,13.7978
4018.47,15.2818
3149.15,3.91853
3631.08,14.2837
1034.27,15.6118
929.153,15.8725
2886.94,8.75165
3793.3,4.59859
925.781,11.9008
879.72,10.6132
2225.19,10.1176
1580.95,7.963
2190.43,0.802133
2758.8,10.3534
2513.78,14.5261
733.701,14.269
1691.07,7.51451
1585.86,9.10014
352.271,4.79389
343.757,5.39999
2482.16,9.81664
2306.45,0.572354
1083.47,3.78172
1954.48,13.3123
110.925,12.3639
1260.44,14.6936
1228.82,3.07958
3810.38,10.5374
149.718,11.3084
2308.79,13.3606
1326.6,10.1287
4079.81,4.35365
1805.7,5.67914
557.809,15.042
3136.46,0.790194
1488.12,2.49181
202.804,5.04438
1916.51,7.43476
1273.09,8.93066
4032.27,1.87043
2001.72,5.52347
2452.47,6.98708
328.754,5.10063
1921.06,15.5009
800.602,6.64458
2040.37,2.15638
1747.68,11.7736
1033.05,11.4598
2602.68,3.61536
874.387,6.40941
2993.06,11.9275
3223.4,10.4474
1946.44,4.40378
3563.27,9.72403
363.754,9.73938
1553.29,10.4568
3142.57,11.6537
2252.25,11.9358
1774.19,1.33733
3900.01,5.71957
1245.61,2.14579
3521.89,4.15345
3976.54,0.120822
2887.64,9.3119
4087.89,7.35963
773.672,1.76391
2635.83,5.05906
2423.42,6.18518
1102.44,15.5045
3201.91,8.88381
1485.96,5.97234
2460.23,12.4304
484.912,1.16233
1819.59,10.5853
173.997,1.38423
3207.56,9.3703
479.054,1.85714
2850.41,7.66596
1310.09,5.59141
2214,7.86283
22.6689,14.9879
378.561,7.51391
1585.74,10.838
4002.36,12.8591
695.512,6.89238
948.208,8.54306
1521.23,5.08605
250.102,5.47974
1050.98,6.7197
3480.06,13.2194
949.501,11.3281
2333.61,1.40799
1954.63,6.39589
1723.39,10.0116
2510.64,15.2816
2046.9,5.40709
1488.07,9.21302
2351.06,4.25315
2672.36,15.6127
1428.41,4.56201
1066.02,13.2042
3436.2,2.80567
3987.15,4.19867
2270.75,3.73995
69.9654,7.20817
4070.45,4.69755
3000.82,5.38431
1277.22,14.7374
867.752,1.04048
2546.12,13.8058
1156.57,10.1616
4176.79,14.014
89.3545,11.473
128.421,14.7339
639.428,1.07004
3174.26,9.64983
3952.14,12.9381
2770.94,7.28705
22.2505,12.5763
3646.9,4.7216
3042.03,7.77405
2508.8,9.80978
865.874,0.955572
3302.59,4.03683
4071.84,9.78859
2212.33,11.5995
2474.16,8.13747
872.506,3.55708
3682.17,0.230713
3854.51,4.09975
388.435,14.1966
3998.4,6.85846
1779.91,13.2661
819.15,3.51976
2645.17,1.40929
3815.75,1.12147
3270.43,6.84309
1273.51,2.88264
1543.3,7.97876
41.7084,10.6466
3785.14,15.8633
1018,8.81828
2746.11,8.43888
1577.31,4.4094
2850.63,3.90597
348.509,6.89039
207.631,6.50727
1811.04,10.04
3181.27,12.9931
89.7278,4.44779
3848.9,8.0646
2633.63,8.55822
1688.77,10.9119
4068.75,10.3681
4122.98,11.8039
2339.65,3.91865
2513.32,7.85148
3928.98,5.88472
355.572,5.40431
3885.96,14.0549
3166.05,14.6152
2631.81,1.23267
424.553,9.73697
2698.27,12.3704
152.95,11.0423
766.904,5.61855
3575.18,11.2734
1481.45,13.8426
1671.65,7.58901
413.47,13.6003
843.806,12.8894
3773.11,4.5763
1664.07,0.853029
2535.31,7.59505
2779.04,5.32076
2632.54,2.54454
3389.19,3.53489
1073.99,4.68844
3682.54,15.1832
1505.57,1.97339
1485.89,9.1868
4115.48,11.1613
2199.27,15.5095
1327.93,5.45841
2529.66,7.51899
2626.81,5.99096
2266.81,13.859
2693.09,10.2768
2908.79,8.8001
3967.73,1.95444
766.54,13.7035
3841.19,6.89531
1261.1,12.5785
2259.57,10.0916
3625.14,1.20957
2616.49,9.58405
2122.45,3.29713
1259.69,8.94545
562.2,3.60483
3173.03,0.265297
864.689,14.7722
3761.49,9.03064
2699.56,9.38859
1543.81,9.23889
1089.61,3.33969
3020.06,0.769577
1482.13,2.39527
1458.82,6.5898
2536.02,11.4685
577.384,2.16239
2643.37,6.70367
1513.33,13.7746
3302.39,0.152315
1651.29,8.78335
1092.9,15.7519
3590.86,7.04485
4165.73,9.98863
837.993,1.00982
484.643,2.92792
458.831,0.294077
2000.06,13.6115
3465.4,5.63351
287.143,8.2874
183.728,15.9978
1227.75,15.4541
2975.87,2.67115
143.58,7.45664
1087.28,7.12745
3958.77,12.3022
2921.83,8.86666
2980.74,6.51665
2072.1,10.951
935.452,9.84139
2274.14,8.38109
894.253,1.25888
2674.46,14.2416
1222.31,14.9651
1373.11,10.8876
3137.08,12.527
1938.55,4.21661
101.534,14.3942
1049.17,7.31321
1039.49,14.0437
1857.87,3.28718
559.416,1.07712
651.754,10.083
2341.97,4.42989
2198.29,15.8261
2281.89,0.471004
1621.36,4.10104
2184.91,4.36982
96.893,15.5812
1364.82,5.36728
520.997,7.53583
3990.74,5.07875
2239.88,6.68158
1446.55,8.01358
3211.21,13.113
1233.16,4.64585
1713.04,7.44495
3514.66,3.58796
560.031,6.16503
1811.46,11.0966
1823.55,6.09785
4049.19,15.7551
1847.67,10.1673
1311.86,13.5782
3894.77,3.38151
3688.21,1.31946
2486.17,12.5111
3486.69,0.367536
1421.92,12.269
1016.72,12.7918
1453.18,5.45554
2848.45,5.7034
89.0304,4.54539
3040.67,13.2958
1215.3,13.9582
3121.19,11.283
2372.23,13.7846
1867.19,11.9841
1971.5,9.50049
985.545,2.00123
3768.84,12.1578
3831.5,14.0336
3582.99,7.28975
2874.45,5.44701
3721,13.0998
1584.95,14.2334
2625.38,4.49014
3480.61,11.9433
815.589,4.07465
644.669,6.52882
3509.34,3.87271
2455.23,12.2958
3843.89,3.16911
1683.64,4.95692
1112.55,7.62026
204.902,15.9919
2985.95,9.0776
2481.84,10.9666
1210,0.393824
4094.84,13.1363
387.23,10.8726
3365.71,6.0941
2462.61,14.0171
3645.5,9.08743
1773.65,8.21751
2832.96,3.95285
2217.54,8.66196
1181.3,15.1619
200.536,13.0278
3023.86,8.69447
2340.75,8.16627
3995.41,1.05048
3459.47,5.87676
3033.46,1.13772
2127.1,14.7142
784.41,8.99309
2467.21,2.45023
3643.05,6.55521
1407.82,11.239
473.035,13.9285
83.8636,13.7907
2822.87,11.9393
1039.19,7.84221
2585.18,5.34869
1162.1,12.1363
511.99,7.49775
1522.47,10.7582
2858.89,3.85484
3559.34,10.3075
2679.44,2.98989
962.866,3.09651
1060.16,13.2381
3026.84,0.367179
1744.3,4.47789
3956.06,1.69564
23.9577,2.20738
2701.82,7.80113
3744.83,3.07808
3266.63,11.6689
3608.99,8.64245
2661.11,5.08094
3399.64,15.828
623.61,1.41637
622.13,2.83201
3397.03,11.3211
1835.6,7.35225
3280.42,7.49662
2595.5,15.8921
1416.4,0.931263
2461.83,1.00575
2279.89,0.713956
3670.24,0.427041
1883.96,14.8435
3609.75,9.72667
3772.56,13.1589
3244.84,2.82087
2611.17,0.269287
1597.99,3.3152
2584.67,15.4017
1447.56,2.75027
1193.29,0.895246
3934.5,6.70991
3883.17,0.752269
712.256,9.83783
4070.75,12.3115
3144.97,11.8005
2028.75,3.0806
2765.36,8.32643
1683.17,12.6827
529.334,10.7692
4157.8,8.61627
861.983,14.9457
3324.48,0.493101
1556.01,14.1703
2233.36,10.3369
1306.14,15.3048
3708.17,13.2886
1309.85,14.2898
3880.35,12.3127
4117.78,1.0189
2350.87,8.2559
3702.55,6.0302
3079.67,2.05677
2243.86,6.80843
2187.61,6.33867
2551.76,9.92336
1660.91,5.17806
3306.86,4.67135
2513.58,15.8334
1592.93,10.3318
2544.07,2.80607
2771.6,2.33055
550.41,15.0902
2678.09,1.35583
947.843,14.1987
202.65,14.8513
3069.03,8.2549
2727.95,7.0762
3455.75,1.77846
3896.2,0.867956
3565.85,7.31275
3947.46,12.5996
79.0796,5.28576
3335.23,10.8973
1720.04,15.9064
534.307,7.11746
3106.64,3.04302
2403.31,8.82827
902.729,13.6306
847.685,5.67453
3086.47,0.0521364
1924.86,1.55772
906.639,7.49097
1093.18,4.68886
2059.23,9.80621
3537.1,15.1989
4061.8,2.3816
716.689,13.7059
1825.75,7.6898
2286.26,7.28911
466.461,11.8394
621.998,11.3344
2517.31,11.3694
2147.81,9.09592
4148.81,3.15657
3082.69,13.235
2630.36,4.93663
2902.49,13.3406
3719.51,5.02166
3083.55,2.98599
96.4131,14.2664
3155.11,4.60655
577.77,0.514946
507.669,5.06806
1398.58,12.8644
2156,9.68509
3699.84,5.83547
3994.57,4.07542
142.064,10.4205
295.447,12.4492
3920.93,14.0406
1569.9,14.6189
1618.44,2.90061
273.316,2.49855
3297.68,5.70954
1711.12,10.7707
1591.73,9.71282
1812.02,9.48118
2965.05,14.3618
1853.52,4.77089
197.118,6.66171
3476.27,6.43957
1326.04,11.4932
2495.39,2.91811
2867.8,14.8537
197.921,12.9644
3780.52,4.9333
643.909,12.6605
2804.88,6.48667
1703.41,6.76946
2964.53,0.0462894
743.831,3.60864
3054.22,8.43013
1269.76,12.4
2066.37,4.57638
3269.07,0.170928
782.179,0.493293
1176.17,8.93051
4022.28,8.09077
1676.89,13.3529
145.574,7.1477
1507.55,8.37441
192.904,14.3319
290.619,0.394655
3414.07,6.2736
2784.07,9.45168
3829.18,8.32493
81.2103,11.1834
2427.37,11.9341
3121.77,9.41503
961.066,0.163698
675.402,15.8843
3440.13,5.84618
2403.43,2.73579
2245.18,8.41875
2667.37,1.00482
3354.64,11.2835
2629.68,11.3524
1695.69,3.17767
3980.74,6.18332
877.221,2.97217
898.642,5.85485
1130.97,8.70842
1272.57,2.29297
897.635,11.2199
1828.75,5.0948
1087.08,15.8928
3757.41,6.87208
2624.71,7.46901
3630.52,0.479759
2425.06,7.88555
931.153,14.6912
783.591,13.1457
3779.9,11.5186
721.079,15.471
511.773,6.57317
1872.59,6.98725
1459.02,15.6336
2026.2,9.74408
1280.49,1.39627
1082.18,7.23613
2521.44,2.95872
1852.6,8.16173
956.306,7.82404
4083.82,3.7813
3894.73,13.6263
3206.89,7.44373
994.939,4.03909
990.838,9.48137
3671.03,14.3527
1620.25,15.8739
308.364,2.18877
2286.03,6.34056
3196.26,12.4111
1300.45,12.2467
3556.22,11.1565
173.121,0.452655
2990.31,3.67999
501.11,14.6695
3994.39,6.29156
2656.75,1.91286
3295.24,4.42952
934.617,9.97435
1457.89,13.6881
3281.45,11.7896
1150.8,4.76751
1012.64,13.9145
749.873,0.953441
995.427,14.3153
2395.32,14.9101
1252.32,13.9064
4076.93,12.5738
1900.42,9.85292
1120.04,13.9205
2696.1,15.9628
3950.03,4.19724
84.4311,5.75702
1748.83,5.39586
1661.08,0.0099365
2260.57,6.30993
3037.69,11.3706
817.087,13.5009
418.285,11.0188
1860.27,5.06612
1127.64,15.0705
1711.59,14.1178
3774.29,3.19747
2381.85,11.7289
3382.97,14.3518
2373.71,6.38342
2011.82,3.13759
2541.34,9.10398
1238.33,2.90998
1202.42,12.2739
1902.03,2.67996
273.814,12.755
2873.1,6.92318
4033.88,13.0541
2143.85,4.77353
2269.99,9.72758
699.551,12.6339
3658.44,5.18683
2525.76,4.32812
342.671,1.91777
2365.17,13.9017
2934.17,13.6059
1318.4,1.84404
2085.24,5.23707
50.4393,10.9177
3523.91,0.0130286
3996.84,6.23756
2246.13,4.4373
1792.05,6.05878
300.258,14.5219
3734.59,4.328
101.613,8.70999
1814.76,15.4708
420.764,11.6795
208.177,0.055165
2774.66,7.28784
702.812,12.528
664.367,2.79919
4108.82,7.16672
2144.1,12.3414
1084.29,11.0036
522.73,5.48089
519.401,8.49151
2876.98,5.11218
1039.96,4.5521
169.937,4.86877
2536.38,7.96543
208.151,13.3386
2898.97,0.707721
1060.1,15.3952
280.67,7.35958
1533.51,7.72632
2053.27,10.0343
1509.8,13.8552
3724.87,13.3112
2673.31,5.43056
600.166,6.82134
2738.88,13.173
110.158,9.63455
3458.9,1.04839
631.849,4.40358
132.935,9.84105
404.848,8.03269
195.956,14.4991
2866.78,8.38481
1317.34,10.278
50.7454,13.1485
2311.39,15.3971
2312.68,5.24424
3627.69,5.02811
3425.2,8.72411
1372.79,8.8954
940.811,15.6737
315.424,3.29237
1627.62,7.10585
1961.29,11.9411
3486.74,2.60944
2609.51,4.81349
1513.67,4.95616
3199.54,9.84453
2660.41,2.22707
1063.56,11.0262
782.745,1.40799
1543.57,2.51555
2591.44,8.59503
1555.1,14.5349
2842.89,8.92093
2464.48,0.511566
221.775,2.00138
3696.88,8.83673
3660.74,9.75102
2216.45,5.22689
3520.79,8.3367
1758.21,7.41375
2328.07,13.7283
2615.72,0.384569
1763.26,6.24847
2912.34,9.83509
3106.56,8.71044
2721,2.15446
2437.71,11.2562
382.624,6.40516
2877.68,8.93906
3971.34,12.5744
2120.72,10.4555
2331.54,2.04071
3857.91,12.8468
1936.68,2.56317
3347.38,8.95338
1366.5,15.0737
3569.82,10.1282
4115.34,7.78869
2991.9,13.375
3595.49,6.31053
2143.14,15.4012
2235.85,7.05556
60.9557,7.55867
1640.87,15.7408
396.351,15.8462
2828.57,0.755957
3047.72,0.38111
2917.66,14.8046
2636.25,1.49415
74.4735,12.9921
3892.31,9.63481
3611.76,15.3263
880.346,13.2943
3925.72,12.6038
3794.89,15.0619
2239.52,2.31654
553.518,9.93736
881.632,6.20618
3509.03,4.58137
4007.63,7.536
3594.83,9.4517
2889.89,9.39272
1145.44,6.74666
1599.11,8.19785
540.179,3.61376
1890.72,6.88753
2261.36,0.0388053
4128.67,1.61107
2064.49,4.5443
930.45,11.9197
3216.22,10.397
4186.8,11.3864
3586.28,7.55238
572.306,14.7117
1636.02,4.65278
3068.85,1.27065
589.971,13.7825
3159.51,4.25817
3439.2,7.25047
3454.36,12.5639
4001.09,4.92015
1090.43,14.3242
1303.37,0.551079
4151.2,11.9578
3097.5,5.63403
1388.21,13.1505
2618.51,10.2219
564.857,0.854494
1688.91,3.05817
1441.72,0.742777
4140.64,8.19863
2043.46,10.0626
2689.41,14.8906
3230,9.48784
727.751,12.4001
3362.81,3.18598
1213.2,13.0705
1716.85,5.24861
1778.81,0.420326
1986.51,9.80078
2192.94,13.6965
1753.69,3.15908
2157.28,7.6325
2217.99,2.06661
1813.03,13.6158
1839.31,0.680621
1515.26,12.716
2083.28,4.07924
1763.52,14.0027
1926.82,14.771
1752.55,2.1152
1831.08,0.392617
2352.53,14.8814
1959.88,10.0387
1784.21,4.87254
1650.1,4.75272
2321.19,10.2434
1494.32,6.30871
1737.54,3.98956
1825.43,11.759
1894.21,4.25967
1674.84,3.1289
1644,11.3356
2230.03,3.7868
2130.89,2.46121
1789.15,13.7751
1453.63,11.6487
1883.63,6.84325
1653.56,11.3229
1720.59,13.7352
1678.99,8.6638
1631.44,15.665
1299.95,10.7122
1045.97,7.76008
1211.65,8.21043
1296.21,9.20531
1622.52,2.40462
1243.39,14.5102
3401.93,1.62966
3285.32,9.43548
3395.68,1.02276
3364.15,5.94726
3468.58,9.99703
3325.42,12.6111
3642.44,9.8868
3055.96,14.6355
3254.45,6.35413
3265.56,3.18988
3225.59,4.88375
3436.16,12.9324
2792.08,14.7364
1530.2,3.05976
1100.79,10.6868
1562.66,6.48787
3323.75,11.1165
3314.11,15.1581
3486.6,4.02021
3476.23,10.8687
3378.75,15.5573
3219.25,2.2773
3390.34,4.52919
3170.17,12.8623
3353.02,15.816
3330.61,8.39907
3188.07,3.19123
3307.86,5.79254
3209.52,2.00551
3260.76,2.55914
3339.41,0.725001
3239.92,4.7169
3312.64,4.42897
3241.41,4.43677
3209.76,4.65827
3211.58,8.90492
3356.64,13.516
3349.82,5.39755
3266.43,6.959
3096.44,12.5091
3293.72,6.99642
3292.34,4.95667
3193.49,13.2879
3229.8,12.4372
3119.04,9.82092
3185.35,7.20654
2938.86,6.34186
2996.21,13.3871
3021.85,7.69797
2943.37,4.02746
2911.5,4.68796
3100.36,1.86354
2939.06,1.6414
2819.51,10.867
2932.46,0.0636836
2997.03,12.3109
2983.92,12.2559
2860.46,3.51157
2794.45,11.4853
2959.52,4.85011
2055.56,2.66277
1899.1,1.40049
1917.87,10.8127
1953.95,7.38124
2041.36,14.5709
2010.69,11.8346
1962.48,1.36143
1921.59,12.9101
2020.92,2.56336
1960.21,10.7805
1973.94,8.28977
1964.89,2.00807
2014.7,3.3007
1939.41,13.4183
1901.4,15.0337
1842.67,15.705
1916.05,6.09118
1822.15,15.0575
1876.96,9.44751
2019.91,4.01858
1996.77,1.9372
1969.32,3.6917
1842.34,4.6664
1888.78,8.0227
1947.87,5.59506
1887.48,12.632
1821.52,4.68482
1981.8,5.63534
1807.61,15.9504
1829.81,3.58903
1803.17,6.17629
1981.52,8.14454
1922.64,0.132512
1874.67,6.50422
1874.62,3.07997
1846.25,15.5625
1865.66,14.5625
1814.06,12.1452
1957.63,15.0071
1909.01,13.2414
1586.1,13.793
1489.04,13.8523
1485.99,13.8905
1503.08,2.48228
1528.09,1.55551
1473.43,2.39466
1522.79,4.0544
1511.35,9.32377
1578.59,12.5107
1535.65,0.172259
1553.44,6.0949
1433.55,0.56937
1347.76,7.27834
1411.2,13.1355
1436.01,10.4278
1436.55,12.8573
1416.84,2.63552
1405.99,5.42162
1460.89,15.2248
1405.84,7.06219
1432.82,5.30201
1372.93,14.6955
1432.79,14.9067
1380.36,7.45651
1392.93,14.7262
1396.65,3.80517
1392.61,9.41545
1345.32,7.87902
1380.21,14.0377
1360.97,3.77531
1249.7,7.87395
1290.62,4.48468
1362.42,5.2732
1240.28,14.9732
1227.11,2.91799
1238.11,0.823338
1180.2,12.1539
1185.59,0.212952
1288.97,2.93756
831.413,13.0904
875.278,8.84385
862.63,10.1064
902.248,2.9621
894.719,7.99334
819.366,5.84803
853.712,8.23074
840.539,6.84864
872.792,12.5352
755.719,13.3471
815.464,8.35403
807.321,11.1455
618.106,2.45753
697.09,1.00177
640.919,13.2436
655.76,15.1087
610.18,7.32063
685.941,6.8583
574.537,7.39698
575.048,11.9815
616.531,12.83
643.796,9.29309
631.133,8.69672
568.866,3.40198
535.376,4.01773
569.988,2.04674
549.885,11.2452
626.955,1.12326
574.785,4.71644
611.826,6.18426
545.493,1.1993
466.761,14.7962
524.981,7.83367
481.327,15.1658
481.594,3.63999
426.744,3.88474
447.976,5.67491
492.288,3.29099
463.394,15.5009
393.732,6.5595
415.624,15.1986
337.799,8.73337
408.874,14.4501
385.446,2.80429
83.0936,12.14
75.3314,0.0876832
53.1575,8.60251
13.4948,14.061
6.77005,9.48365
14.3086,15.1958
10.2523,0.62879
18.1916,1.05458
10.6224,14.0342
11.0212,7.3005
3.26419,10.0958
5.69853,8.12838
3.02133,8.50846
12.0062,5.97631
8.3993,11.9667
5.13773,1.4265
4188.2,2.33028
4187.8,13.4444
6.52956,5.80963
4.90906,11.9721
4189.35,6.7318
4184.87,2.78951
