z,x
3908.65,1.39771
3305.03,1.58313
923.336,12.3493
868.038,2.94026
2401.76,4.67413
4111.81,11.4773
1609.48,15.4306
329.57,0.460174
3435.98,0.549903
1921.35,1.01617
1412.05,6.53591
2802.65,12.6309
393.418,11.4329
1982.39,7.2269
1259.69,3.89052
3594.02,9.07223
1866.49,12.2778
1537.74,15.1963
3362.64,6.7194
2946.32,10.6579
1002.24,7.3037
2793.08,6.81851
745.158,2.78171
1395.49,13.3203
3093.29,7.75255
3869.99,3.97686
1950.45,10.271
3128.57,0.77836
1575.89,0.592177
400.212,8.10178
3588.9,15.5597
1266.16,10.4816
1322.93,3.0683
1922.81,2.50892
1838.01,10.5165
74.2808,4.53546
1113.8,14.1292
3282.78,0.170883
2907.3,13.8689
1675.43,14.1456
515.818,7.54483
2280.38,3.70204
396.295,9.61205
3478.65,11.4658
3933.93,8.31095
2286.07,9.24697
3637.82,3.89861
2432.44,3.42966
2811.42,10.669
4151.2,7.48512
637.407,7.36816
737.098,2.01969
583.859,11.6931
4082.01,3.0599
2284.14,4.90532
351.03,9.32621
3220.38,14.6611
2341.49,11.8275
1750.15,4.35422
3136.2,10.85
3807.23,14.0682
2408.86,13.6266
2041.17,0.576398
2491.55,3.46234
1760.78,9.29325
1974.58,1.36506
2053.4,10.347
152.324,1.92838
258.775,8.18853
2202.62,13.7516
55.8043,15.0109
2124.14,12.8633
203.746,15.9442
3247.46,7.2501
4142.67,4.92222
3418.95,7.0551
1911.93,12.4643
4174.03,3.69957
4052.74,10.3439
3383.07,12.1489
3506.36,14.9918
831.661,13.2057
2690.79,2.90316
2295.21,4.93125
1247.08,11.0103
1159.15,4.214
3080.15,1.65766
3239.56,11.5589
3757.28,13.9173
173.931,11.4818
3750.21,6.64319
1801.11,14.6013
456.568,1.71225
3963.23,8.4768
3282.59,10.9664
3037.89,5.97907
4031.01,1.41614
2586.64,8.87117
3003.42,1.58726
4133.03,12.8463
845.72,5.7387
1768.98,3.33052
2246.28,10.1004
234.581,2.87522
2682.59,8.70243
2169.74,6.71199
2725.73,9.32658
1579.47,13.9304
517.572,1.0163
3813.76,4.15142
2508.62,7.10542
1695.87,10.1237
3218.08,13.1698
2518.68,0.167144
2901.11,13.4152
611.532,10.2818
911.236,14.9064
2578.43,1.86102
3252.59,2.65572
3007.66,10.2123
3914.8,13.7651
42.6203,0.0654308
3903.01,7.52246
340.132,4.83318
2510.85,10.2407
3635.49,14.8123
1430.65,9.87996
4055.54,11.8169
188.28,8.95014
3234.24,6.73052
1176,5.0817
3690.21,14.9629
609.541,5.95604
388.097,3.44571
4130.51,6.15279
1998.54,6.62
2165.52,13.5081
448.663,5.35401
2563.26,7.52492
3168.91,12.213
1628.26,3.1998
1672.4,15.8704
2298.07,9.44127
507.821,9.16468
2664.94,4.84015
2348.66,13.7858
391.623,10.1737
491.65,15.4273
34.2597,10.8444
1742.71,10.1211
1122.39,1.23283
3022.64,7.19122
2550.45,4.56299
2238.13,1.2913
562.594,5.52114
151.022,8.76695
2760.27,8.76077
62.24,14.4931
1584.7,5.64531
3461.16,0.920406
918.104,14.6039
2075.37,8.80303
1738.78,6.85623
2450.1,5.25984
2639.29,1.41754
2229.11,10.3682
4000.46,0.667064
3986.02,8.76601
970.808,9.16725
3961.31,4.90649
3807.72,5.09513
3797.25,2.07362
3161.57,15.9191
3124.19,11.0464
2637.76,9.41398
2693.79,2.67737
2161.72,4.33192
445.194,6.20082
1772.95,14.4628
2537.86,15.1839
1985.53,14.5799
726.166,15.1191
3425.27,2.12982
3276.06,7.00653
172.562,8.46265
1972.44,4.20307
1098.46,9.98548
2225.08,9.50547
3079.18,5.21882
586.014,13.3321
2367.58,9.39619
3226.02,2.50931
428.976,10.6828
4084.7,13.8209
2872.65,9.13895
499.749,10.3223
2473.16,5.26483
1106.22,3.27813
1716.01,13.9791
2485.16,0.130456
3844.6,0.302229
354.177,15.6309
451.048,13.3015
1095.09,13.288
3872.55,14.798
972.682,3.8604
765.877,11.6819
2937.59,5.2049
3748.81,10.4675
3684.62,11.5095
137.47,6.48683
1210.09,12.9684
613.065,0.277925
2425,0.9271
4062.99,10.0701
218.633,1.55574
169.743,7.81197
4187.49,12.8855
2039.71,3.46953
3684.2,6.37788
302.824,10.3451
1491.18,14.8642
2994.61,0.897103
2811.85,8.98885
345.249,10.5128
2357.44,9.99112
3295.16,2.38822
3927.29,7.82104
3298.95,6.13036
3810.34,7.25369
1612.26,14.2896
2085.64,0.880596
4102.91,3.15714
3519.15,4.23038
97.5412,3.8945
505.552,4.57496
204.686,6.46879
371.945,7.88864
2461.79,7.22459
2608.14,15.9782
3412.53,13.9359
2104.28,7.6493
1485.28,12.1639
1368.01,6.55201
3969.24,13.4864
3508.62,4.59892
677.217,12.8591
2123.96,2.29037
3046.35,11.1565
2538.1,14.101
4019.1,8.00514
3648.23,4.31077
2799.18,12.0556
3486.47,6.42873
4148.93,9.21189
1365.78,3.83064
2983.69,15.0228
2215.63,8.64826
3530.68,1.15074
824.803,8.53461
978.929,9.15004
511.616,15.092
3021.83,8.54207
867.521,1.10437
3601.87,10.779
797.723,13.0058
323.181,11.6869
1561.03,2.94844
1975.25,11.3613
2238.39,6.10465
1797.2,0.128986
1100.85,14.5357
1375.43,13.5332
3858.31,13.507
4167.47,2.69459
3196.72,6.54676
2298.98,9.97391
1901.61,14.1829
2874.9,2.82399
2123.79,8.39971
739.572,9.32575
77.4273,12.5984
1567.53,7.05129
2658.77,15.9963
4125.92,5.76919
420.206,14.2425
585.839,8.27578
3306.4,7.45672
3730.98,1.00548
3764.48,15.2869
36.965,2.43752
2275.41,4.31753
374.2,14.0604
1287.04,1.66064
570.261,8.4552
1054,13.4298
1039.08,13.9523
2287.56,2.97431
3004.78,12.315
3407.16,12.8971
3212.98,14.3918
3492,12.1112
2588.89,10.675
712.817,3.57096
1145.54,13.8613
1205.83,14.783
618.619,6.82063
3472.23,10.4912
2859.45,11.0434
3954.07,10.2028
3786.19,2.34131
396.865,10.5679
3281,5.89
1440.21,3.90845
1996.86,15.734
3717.02,7.74926
627.469,6.40665
3832.52,15.8802
2741.91,6.38283
1633.47,12.7214
4053.81,9.53578
3497.43,1.6081
3022.19,3.14112
2663.05,8.99472
4095.8,6.13937
848.005,4.7073
2996.16,2.30425
3521.69,8.58567
1966.64,11.0949
1611.1,14.8949
1790.21,12.2213
383.306,0.962321
529.763,15.7714
408.136,15.7306
962.225,0.522174
1703.53,9.04996
3662.07,14.3177
2073.06,10.1256
2252.25,9.62445
401.313,5.26919
387.596,12.5307
2439.52,15.0226
1599.95,15.1591
4048.56,10.434
3998.29,15.6816
1318.58,0.920758
3287.92,0.457337
3903.85,8.30509
2713.69,6.48267
1304.45,13.237
2628.1,8.40948
3227.15,12.5606
1646.28,12.2691
3673.32,12.3324
3592.95,6.48933
2949.94,1.10883
2594.18,1.30606
1791.69,2.4909
2701.19,8.49864
703.161,8.86517
3849.46,15.0618
1412.6,5.85689
4134.99,12.9084
2553.02,13.2152
1358.69,9.60144
1508.44,5.82436
668.23,1.14716
2099.72,12.8707
1451.05,11.4505
901.901,3.67779
1641.7,11.9093
3016.15,13.5741
3069.26,11.0123
2721.4,11.7585
1791.09,9.31748
880.261,5.89011
3137.71,14.7881
839.583,11.4098
1591.51,10.3892
2792,4.67948
2171.17,3.16208
24.6866,8.21803
2341.74,1.85418
3683.76,1.76888
3200.58,6.31648
3628.53,3.05398
1086.46,5.81734
2122.18,12.4807
1212.53,9.51161
2520.38,15.7445
3299.27,12.5207
239.59,9.93853
996.624,7.27602
2619.76,10.1518
1979.61,6.96182
1294.15,15.6896
676.85,7.87324
1622.66,0.900078
3102.04,3.8247
1870.27,14.0767
2491.4,1.22774
3001.19,1.25752
2230.57,15.2273
836.808,10.6558
950.222,13.4911
2914.46,4.1585
529.431,3.34023
1822.44,13.8258
3923,7.21447
3512.17,1.2557
1571.62,6.84432
458.936,4.12261
3557.83,15.5509
3393.85,14.311
3810.12,6.57328
1997.8,9.06456
3287.71,2.61838
560.005,12.0115
3973.5,9.02878
614.558,11.539
373.386,8.92154
1651.84,11.0162
107.942,14.5968
3960.28,4.27611
190.487,8.87995
751.53,8.49057
1381.19,12.5923
2483.87,12.7052
3372.61,14.7102
2826.36,2.67729
3063.63,6.46736
2261.55,0.181457
547.775,0.760553
3370.96,5.7841
2456.98,15.6026
3996.26,10.663
1207.68,4.98715
878.413,5.85408
2915.38,11.2074
743.135,14.2214
2249.86,1.98203
2068.57,3.55105
927.209,5.09231
711.397,9.33686
2532.05,15.8942
3732.03,7.52718
360.902,0.556757
2463.82,13.2345
3885.02,12.4619
3491.18,14.6765
472.781,8.71394
1698.79,13.8647
2715.52,13.5087
3753.41,3.13191
153.198,14.3015
1412.84,15.829
1314.03,13.5855
2487.58,10.9385
1933.37,4.29667
3933.93,7.29713
522.088,6.78308
4131.83,6.0481
4073.03,15.3288
4067.14,14.6741
1746.58,11.5513
93.226,11.3056
984.987,15.676
3343.74,13.3626
2679.35,7.50623
928.436,8.76938
777.388,1.39262
51.7977,3.04633
2478.12,4.97066
1030.63,15.3754
640.851,14.9811
1961.47,3.49477
4146.11,11.2587
48.2565,8.07046
2564.6,15.0684
3658.95,14.4356
3057.76,6.51202
4047.99,14.2652
2265.29,10.2281
2568.51,15.3678
1174.41,12.2415
2691.44,2.18164
2436.16,5.37048
225.001,4.95968
3955.56,9.2334
1212.4,2.98533
1080.27,7.63064
4008.04,10.6125
1677.58,9.44972
862.747,13.4602
1569.89,4.48676
2418.95,7.637
896.378,3.32495
2829.11,0.926515
1263.46,0.930339
2780.06,12.3623
1874.63,2.91381
4136.82,9.48801
620.041,14.6883
1953.63,11.9002
2548.55,4.10243
2218.29,13.9313
2911.39,10.7186
2146.65,15.3219
2564.91,2.90733
704.603,6.44455
3696.29,2.82473
2391.35,13.0262
2513.9,1.36116
418.902,4.185
2913.48,8.14736
1601.58,10.9711
2864.15,0.485566
1949.03,6.79086
2400.46,5.15931
3320.44,4.22997
2692.72,11.6794
38.1245,14.23
2960.88,4.57782
335.249,3.24811
3849.75,2.07148
2606.82,15.7128
1617.56,5.31356
2129.84,12.4032
794.003,2.92422
2169.19,13.0716
368.667,14.7775
3845.56,5.20014
22.2943,0.724298
318.454,12.0715
3678.22,14.4936
1344.81,14.6917
912.914,6.74399
1823.78,7.70893
4122.39,14.4863
2090.02,5.99376
4076.91,13.0696
3977.2,0.463093
3676.85,3.7477
2881.29,7.07665
828.564,11.5553
3841.9,6.90026
1245.08,8.92769
3732.65,9.89264
3867.34,13.6037
4174.02,13.2571
3705.51,0.20541
1961.42,9.32781
297.946,8.08415
4040.34,8.47558
4166.47,5.16284
3945.96,10.513
959.79,5.00875
2564.47,4.83933
663.847,1.05423
364.091,9.59543
2468.57,1.02465
109.003,9.5943
1527.66,1.28137
2895.77,12.0412
4042.58,9.562
4079.88,12.5446
1832.24,2.82599
4175.19,0.875716
1921.2,15.8513
296.615,11.7224
3223.24,10.4721
2760.95,9.43205
2287.75,1.78744
3919.76,14.4344
3545.49,10.8338
2926.8,7.1314
2501.14,8.32127
579.771,9.49303
4121.85,5.554
551.112,8.74564
2297.11,0.108899
886.962,7.93662
1209.49,2.83609
2410.39,2.22889
1077.66,8.96428
618.092,12.3245
3992.82,8.90776
1988.29,15.0996
1865.33,6.43413
431.845,7.36899
2108.05,1.74428
2379.68,8.10375
436.833,8.98169
2509.17,2.5453
3651,13.9238
2456.4,2.95272
2015.36,8.55302
4029.67,1.69849
3248.42,14.601
1458.94,8.5984
2219.25,11.3616
1229.65,14.7192
3964.22,11.4045
54.8792,11.1488
1431.51,3.66336
1214.68,2.99319
215.034,2.6511
2614.48,15.9355
925.222,2.63651
32.6707,10.5339
752.867,13.8593
1037.62,0.000779083
3418.93,9.30582
3255.95,15.4268
236.767,13.4537
1526.85,5.39378
1605.4,8.07624
3790.14,6.86142
1208.1,13.7292
605.237,2.12599
2799.26,3.75489
3282.85,12.0952
2402.35,9.23062
2190.72,15.0952
1980.04,15.0644
86.5401,7.71488
3299.18,9.0099
4064.76,4.19682
1905.37,9.89981
3435.89,10.8459
3420.11,14.2799
1156.39,2.88601
2303.86,8.51563
542.314,3.47193
103.976,3.98234
2413.17,6.27536
685.355,1.58181
3810.81,1.56133
3760.35,8.91466
1157.99,4.47768
1982.19,9.87946
1245.47,1.9347
754.959,0.899334
1859.84,2.11181
3031.23,10.6593
1116.4,9.91883
2098.18,6.8758
280.955,14.4189
393.084,5.95053
2652.22,11.5163
2370.76,5.30153
3333.64,9.31029
2817.59,14.5173
787.062,6.97867
409.826,11.899
2399.83,10.2526
1481.59,10.9284
3028.02,6.49809
4159.32,15.7722
604.354,13.6186
2391.25,14.5856
4000.18,5.05699
1317.85,7.83086
3453.3,2.15356
1667.48,2.23908
2240.58,9.42188
2841.62,4.85408
2486.11,3.85113
3290.01,10.4162
2214.28,9.29022
2858.41,9.12674
2683.82,10.5031
3382,12.3875
410.722,12.9743
1718.43,11.7851
2056.65,9.63179
2425.48,6.27848
91.0637,8.68009
3171.4,10.4777
2269.36,6.49135
652.72,6.71628
3195.15,2.07021
3531.25,11.7225
777.737,2.21676
1007.84,9.37985
1492.72,13.4443
4180.93,0.00752095
1863.18,5.03564
2981.98,10.2657
293.719,1.75622
4145.76,2.81574
294.305,5.90587
2098.31,5.08094
144.513,14.8953
1495.26,9.91077
2696.87,5.76195
3158.72,15.2001
4070.09,9.63795
3526.21,5.65542
301.708,12.6702
3196.59,0.542441
3142.57,10.2065
1434.59,14.9605
2122.01,4.18529
271.157,2.93296
2031.55,4.10552
461.209,9.75695
1423.02,13.3639
1541.16,0.035183
3520.15,13.9797
838.134,4.23128
1295.44,15.9879
4093.77,9.23535
2950.98,10.1492
3293.11,0.177969
417.872,14.6688
3182.57,3.27472
3093.44,10.1573
1217.77,13.5629
2558.3,15.6611
1359.43,2.70942
2476.62,0.543847
1162.31,6.77185
986.135,7.57365
1616.21,5.42782
181.984,7.09593
2638.21,10.3506
3216.04,5.60497
1565.69,15.5387
877.523,12.9487
3416.84,7.38023
3588.19,0.67842
1537.35,7.13843
3299.04,14.6772
3668.25,9.55395
1607.44,14.8892
438.335,1.7424
2525.62,5.2218
2705.65,1.80147
1653.08,3.60956
2038.53,7.65923
3233.79,13.0437
3350.65,12.3915
3755.59,0.848766
3860.29,7.94448
26.4383,7.1495
151.301,9.9079
1643.75,7.01537
1647.72,7.38988
2400.51,2.29656
2673.05,2.19593
1172.19,7.93919
502.77,0.0617026
1970.04,14.1471
2066.4,5.58513
510.755,3.34203
4135.36,8.87846
954.967,8.31242
1961.01,8.47034
694.088,6.28992
489.167,0.97789
3635.07,9.13058
959.217,14.4793
103.522,4.81043
3599.12,1.42332
4052.33,10.7579
948.879,11.5698
4143.72,13.2352
1062.47,4.77782
864.534,2.71726
1268.58,3.8274
2854.22,1.90159
1839.95,2.19956
2827.36,9.6816
228.041,8.82582
1994.31,11.5568
4035.45,9.87074
3958.97,10.9248
3908.6,3.21111
1661.27,3.5801
748.986,6.14532
2152.65,15.334
800.441,11.638
612.798,3.67067
430.381,4.74663
2014.05,8.05152
3523.78,13.8258
76.9182,9.30414
2968.22,15.5435
3682.32,4.62257
903.706,7.32768
3409.6,1.42112
576.744,13.6631
1930.67,3.48034
1900.28,8.76651
4136.58,13.2403
1665.68,10.5906
2447.7,9.35392
3817.28,14.3323
1461.48,0.227691
821.676,12.5851
3031.68,8.80842
2042.11,8.69061
1268.57,10.4878
420.704,10.0125
3352.29,15.7645
4060.26,12.4599
2340.8,2.78659
409.866,6.57676
216.041,9.6707
3.95024,4.90026
3814.24,8.46827
2458.76,12.8425
3057.89,12.1403
1438.17,9.13574
727.593,15.273
3218.95,11.3329
3653.72,11.2002
2986.77,13.897
1037.55,4.23922
3143.95,8.63779
1522.39,8.05896
3201.17,0.239799
2107.48,15.059
4167,13.9622
1707.23,14.1397
1180.01,6.62515
510.064,6.79954
4089.28,9.37508
4150.86,15.1315
640.185,5.91845
3156.76,3.76861
182.247,2.17166
3340.68,9.10572
2919.8,4.14514
757.23,4.60622
4042.02,1.79356
2604.27,3.29658
1887.95,10.6456
344.291,14.4155
3032.06,4.52176
3325.98,6.27807
2609.29,14.0013
2715.35,10.2293
364.955,7.47746
97.0423,3.63144
3083.12,14.7333
1724.24,2.74076
1176.45,0.584115
2976.42,0.519537
232.116,3.22266
1034.54,5.8475
862.423,1.32007
2429.23,15.934
1608.97,12.2221
3325.98,0.352947
1946.23,12.4493
3787.21,13.5283
2824.7,11.1146
1313.73,10.4142
1818.3,5.27675
1702.02,9.16652
603.83,15.6356
3760.97,8.57388
1764.75,6.90547
1265.78,5.80128
2348.63,2.59641
1410.15,10.4077
2037.27,3.38988
1100.42,9.00548
3913.37,4.94281
1425.84,11.3824
484.285,5.945
1535.37,7.73934
1783.55,11.186
2661.32,5.04834
453.604,6.08273
2109.88,11.5089
2461.45,10.2026
1872.6,0.119487
745.203,9.0659
4091.54,2.26134
1983.57,6.64847
1598.44,11.6568
3943.62,7.67443
3555.22,6.4045
934.928,3.78351
764.659,14.1692
4144.76,4.89956
3122.27,2.8469
488.363,14.3783
2689.19,8.44261
3869.48,14.8739
2175.35,4.25558
385.025,4.85263
3770.04,10.4604
826.083,3.96221
3625.69,5.20711
531.771,10.4716
3492.96,1.67728
2617.3,8.11431
2394.53,6.80469
3005.82,10.6282
4074.87,9.35561
3921.27,5.71062
148.247,8.79129
142.55,5.9455
3244.05,14.4443
1167.53,5.27688
2329.92,12.883
638.608,13.4914
3462.89,13.7559
3733.48,13.42
1065.87,7.56576
653.769,9.28242
3895.52,8.50041
2252.14,12.9087
3441.75,5.04463
1546.98,14.2759
1323.22,1.07276
3758.08,2.69855
3848.38,0.0661608
2221.68,0.449931
2927.86,9.39582
1356.21,14.6224
2890.4,9.81083
3967.26,9.11196
3400.98,7.54846
2994.31,5.14529
2410.18,4.08783
906.824,0.262811
1043.42,9.71459
641.979,5.87949
2782.7,8.316
1243.45,10.7858
3316.55,12.4626
2343.64,14.2388
2117.34,13.0893
1111.08,9.40326
253.151,10.9203
4096.88,14.8773
1942.71,0.0401159
69.1114,1.80263
1602.91,4.56457
1040.37,12.4358
2849.17,9.68072
3051.04,3.57589
1143.24,0.338188
3543.9,15.7792
1476.43,12.1392
960.799,12.8297
1514.14,6.11425
3529.62,5.15521
2535.5,4.01884
3755.31,0.00903017
2072.78,11.2796
669.062,0.52778
2488.74,0.45231
3890.46,5.01358
3071.79,1.10159
2803.63,1.11507
3931.71,6.59462
2228.09,12.1831
747.725,10.1007
2525.48,9.12169
2734.78,9.73272
15.9886,14.7243
4053.88,4.17758
2450.07,4.02354
3548.62,7.77673
1620.14,5.35806
4050.77,0.490822
1687,14.0884
476.454,1.02995
2036.83,14.0551
2711.57,9.48817
168.686,11.8698
1713.31,7.56371
2361.57,13.0968
2649.26,5.6559
2387.19,5.0868
1347.77,0.522994
2230.38,10.3894
511.671,6.78265
2231.86,5.36187
3432.1,13.818
3389.21,12.4037
209.039,11.0082
1792.32,1.57349
450.483,4.10174
2409.01,15.5543
2949.68,8.35195
3068.2,12.2835
2328.97,1.03366
1236.05,10.5737
517.381,4.44222
2837.51,11.5093
192.494,11.154
2902.42,2.43949
3843.04,15.965
2032.67,8.09237
852.095,0.180434
2272.05,0.54471
639.791,15.7101
1384.66,2.89164
2228.97,5.7539
3408.89,15.671
3845.2,13.296
228.957,2.9274
1816.35,7.20894
594.947,10.8018
447.406,10.8106
1960.6,1.28603
862.604,7.77091
3399.27,3.5646
1839.32,13.1854
3207.36,2.81992
79.4121,11.2153
1281.71,6.91048
2882.21,10.1981
1606.2,4.72536
2918.34,13.5852
3540.86,9.85434
3466.12,3.25599
467.226,3.85495
3013.46,5.77946
847.307,5.29566
2456.46,10.3193
610.47,0.191901
1643.09,9.65882
118.418,15.4506
196.992,11.0053
1964.85,15.4104
1033.53,15.2808
2308.56,10.1321
1305.81,13.7784
1120.24,14.7321
2576.12,3.20217
2163.93,8.89137
773.121,2.4312
1012.11,14.238
1778.72,13.7886
3936.01,1.16177
3416.29,13.3692
19.009,15.4379
3139.58,9.95923
2659.51,12.1219
1463.24,14.5531
3119.18,1.1172
2320.38,12.3244
1703.76,4.18744
1538.71,4.82003
1859.73,4.48084
1962.09,6.61701
3214.33,2.60401
2350.32,9.85148
3384.58,1.27869
1101.94,10.7043
3915.21,7.68482
2536.07,14.2795
613.886,0.775965
3700.08,10.7945
2842.64,9.42983
3356.89,9.15203
3836.09,4.93837
1853.91,0.500463
176.382,11.9274
813.237,5.34367
901.947,9.9029
2250.14,8.89373
468.798,2.44521
1887.9,14.4303
1132.18,3.53226
2177.73,3.50599
2566.79,10.3331
2741.66,11.4904
1149.96,6.8312
3505.47,9.27808
3121.47,14.1206
2282.13,13.1172
1544.61,11.3908
3228.81,6.52058
2636.7,15.1645
3688.43,10.2672
1079.22,9.15265
76.3703,2.13662
1228.87,3.70227
2138.1,13.0429
1044.47,7.13055
1479.52,13.6194
2519.37,8.30571
507.145,15.2788
4066.31,11.6503
3440.94,6.24791
2167.27,7.85389
727.608,13.7049
1595.96,8.08799
1289.8,2.94012
818.462,7.4123
1532.34,13.5164
3585.65,14.8115
405.317,10.6685
1457.65,1.66454
4140.85,8.27398
3524.21,8.55433
1617.21,0.360777
452.811,12.0668
556.582,9.65697
645.815,6.09778
252.537,7.18836
1474.97,2.95896
407.223,3.42134
461.105,4.82539
3207.3,9.68082
1590.47,6.79935
3452.25,10.2631
687.083,13.0444
3265.02,4.1634
2153.83,6.43452
3262.78,5.42616
652.13,8.35974
2936.09,12.4253
2980.43,14.9673
4148.59,13.8457
3548.88,15.4223
2052.9,5.8683
1461.12,10.5133
795.785,1.14624
2266.12,7.98435
376.709,6.34365
3021.68,11.2097
967.185,4.81182
2748.21,14.1525
3910.49,0.432665
2874.75,11.2018
1206.84,10.9317
1391.16,1.71638
2308.42,14.9887
1289.21,0.279659
3365.52,1.71106
3859.42,10.6587
3542.58,2.15752
1623.65,3.12726
2566.48,14.0559
3166.58,13.8908
2999.29,0.153616
291.907,0.517976
3789.52,13.7181
2673.04,7.70675
2470.51,5.60589
2118.52,11.6857
3998.21,13.102
1647.68,6.40066
2105.54,0.218857
3399.17,12.1284
636.006,8.65432
3546.84,8.09668
2649.24,12.8717
2021.66,14.2974
1426.33,12.4023
1934.44,0.795064
2061.84,9.7387
3704.41,0.303932
1008.31,6.19576
4066.5,8.81156
2821.11,11.1518
475.243,11.5642
24.8143,13.2033
3957.93,5.17646
33.2968,1.37719
1889.31,5.93636
1432.06,11.8038
3034.62,7.5
65.458,5.48695
1269.98,11.0668
968.652,8.87754
1496.37,1.75762
1262.65,2.88474
2049.54,9.88255
4067.44,6.54286
3918.32,1.2975
3775.74,5.40126
2755.8,6.12756
4051.04,8.24647
2864.11,1.2106
2490.28,15.8851
2447.38,15.5776
637.005,3.62513
703.843,4.45489
1104.2,13.2517
2227.62,8.53839
3959.07,13.9992
3768.97,15.5624
1155.4,8.81635
3153.92,3.4941
2724.22,5.49913
1529.68,6.94716
121.444,5.29699
4018.82,10.5839
1805.21,8.28171
2663.56,10.6029
2532.25,7.98031
3798.04,14.852
3809.86,0.0236809
98.3808,7.01797
1492.65,12.0503
2339.9,4.71602
549.027,14.8899
3852.68,14.6667
1264.72,7.39601
336.785,4.15699
1913.26,15.0353
2500.6,3.42833
1060.47,11.3189
2988.76,5.30986
2099.58,3.01488
1258.53,10.7109
1417.69,1.93227
3795.4,11.0147
2797.32,12.9991
1238.54,14.503
981.942,6.99838
400.426,9.55036
394.486,11.2632
2041.08,10.369
2512.27,10.7135
3755.72,3.82601
2433.74,10.8642
3984.91,14.7255
2147.78,6.93951
1789.25,8.13732
55.6114,2.52738
2184.8,4.23822
32.0509,12.7593
178.051,9.77597
3704.29,4.42543
3527.44,2.04038
1182.43,15.9358
1228.18,5.18856
1425.18,5.76729
3637.47,8.15453
2266.62,1.92464
1007.76,8.32522
2028.04,1.55598
3767.39,9.06858
1256.36,2.58726
573.231,9.50803
977.558,12.9709
204.193,11.285
1981.3,6.74273
2971.44,7.67764
29.2001,15.0299
1853.33,4.77839
3077.39,7.92207
111.881,0.648068
1662.51,14.0319
1562.64,0.441694
539.442,9.16947
2051.77,14.7186
4024.99,0.416754
241.577,10.7824
3749.68,15.1656
526.03,2.25287
2657.72,1.4688
4149.32,3.19935
2585.75,13.3349
944.467,3.76565
3688.58,12.3591
4056.26,2.96527
3963.23,5.70033
1816.33,14.3711
3370.6,8.04056
15.1058,12.7694
1108.46,1.98646
1231.02,10.1622
3220.29,12.7576
2571.49,8.16124
3652.33,13.82
1629.22,1.84744
88.4652,9.6891
3830.48,10.4019
3845.23,4.26747
1891.4,5.07742
1486.82,1.39425
2427.34,4.512
4033.11,4.38793
2266.68,4.73
1148.15,15.0431
2155.27,3.98874
2469.55,2.27741
1127.52,1.06718
1199.98,0.214786
1373.7,3.28665
637.684,15.2752
3057.14,0.520216
2793.41,0.310035
559.179,14.9495
802.252,6.92284
650.957,1.09662
2136.41,13.2212
2563.87,8.02549
3604.86,13.0483
570.526,3.72811
988.194,15.6946
3167.83,4.67609
2908.63,11.2947
3366.29,4.53786
1323.86,9.58195
4162.31,9.18051
674.611,11.1128
1465.56,7.23941
3167.15,2.40327
748.398,15.4149
1067.15,9.63064
1928.87,11.6267
1347.62,5.75745
3522.39,13.0961
2765.52,2.31536
4069.01,0.0690552
2721.67,13.8318
1469.1,11.0864
3289.8,3.92583
1946.21,15.3159
1085.57,2.76517
1353.14,8.39125
2202.04,3.34799
512.449,6.19488
2184.93,1.39543
3353.79,6.39583
3754.08,14.6033
3901.61,3.78338
3985.14,7.23964
2570.92,10.9456
333.276,0.435395
1030.48,4.52304
840.2,4.36391
3794.35,12.1283
4151.62,8.2363
3687.74,8.09749
2382.76,8.71493
3011.49,10.9284
3088.48,14.7642
617.746,6.27007
810.256,13.8737
3430.34,15.9266
2807.14,11.3445
1178.41,15.8043
3855.5,0.811428
1453.76,0.734811
1148.45,7.34223
4046.64,15.7803
2528.6,11.5389
3545.31,0.673789
1743.35,12.7826
3155.86,2.53585
1844.17,6.79441
1479.62,6.94886
122.023,10.1333
1843.83,9.55496
974.42,10.3516
2648.29,2.18969
1218.87,11.5034
696.702,6.06923
2232.04,7.18704
1117.22,13.0883
3436.63,2.74722
2061.34,11.3733
4098.54,12.0913
2711.93,12.2352
948.264,13.5723
2571.71,12.0008
1805.82,12.1612
900.866,7.9467
1514.93,4.41759
1658.06,0.99587
847.466,6.28182
1583.45,3.33816
2663.96,12.8622
3349.99,9.59395
3293.65,7.80145
2248.41,10.6911
500.198,14.8177
1816.45,6.37839
3661.86,15.444
4070.21,1.88205
1579.32,5.42841
2891.96,3.94644
1419.49,3.54871
964.583,14.9713
2886.61,12.6522
4017.14,10.3865
3567.65,0.620043
3065.89,15.9065
2014.39,3.67103
3205.56,14.2201
1474.56,0.716234
318.346,8.91211
1028.81,11.8913
849.578,14.3386
3471.31,6.75915
1797.75,13.0143
4041.72,3.44831
2570.21,5.48857
1007.95,3.53871
584.275,7.05905
287.737,7.30659
388.541,8.55737
3713.44,4.93676
4069.35,11.7929
2823.31,14.1886
2710.34,8.0627
696.576,2.65835
2795.32,8.55797
1135.94,9.36644
3974.78,0.850796
1611,8.34214
1454.27,9.37843
3694.29,5.82557
2780.76,10.2936
2257.59,10.9077
350.529,15.6274
102.831,9.59212
2259.63,9.92405
2910.49,15.428
82.5444,1.89872
4150.63,14.3434
471.33,9.87972
3749.99,12.6755
2330.65,4.11242
162.626,6.2165
3831.72,11.2406
1776.14,11.5642
3321.69,15.461
1720.76,7.7495
3722.47,5.43724
782.033,4.58762
3934.82,4.63618
3042.24,3.3145
35.5597,14.7907
3766.78,8.06302
3257.95,15.979
548.082,6.34867
2837.42,4.66661
3737.59,12.0552
1560.82,4.92539
1620.84,8.16448
1662.1,4.76236
181.144,10.6621
3562.21,12.5077
1325.41,14.4053
3618.79,1.78817
1356.9,5.0976
2316.85,5.01328
526.163,11.2915
1051.65,2.81086
3960.79,11.651
523.213,15.4645
762.052,1.86849
1520.25,8.7937
3738.32,15.4506
2143.24,6.15763
2094.52,1.4522
3022.12,10.3892
2281.79,11.1966
815.644,1.5276
2812.22,12.9284
2565.75,12.3445
1462.38,6.90888
2148.48,8.8631
3310.89,9.97509
2218.4,4.72223
2018.54,5.81602
2603.02,15.1042
3474.68,8.1875
3263.74,8.2645
3725.12,13.3425
1917.71,7.61888
1444.82,2.92039
1725.06,15.31
3080.61,15.2976
2440.28,7.67954
893.074,4.02586
458.874,0.0102564
1262.33,1.13182
2702.86,5.36564
2867.81,11.6982
1046.59,8.50677
72.1792,3.58001
3012.4,10.8575
134.756,10.8816
2371.86,7.29866
1044.58,11.8332
513.46,7.03636
2025.09,12.2352
3130.63,2.32319
2149.58,12.5789
594.867,8.4061
1735.75,14.1934
1795.62,10.9199
4123.25,2.2246
3909.87,11.4891
426.479,7.47892
4128.13,5.6464
1338.94,6.09863
951.589,8.08465
1958.05,5.70344
474.219,0.390985
1428.15,1.30903
589.854,5.82266
4088.79,12.7622
2705.3,13.5439
4027.51,0.812105
2667.51,3.73401
3324.06,8.11279
707.11,2.40266
367.823,9.33894
1601.88,15.4979
1802.18,8.91545
3819.43,11.2234
4030.67,12.2282
3068.07,10.8796
2008.19,10.8315
723.756,2.92133
2670.99,13.764
3178.38,1.19135
3720.57,3.7032
918.674,8.36407
2011.74,15.2377
1727.76,3.55332
1254.24,11.5596
166.104,3.26207
360.488,5.80259
2524.06,11.685
151.498,12.2958
2290.07,0.260051
1228.03,11.3677
1047.98,11.0095
3155.65,8.58813
3570.89,11.8606
3180.75,15.8363
1080.88,6.51101
4049.7,8.41626
1780.36,8.58451
3072.17,13.425
4139.69,12.4253
456.876,8.9255
2664.91,9.59894
214.069,12.6147
1678.04,15.7814
1686.81,2.74109
1771.17,8.7026
82.2827,9.06691
592.233,4.2261
1765.44,9.15927
3105.15,13.2943
1786.84,13.4876
1736.93,15.0749
536.907,14.3511
2718.07,9.9331
101.212,4.24005
1899.58,12.7798
852.948,15.9223
3662.59,6.47696
839.717,3.37246
2778.94,2.32386
3552.52,13.3661
230.451,14.701
1878.95,14.7812
447.152,8.8394
1161.63,5.81091
735.726,1.5386
3336.92,12.0989
3684.68,0.995718
845.098,13.2376
3419.51,10.7454
3290.34,1.15022
952.658,6.89765
160.963,15.8123
3168.41,0.0988847
1399.08,12.2431
2207.92,8.366
1228.58,12.3296
2113.5,14.3103
3412.41,6.76873
2906.61,4.06769
729.073,13.0026
3186.95,4.09255
2642.16,1.59104
1517.35,3.78731
3185.99,0.105409
1137.3,12.6322
2278.72,12.8126
1751.14,0.028449
2857.09,14.2178
2779.82,4.54236
3018.38,0.179409
1844.28,2.04472
1549.97,7.41868
346.405,6.93164
740.665,14.0771
37.8775,9.02122
937.392,1.01669
1238.01,9.09468
4150.36,2.06103
2100.82,10.5995
27.5102,10.9797
1488.04,7.38902
68.9414,4.00632
3962.95,0.393205
1552.79,15.8781
2497.84,11.4513
3948.27,3.83765
3785.47,12.3369
3615.53,2.40992
1414.78,5.25404
3456.66,0.107659
2406.06,12.1225
2940.67,7.55338
3089.65,15.9001
255.761,7.66536
211.323,12.3563
1090.94,2.24102
1244.32,4.73366
144.169,9.69245
3402.44,14.9897
459.117,8.60841
117.915,7.92243
3263.84,7.42765
3815.33,10.6972
1375.97,10.3758
3421.91,10.9368
813.222,11.2044
2658.26,11.2683
3888.77,8.26163
2160.45,3.05092
4036.94,10.0418
2745.74,15.5406
3651.29,6.34777
2377.35,3.51513
2003.41,0.67416
3372.99,0.472132
2181.24,5.75503
3245.37,4.73111
3242.62,10.0548
3640.16,1.03204
291.65,6.85117
2388.57,11.4085
3970.31,8.977
425.944,4.25192
1084.52,7.74722
1331.55,5.13871
800.601,13.4495
857.114,8.43881
3870.99,3.12196
280.596,4.28557
3109.37,11.3728
2749.06,3.88469
2536.18,15.8244
1173.66,13.8805
1859.27,8.55433
385.673,15.4326
2609.98,12.2167
3853.47,10.8043
3180.42,14.3627
2985.28,3.97293
622.192,8.74403
3599.05,6.37284
1325.43,10.0687
1445.81,13.7269
4043.53,3.70078
1542.08,1.21998
3484.76,14.8607
330.753,15.3312
2455.67,11.7479
3851.71,11.0611
496.968,6.79049
2727.55,12.7442
245.092,2.41453
2492.22,7.72722
1777.78,7.42604
1900.59,15.6836
2486.31,8.19055
854.284,2.95709
2604.33,5.66534
2175.16,1.42295
1747.71,11.4777
1570.63,12.1607
908.879,2.28894
2029.34,7.28818
424.567,6.53073
2238.69,10.0861
3380,13.8382
4024.87,9.13233
3345.12,8.87091
1162.07,15.1704
2516.55,3.52151
815.259,11.6317
107.637,11.5788
4127.97,0.575589
732.932,12.0299
468.918,9.27004
2461.18,2.68824
3941.82,2.62989
2031.59,8.55835
2944.2,12.0259
2120.38,14.4197
98.7653,12.0518
1424.3,5.33267
456.997,10.2015
2959.78,15.3804
723.082,5.58768
2388.6,13.2155
1527.76,7.25317
465.396,7.55178
4085.92,1.08235
2675.01,12.2092
1657.01,7.91999
3508.49,6.34001
3519.55,1.85879
608.334,2.00383
153.498,8.51418
422.439,4.59892
3703.31,7.56168
3585.06,13.6588
1195.53,15.8217
146.31,5.96766
3989.93,1.32941
1471.08,2.39481
999.406,11.7058
1653.35,10.4347
2016.84,2.82222
3136.66,4.19338
2816.33,10.6682
3567.83,1.59425
2162.09,5.90749
2794.88,7.69735
109.469,5.58605
7.49383,3.34411
2582.14,14.7284
2439.84,2.42929
1937.11,3.26567
3352.52,8.54192
2408.79,14.1904
2628.15,15.1997
617.424,12.9736
1436.28,0.83487
1911.75,2.12465
1827.99,3.05907
1116.29,14.2038
2007.62,0.59428
2373.09,12.538
3949.33,12.7147
708.651,14.9072
2225.84,5.25985
2241.39,11.6668
2187.74,4.31955
1453.94,13.9733
1164.85,12.3851
3880.2,5.74369
2958.08,1.71928
2724.84,8.25038
1447.54,14.1022
2814.01,6.3328
3491.83,13.0213
1996.1,12.7379
1117.11,3.56846
2434.73,3.2771
1124.76,3.51372
3212.02,2.00495
644.249,9.4764
2664.83,0.824019
2541.81,15.5317
311.768,14.619
1643.59,2.52194
1489.43,11.7372
1706.26,11.0878
4111.82,10.2512
507.88,13.1485
590.811,11.5136
1458.1,11.7899
1235.42,12.3188
628.267,9.88919
3724.98,9.8585
1893.34,10.9731
2516.46,1.46408
3077.73,2.81503
3776.45,13.8852
3080.61,12.4175
1895.31,13.5367
1390.99,6.47045
1677.26,8.92931
1222.93,0.131213
1428.3,8.77881
677.281,11.5249
3421.39,2.1685
1345.03,6.33134
2073.21,14.3254
1870.63,3.54732
2697.95,9.28763
4083.13,12.2349
157.08,13.802
412.583,4.59614
3471.62,15.0848
1401.94,6.01699
3224.18,3.70392
3784.7,6.11936
4162.1,14.0003
1559.92,10.8512
2621.52,6.53479
1700.41,8.2412
1927.07,14.0657
1406.71,11.2516
3443.91,7.80516
3238.37,8.20202
2195.35,3.0785
277.224,7.71081
1359.15,6.49603
2203.19,2.79025
2902.94,0.99826
2580.88,8.13255
1760.8,1.14409
1954.11,10.7757
3783.37,15.4504
934.029,7.49378
2756.71,3.33528
418.968,1.36198
3631.43,9.20007
2309.97,10.943
218.874,13.5252
3006.66,1.65821
677.838,9.17734
3529.27,11.1392
3784.86,4.11105
2811.38,1.94379
783.073,2.70422
2696.18,0.307148
62.304,1.00733
2675.22,3.32954
2683.9,3.33608
4075.68,10.1127
4080.3,3.37675
2596.94,8.60555
2166.41,10.9559
975.95,15.5185
4130.4,12.6987
3416.91,6.15844
2165.72,4.53882
921.543,9.36412
2987.66,0.0321643
3421.07,13.7743
1843.07,8.00766
423.774,3.41033
689.328,9.80079
3812.86,8.22525
1671.98,9.63552
878.96,10.9512
965.904,6.27171
3360.38,3.41628
4143.6,1.52428
3857.56,0.0596154
1840.18,10.8349
647.109,12.883
41.2436,4.89532
2654.39,6.76115
282.147,9.26978
2051.02,10.7644
3139.86,2.86313
2898.72,11.4695
2976.3,12.0151
4044.79,13.2845
734.854,5.97287
2889.44,10.8838
3387.11,6.64967
2256.17,6.51176
825.418,6.43453
3905.85,7.8438
3372.68,2.50375
1398.46,4.19469
632.207,10.7654
1134.13,12.6607
3307.78,2.23115
969.37,10.7241
643.362,14.8676
625.304,8.58027
1877.36,5.8298
2456.43,12.5754
3551.55,3.12126
3387.11,3.01621
3233.77,0.757589
998.675,8.36772
3001.81,5.36524
1711.15,4.62146
2652.54,6.97523
16.3701,2.60851
2880.16,13.1226
2153.96,15.5745
568.82,7.02567
3073.71,1.8087
2796.16,11.6748
3371.35,3.97459
3282.59,15.5478
2137.31,6.98811
1184.49,8.5507
2049.85,11.127
183.925,9.37226
1708.1,4.21493
2139.32,7.2305
1554.93,1.22129
1155.22,13.3358
3503.77,5.26272
1756.22,13.0998
2136.7,2.60061
2455.2,1.70888
2288.23,0.100299
2234.11,3.18056
1138.52,10.4921
1610.42,10.4614
443.892,3.16595
3711.45,13.1794
3450.19,15.3433
303.599,3.03121
4176.85,3.87432
584.882,5.46096
2954.97,13.0842
2192.59,2.51742
1235.71,1.92327
2830.2,15.1844
3561.73,0.751532
782.123,0.536463
719.226,14.5345
761.059,14.6491
1697.28,3.25327
3065.91,10.6836
3175.13,1.93633
0.597439,2.63828
2643.7,8.17926
1367.07,0.326234
3766.59,2.62247
1746.47,3.11262
597.783,0.422696
3316.61,0.0186644
2612.52,3.19736
4163.19,12.6434
260.265,4.76436
922.078,10.8693
402.95,4.06292
3642.41,8.97898
797.276,15.5592
1289.02,2.71691
2929.71,0.684198
3748.78,2.37081
1662.77,2.11122
3476.99,7.28043
2544.03,8.39948
1517.86,11.5194
514.348,8.04464
2166.6,2.32355
599.693,12.0703
1957.27,1.9531
161.612,14.4711
1260.82,8.2664
1178.41,11.3427
2982.06,14.3928
3836.64,2.24959
635.724,9.85292
2208.24,0.898885
3599.87,10.8049
2363.14,12.1869
2242.48,11.0059
632.722,15.1442
126.692,14.6091
1893.85,2.71565
2502.39,9.83678
2109.71,9.9974
1291.45,13.1303
3581.31,15.6977
3058.38,9.8182
1345.29,1.7013
1782.68,4.91194
2766.39,13.1052
2823.58,7.1533
2596.72,14.3604
3663.4,11.0377
2704.13,7.69824
2291.6,6.46631
3537.27,5.56607
3202.38,13.0464
373.243,11.5546
1502.7,13.211
795.979,11.6405
2274.9,2.92652
2750.63,10.1096
1782.94,2.5596
3446.29,12.511
3573.59,11.0937
3604.01,7.73678
3048.11,15.5745
36.5173,11.3976
238.222,4.57106
853.744,5.27886
1314.65,1.29069
1895.25,10.6228
98.6649,5.75697
3402.88,2.58628
1006.24,7.31622
538.38,12.9455
2723.35,3.46288
2192.66,11.4161
697.873,14.0089
2062.06,7.25788
4077.67,12.9021
1714,9.24768
3879.13,1.05678
1709.59,2.07096
2623.74,4.16074
277.376,8.80228
4020.75,15.7032
2169.64,11.3485
3592.89,2.96061
188.085,15.8679
2999.37,10.489
2637.67,4.76603
1684.44,6.8765
40.8033,11.9684
4003.81,13.7344
3919.08,7.363
2333.5,8.08395
2455.32,15.1681
2878.22,10.3344
1192.5,5.98079
3731.75,10.8499
436.176,6.03242
2823.78,2.81392
323.191,13.5635
1598.09,10.0035
315.389,8.91336
733.893,2.49004
326.207,6.14515
139.138,9.49425
492.9,3.69515
2568.54,13.3486
2034.55,0.371464
3602.59,14.604
2086.18,1.82739
1432.06,0.815765
3186.19,6.87839
2293.84,11.747
778.556,4.66825
1734.63,1.26916
2805.03,0.826995
3999.07,5.52669
2368.53,5.89309
434.595,13.4667
2541.73,11.9366
2300.59,11.798
2960.94,0.936309
124.385,10.1802
1374.61,2.52113
1822.24,2.55697
3493.74,9.30067
1072.55,11.7784
3979.53,9.08438
2579.67,2.61482
248.035,6.42017
3236.3,0.599326
1556.76,9.73697
1241.43,3.73182
1007.33,4.12898
2612.38,1.35807
3762.66,12.4538
3838.79,7.5936
730.88,8.37095
293.602,15.8536
3047.13,0.220601
3184.83,11.2125
379.428,9.02667
131.299,0.524997
767.815,6.39273
2942.79,10.4469
477.458,15.6946
3744.38,8.18578
2976.24,4.90668
720.996,13.017
2136.72,5.00972
3424.94,8.27812
2457.16,5.7205
2932.81,4.64103
3260.66,13.2749
1309.9,6.71156
1366.06,13.0358
3696.53,15.3423
2311.07,10.7119
571.461,13.5714
1433.51,2.99652
1811.58,6.53534
3497.11,13.9903
3566.9,4.68093
557.529,11.3713
2712.69,15.6047
2990.18,14.0763
1842.65,2.98989
2474.35,15.7286
239.491,9.22928
4116.94,0.212803
3351.32,2.48437
3400.74,10.0637
3518.45,4.76051
2351.83,6.72787
1724.13,4.56076
545.987,1.24633
384.034,14.7176
2799.02,1.20987
1555.44,8.89901
4149.08,6.59132
3355.15,5.64493
1685.78,6.28769
2558.55,13.3119
1793.65,4.33721
2608.62,15.0313
2774.7,13.3457
1511.57,8.71786
443.1,10.2244
900.901,1.4263
1334.81,1.99287
1728.44,8.47277
4137.87,0.124809
928.948,2.98509
2049.93,5.91794
1659.25,14.3119
2442.34,10.7936
485.166,3.99394
3555.56,15.4797
145.198,6.85609
3241.49,7.08472
4080.05,8.87488
1713.76,11.0537
1262.46,8.39427
85.6162,1.08624
49.1351,15.0798
708.404,12.9936
2582.21,4.89925
3819.84,8.18569
4016.5,4.83825
154.057,14.9532
3062.3,1.43343
3183.67,13.3509
3698.9,13.7
1865.53,3.899
4178.81,8.75686
2764.79,8.95326
3674.4,2.32805
1440.35,0.212756
714.409,4.80367
507.183,8.93319
3310.41,2.09702
111.855,3.28111
886.386,11.1138
1202.54,2.84166
1456.81,0.223968
2206.41,2.87181
944.231,0.172098
67.7948,7.91768
606.531,5.62102
1360.34,14.5011
2363.06,15.7181
852.388,10.5715
3195.08,11.3622
3045.93,7.86687
905.307,2.74767
3937.09,13.7292
4173.08,7.61725
1835.7,13.6916
754.539,1.71097
2997.26,13.2343
3091.4,5.62247
2965.88,2.4427
1196.86,2.33363
1186.91,12.3413
3242.18,1.87719
2137.5,5.61732
3728.9,3.09454
2987.04,9.89964
235.697,14.3233
3774.36,4.92187
17.2243,8.67436
2929.32,11.3214
3993.68,4.90483
1515.59,3.40906
3970.42,5.95325
2312.24,1.29027
3102.51,0.536015
2251.1,0.351183
1265.03,13.5648
156.84,3.41612
3840.57,8.50322
1352.34,1.2243
775.772,1.96277
3241.19,11.7418
3347.8,8.38172
3981.09,2.21708
3527.36,5.48285
112.924,15.657
2885.14,1.03747
2442.74,5.2318
3672.66,14.4881
2043.15,7.00276
1705.74,14.2708
3681.31,1.64885
3199.39,3.03912
3111.4,5.48383
3642.95,7.84218
3645.26,12.2362
3988.93,6.25169
396.839,7.94922
570.028,5.17992
1472.11,1.52171
113.8,0.238031
2746.38,5.6098
3502.82,11.1956
3109.19,14.6698
3621.74,11.871
2524.04,0.457046
1340.1,11.1918
548.624,7.29855
1355.52,9.65969
2033.46,13.7441
3317.63,3.62097
1685.93,14.4772
3442.89,6.46331
2830.2,13.1575
1375.77,2.64908
275.62,6.68965
1278.58,15.3863
3891.57,3.82111
184.669,0.822769
3116.86,10.9824
2325.58,2.87444
779.956,10.2951
1476.48,6.0694
3230.22,4.03916
3667.76,5.50051
778.174,8.20937
1145.06,1.67955
3905.35,10.09
3692.81,15.8545
3057.36,7.92009
3231.53,12.8784
1965.63,1.24419
3816.3,4.27455
2192.72,0.646762
14.9284,14.1021
3101.17,1.68738
2848.5,1.38518
3806.72,9.86742
3603.66,9.19336
284.773,4.42362
3576.93,12.6709
1531.83,6.9359
582.627,15.4078
299.666,12.2167
813.843,3.24539
578.698,0.25279
2950.84,7.0746
3031.15,13.8263
2001.51,5.70605
685.42,0.0742928
1543.13,13.548
1846.78,10.3989
3343.06,10.5712
38.9676,13.2903
3906.44,15.2425
2804.84,15.283
468.671,3.88352
3126.83,6.50922
3068.88,7.59759
1986.2,14.0154
2763.46,3.34217
1830.43,12.0258
2492.61,0.405165
4023.38,1.94679
776.162,4.81119
3818.93,4.73242
1429.14,2.51259
2738.96,2.10081
88.2552,8.39828
113.978,0.901733
1843.5,12.3422
3848.28,6.91664
1877.24,3.00268
1026.76,2.51427
3358.04,8.62977
3707.26,14.3059
1364.42,8.52392
901.069,4.05608
1553.53,8.72738
2423.72,12.3726
359,9.71046
789.152,13.7671
2256.59,11.7087
3850.41,13.5147
3125.17,7.72914
1300.22,5.42119
1474.3,7.99486
2243.79,8.31996
958.241,0.836353
1025.9,5.90519
24.5174,11.1188
1141.7,6.76522
2981.55,9.21857
3302.67,15.1277
1033.07,0.44088
2862.81,6.92391
2830.97,0.233897
809.807,7.08666
2427.32,0.918829
4026.02,3.08625
2168.77,3.57478
3766.42,12.3419
1564.14,0.443284
2355.76,10.9568
1506.52,5.0633
389.302,13.7687
2536.08,8.52921
1112.06,0.578735
3623.83,2.68853
2570.28,2.08071
3586.16,1.77888
4088.79,14.4586
1232.48,11.1185
321.641,6.59706
2228.8,15.0117
821.355,11.0143
2891.64,15.7735
2862.99,2.72947
1146.74,6.13243
2666.89,11.9662
4042.22,4.267
321.725,5.2011
288.999,0.929251
3277.69,10.1206
2974.43,5.77914
1481.4,2.96369
575.302,1.90423
2197.63,6.70466
1031.57,13.515
1683.48,4.31697
1222.22,4.54897
1206.24,11.9288
633.864,15.3567
3015.17,2.13534
2661.7,10.8087
4158.01,6.48605
870.514,3.10435
3113.66,5.30365
2547.89,2.76479
1309.93,3.68848
2998.46,11.1269
2222.2,9.34528
2528.22,15.3308
2498.68,9.48543
915.749,9.87459
2566.18,0.67646
2971.14,6.6611
1581.8,6.19088
2195.05,11.5923
2679,15.5037
80.0413,12.0621
3456.45,8.67558
3063.23,2.30766
1703.92,7.74871
1428.86,15.2798
3204.77,11.5171
1993.81,5.36001
787.023,12.3675
158.248,8.08566
3648.59,6.50899
3176.08,0.00690072
481.748,2.73158
412.36,7.27768
541.278,1.28051
1353.86,14.3037
1589.59,1.74848
118.342,12.1815
1564.73,12.6127
856.083,12.7584
3452.77,5.02361
2330.77,8.95144
3243.64,1.25809
1839.88,15.0038
3377.02,14.2741
3596.38,11.118
2428.06,1.39437
3084.67,8.56124
1880.69,9.71459
3905.6,13.7629
1301.13,8.13696
1835.87,5.28877
4116.06,3.38051
689.055,5.65864
129.6,13.3936
261.355,4.31781
4091.59,9.07702
3318.7,10.8739
955.271,12.265
1998.17,4.85816
814.588,13.4812
387.19,2.09811
813.292,2.82988
954.347,4.53452
3657.31,2.57144
3256.36,2.03135
248.391,3.97019
2601.15,10.2381
3268.05,0.859003
3105.3,4.47414
619.617,13.3374
1171.01,11.4483
3543.43,12.061
581.227,11.8315
2492.81,9.60943
1963.6,4.77018
776.913,12.8988
3239.44,1.92436
702.448,3.46342
2043.28,1.01036
1294.63,10.9287
658.672,6.43107
540.349,13.6017
361.667,9.08082
3053.03,2.37348
3330.21,0.377309
1774.62,5.48428
4118.4,7.25914
3658.47,13.7175
3794.28,11.0977
66.2569,1.67507
1488.16,6.05309
33.2785,7.44144
1971.51,12.691
536.194,3.73928
1280.09,10.2458
3420.92,15.422
87.1191,1.89662
1742.5,6.69842
2451.52,1.19124
162.611,9.75187
3572.9,14.7559
2697.84,3.9781
3788.5,1.58443
2227.55,6.36518
181.194,6.72083
854.322,9.26761
816.748,5.54568
3986.74,5.20127
296.857,0.956512
3685.41,7.19082
3269.14,13.1369
1697.85,4.39465
4080.68,6.76832
3066.92,12.1834
2878.95,3.41858
3073.11,9.81328
3727.15,9.84805
2273.69,10.2752
976.282,7.28699
1569.96,11.1881
1871.98,3.67588
2558.29,9.32407
4131.34,14.5342
2285.87,3.36895
3742.81,0.908435
1938.55,15.0158
3572.75,5.75839
1282.65,9.16766
3065.55,15.2666
520.156,1.96134
952.583,11.3253
1885.76,9.295
3481.1,6.98967
554.345,1.92284
1336.6,5.00593
1043.92,3.26601
3769.85,8.05552
492.555,7.73622
2413.17,3.83537
1482.75,5.78542
699.65,8.88403
3907.13,10.1204
1285.32,7.29339
3854.09,3.61765
169.517,9.86397
738.137,4.48194
141.5,3.65334
1082.1,14.3292
3537.93,1.92764
3042.43,10.7112
1260.45,5.93171
3905.03,0.176587
1300.56,14.5129
3804.87,4.86292
4140.36,10.2214
2833.99,6.95531
1808.27,7.44199
374.286,9.96317
732.475,6.52232
223.666,1.14111
3594.47,1.45211
680.958,5.67443
1907.42,5.20197
3627.72,13.6075
3116.59,7.08046
510.567,8.37243
640.473,9.20533
730.797,3.65977
981.474,14.0732
2857.36,12.4917
2143.13,9.57719
2990.39,13.1472
2313.93,1.23527
381.775,10.7102
2909.49,7.8049
3644.44,14.6081
979.763,2.09796
255.239,7.08262
3916.75,4.41789
1319.26,5.63203
825.964,15.9466
1700.47,15.239
2441.61,11.2749
3886.5,9.35004
1857.53,7.64844
496.416,12.9699
1912.68,13.6873
651.11,8.35269
3996.44,1.44672
2469.41,10.2255
3559.78,9.33994
3223.11,2.48626
876.618,15.1549
2169.44,10.3065
3131.55,6.24441
2694.82,2.47405
1250.15,1.72064
3740.65,5.69683
217.928,1.13909
1395.85,4.13387
1563.71,4.40732
3657.52,13.75
2048.34,9.79232
1185.54,5.47896
2593.29,4.2349
2773.48,5.06689
784.695,7.97112
350.992,0.416648
851.06,9.12578
91.4003,6.9981
677.435,5.96306
66.3865,9.57082
455.035,0.0464657
207.134,9.51241
4035.25,11.2456
4010.25,8.53574
1722.63,15.9186
1951.71,0.123879
951.927,8.72175
1681.97,1.55145
4188.22,15.4892
663.759,1.68088
3453.26,5.66294
1371.61,4.89658
3834.03,1.25826
1759.95,10.844
742.164,8.37473
814.16,0.869088
2143.18,1.90596
2831.44,14.4313
200.997,14.2396
1312.2,3.78607
635.042,8.58989
2245.95,13.4916
1361.9,3.87118
2117.8,1.73283
2259.5,11.5139
4142.33,8.87411
872.421,5.25402
3877.45,2.57934
2919.7,0.842042
696.154,7.2756
3918.81,3.91287
3070.2,0.0951858
609.701,9.21779
302.629,7.41547
2162.96,6.74612
1388.52,3.61762
2122.63,0.389183
3982.64,15.5349
796.471,11.3525
14.2254,7.37552
220.713,5.97979
2420.99,11.6758
870.508,8.59915
2317.75,0.63765
1314.81,9.80881
3937.83,6.46001
2501.9,3.19548
1986.63,8.12959
934.903,15.3939
2789.21,14.3034
1447.74,11.9818
2893.58,4.02495
3624.17,5.42958
2351.58,11.2097
2547.85,4.36094
241.939,7.48718
3580.88,2.4309
3882.72,3.33974
2681.46,2.07678
2350.23,7.83108
10.4144,9.72271
1223.05,5.41833
292.578,5.35849
414.268,7.61818
1750.06,13.4812
2166.05,2.69454
2699.32,1.70637
3457.22,4.25633
2398.09,15.9512
1987.04,0.755287
2456.46,1.78998
175.15,11.745
2994.61,15.2521
2479.49,2.7911
123.47,3.73047
2689.84,12.6236
3189.7,3.83561
103.959,13.5071
3458.43,1.36572
1949.66,6.02743
3847.93,8.41807
2843.71,7.3637
4029.92,9.20761
3425.81,6.82124
709.479,0.916202
1179.35,2.35637
1478.37,13.5346
2322.87,9.27049
1444.62,4.36395
2383.22,5.37817
3315.72,11.1771
268.074,4.03238
70.7366,5.75446
3881.64,6.95677
1966.58,13.3786
2596.5,9.5344
1520.92,7.75954
2687.75,2.49616
4128.89,10.0426
3664.38,5.92178
3408.74,5.22424
2665.36,10.8938
1905.05,2.93093
3708.55,5.3939
1282.6,7.96616
4120.74,5.94751
2099.54,6.41175
1916.46,5.24502
2192.17,8.14583
250.652,7.18316
2821.13,2.07211
4119.27,0.0774433
1855.82,1.44213
3113.5,1.5618
3078.81,7.34255
1246.64,2.56521
1798.01,5.5827
2992.49,1.88624
1592.71,8.20879
679.155,1.55304
1625.76,0.794574
2579.09,10.6301
2849.01,3.91132
1412.11,7.27759
1953.51,9.87968
396.366,11.9053
913.724,1.15622
1922.07,1.59557
3024.55,3.98835
1583.05,0.58584
1160.69,15.0822
1760.15,15.6745
3830.69,13.596
4026.16,1.42305
2607.89,2.88006
2207.68,11.4646
1859.83,0.0513604
3432.4,3.36175
2357.38,15.1
2070.69,15.2228
1989.63,11.952
288.036,13.451
2000.78,12.7388
2173.35,3.39637
3976.31,2.76162
2485.08,14.2678
2246.42,12.582
1695.56,11.8215
1884.48,10.6114
915.228,0.464669
2316.61,1.37738
3145.08,13.2294
1293.82,0.414798
2858.35,2.48248
1939.2,9.51834
3625.56,0.812288
3137.62,4.34348
479.95,15.2903
1340.14,15.4271
546.959,4.00294
226.726,7.09143
434.654,3.99122
4129.18,13.1231
858.618,9.54161
2437.76,10.8128
1194.31,7.87024
3840.15,9.57828
2651.4,12.797
327.884,7.02345
3960.33,3.37744
278.423,6.0259
2265.08,4.99507
1655.79,15.4323
3930.88,15.2825
156.258,10.9655
2983.17,9.07817
3176.43,11.7457
27.4771,12.1067
2297.48,12.6742
1979.95,4.76704
1215.76,6.91375
3697.91,12.0109
3372.46,15.6477
1151.14,12.993
645.745,0.226721
2511.86,12.036
2066.95,15.5651
3888.91,12.1937
1579.68,4.88365
708.552,7.42452
3490.26,1.59191
1874.4,0.763403
644.149,13.2484
841.493,4.98038
2499.43,4.878
1727.4,15.9769
3215.36,5.85993
4160.13,10.111
1864.43,2.64473
675.289,14.997
1092.17,0.212266
3655.46,9.61071
583.079,1.31977
1274.27,15.2562
2978.45,0.951194
683.66,15.3081
567.865,10.965
2448.42,13.7325
1291.48,2.14503
1330.8,13.3967
700.733,9.62883
606.551,1.73732
53.1593,15.3755
1270.61,2.98715
522.008,8.76439
333.763,10.1586
3059.48,9.85721
2334.04,14.9724
672.699,1.38309
2716.58,6.18079
1110.56,4.88179
2873.65,1.68938
382.663,8.88131
2749.7,9.12033
685.217,14.1457
4089.88,0.747098
3971.22,10.621
938.136,12.1201
1978.26,14.8017
2691.66,11.7038
1389.12,11.2575
2197.1,8.66806
1059.03,14.1634
1689.7,5.37116
3380.25,4.48728
2024.31,1.86288
845.568,8.06478
30.8165,13.541
3761.62,5.4118
2920.11,9.49319
1829.67,0.191017
2447.68,5.81188
365.392,2.31997
2587.48,6.34428
2055.3,6.22001
2215,10.6313
2020.09,4.18577
3031.45,12.4324
2969.96,5.42467
176.907,11.7146
184.806,13.6686
2691,1.25906
3637.35,2.39027
1203.04,0.328642
3329.27,6.47189
543.09,8.36608
3826.52,12.9002
2582.25,11.1019
905.139,8.00186
2771.91,11.3391
3954.87,9.45394
3865.24,6.17343
3828.54,13.1495
3783.87,5.62646
2734.72,5.93489
869.615,7.35402
1329.85,6.01376
292.123,2.27063
3576.23,6.05594
3291.97,9.49055
368.949,11.2528
1058.64,7.37295
2775.24,14.3668
4060.74,8.46781
2278.75,1.54
860.92,5.29469
3691.43,14.6479
3368.93,8.0553
2983.1,15.2
3050.25,4.84788
472.327,5.53705
2854.01,4.19775
676.882,4.92716
3309.07,8.50511
381.925,2.87518
1249.86,12.4613
39.1943,3.88881
3526.84,8.42475
1800.92,1.78154
3736.23,1.88252
3700.57,9.05429
643.984,10.7589
2208.8,10.6981
3037.09,7.78325
747.698,3.51363
3430.54,8.45911
3243.49,2.0812
2337.28,1.66005
2346.9,14.8361
2018.19,0.320192
257.72,2.6911
725.94,13.5915
3907,3.28173
3249.78,14.0343
854.201,12.2419
725.686,15.5182
1190.2,7.5744
275.125,15.5225
773.593,9.66835
3151.72,10.4443
3235.32,6.32162
3780.88,14.004
1214.24,3.7163
3160.92,6.60187
3974.52,0.137403
3087.7,4.22942
814.693,12.5931
187.186,3.0238
359.855,8.56457
1507.49,4.10694
3903.79,3.79186
3772.02,2.59553
2641.09,8.12734
798.976,0.221891
4085.66,8.46681
2874.16,5.81563
2734.62,3.69655
812.42,14.1927
3246.4,7.44887
1461.43,6.46929
323.077,4.56956
991.088,13.3393
2020.39,10.762
2319.73,14.6059
1889.61,2.94282
2502.42,11.6278
152.232,3.37756
1366.25,12.4143
4090.86,0.275653
2567.7,14.7149
1259.84,7.58945
1207.6,8.03749
348.879,6.7777
611.171,14.9763
3920.55,15.6226
191.813,4.88319
1375.24,11.5156
419.676,4.69419
876.634,11.7572
499.276,3.97776
29.1839,1.71614
885.369,12.6517
516.019,9.07189
3677.77,7.65841
3879.96,1.76076
3778.99,9.63702
2609.37,10.7626
2308.25,0.800767
2623.28,14.9699
496.64,8.07953
3917.16,14.7388
991.937,8.70492
3445.83,7.25226
2643.09,14.1129
4095.61,1.04055
441.633,4.49447
3793.72,7.53888
3435.1,3.84097
3419.24,3.29133
3141.74,7.10402
3001.61,11.718
1403.6,11.679
3174.3,8.20602
1339.12,12.8861
2063.9,2.41421
2122.72,4.10449
35.0391,0.489515
256.662,7.76318
789.39,10.1104
1567.06,3.66894
3860.92,2.3354
3094.29,6.17991
1385.16,4.30597
3033.01,4.23316
2882.09,3.91505
3475.2,1.50222
55.4288,8.28492
2983.22,5.44167
3014.69,1.50386
2733.3,1.69713
1189.59,14.1966
1890.74,11.5688
2561.82,1.28511
3937.43,11.2443
252.458,14.6961
2331.93,5.18222
2176.33,2.20508
270.891,1.33264
3092.98,13.5546
2642.63,10.8645
671.417,0.698339
1269.93,7.46123
1846.8,15.6373
986.841,6.28653
2681.33,4.20214
1366.61,7.13579
1696.2,5.06979
2051.04,3.74966
3732.92,11.5741
4047.74,0.539027
1301.97,13.844
388.938,11.1181
3992.14,11.8108
447.015,4.23426
2354.58,15.0578
3779.12,5.88594
2684.96,1.60781
3770.72,13.8279
4090.21,4.1585
1677.1,14.0533
2683.5,1.6913
2382.39,12.7246
1740.81,15.5687
2177.52,4.65025
197.251,0.769874
4062.28,5.4996
1620.71,11.7828
3010.79,4.638
1580.47,5.99846
1826.4,2.73885
2993.67,12.841
2598.6,2.80545
2677.06,4.14845
3265.12,0.646139
1034.42,6.61553
480.877,14.728
2055.01,8.40498
3564.03,1.27772
1841.28,12.3795
1030.5,5.6899
1571.38,11.6614
3745.6,12.6257
2959.63,6.62388
3549.42,14.7416
1280.47,5.29014
3195.99,15.928
529.791,10.585
1993.41,7.60912
4058.93,9.20134
1809.94,5.74792
2420.44,14.4342
1453.41,3.64409
4094.6,6.18654
1271.89,4.77779
1914.31,2.05115
2379.8,6.76913
3126.71,15.8141
3987.9,1.79729
1171.91,5.83874
428.665,0.0922316
386.36,3.96999
3156.82,0.262371
3742.97,10.209
2026.08,15.0859
1332.59,14.5707
59.1971,11.2548
1057.51,4.1751
3106.91,15.0358
2482.7,13.5972
3723.67,4.95516
3918.39,0.498281
968.801,14.6478
3181.19,5.87864
2643.26,0.699019
714.344,2.0123
2298.78,12.6103
2030.8,0.426766
2131.86,6.70701
2015.69,5.44087
1674.86,9.24372
1514.86,12.248
56.503,4.68748
3136.97,5.32093
1429.81,11.901
1645.13,14.5202
2309.74,13.9108
1061.95,7.52751
3924.61,15.5625
294.414,4.31875
1813.34,4.33219
1594.95,12.7791
3899.65,1.68559
3811.78,0.450602
2561.99,2.72976
2116.03,8.73359
345.804,14.0996
1035.15,3.08632
1807.98,11.4012
1506.18,7.89626
1786.97,1.86486
3393.86,8.32344
2458.7,6.36085
1252.21,1.45382
15.3053,6.01903
2408.79,2.56748
2787.67,13.8603
2961.61,6.74716
441.213,12.3135
1443.32,15.3528
159.215,9.45539
1140.74,4.39558
2809,1.24674
3473.71,8.37625
2734.03,15.9409
3608.28,9.17978
3182.31,10.4198
3017.48,15.9828
3273.58,6.17093
1383.73,11.1197
938.415,6.79104
2934.1,14.3973
3451.53,7.68848
2891.46,3.30401
4076.59,14.4662
3227.95,11.7318
1015.12,14.3259
1754.5,7.67026
1275.11,5.55925
1529.39,15.5163
2214.67,5.97632
3331.5,13.4845
3010.29,1.75344
4110.99,9.09499
119.791,10.7407
2211.76,4.44314
1423.95,10.8326
2206.33,14.5347
1642.97,14.4609
1950.11,13.7796
1076.14,12.5947
1038.82,10.696
1277.78,9.08207
471.883,1.74634
207.378,8.37398
1879.13,13.2888
1871.92,15.3037
877.37,5.57822
986.112,5.13613
171.993,1.77297
1034.36,11.9394
712.819,15.8672
2905.24,14.4717
4159.66,13.2585
3630.71,5.13382
1437.65,2.75024
3351.17,2.83969
236.671,9.89058
4151.35,0.269749
3222.27,3.29923
2286.67,1.35107
3303.14,15.9389
362.34,3.98471
3621.13,7.87967
2967.69,6.09846
1690.26,12.5618
728.363,1.14698
2270.29,2.72844
2323.74,14.7319
1492.19,0.312329
1315.64,2.6914
1128.6,3.05509
1968.02,0.480357
2468.34,3.20963
3148.37,14.2869
1891.39,15.4655
894.405,14.5581
3128.07,15.8251
1472.55,12.5792
2461.19,12.553
185.232,2.80373
200.595,2.97989
2115.96,5.65841
3466.8,6.27527
890.582,8.68384
4002.72,15.2887
3372.16,13.9506
3824.19,10.6134
2766.66,5.303
351.379,5.31903
942.197,14.9442
3718.01,6.07441
3738.96,12.2601
4167.58,0.118431
2497.41,3.5534
3497.76,12.3947
1132.85,12.6247
1414.38,11.2433
805.363,3.44929
96.2081,12.7048
2917.02,3.10847
2272.07,13.524
2605,2.21935
1210.55,4.32342
1979.49,15.6546
2736.33,4.48435
33.4305,3.56112
1942.67,11.1206
3159.78,12.9117
2592.59,8.10773
3347.72,6.21634
2202.95,10.8357
2963.92,5.23926
3721.71,6.62397
2309.37,13.3919
955.842,6.23609
799.042,8.35728
2924.75,3.74471
2229.97,13.3086
782.279,8.56865
223.494,11.7298
1981.95,14.489
3697.9,13.5136
3788.32,2.92848
3424.59,7.17508
3649.92,13.6143
215.222,1.84415
1417.73,14.6873
499.723,6.02343
1725.42,12.6236
2157.08,1.38972
460.325,12.7682
3278.2,6.94508
1100.83,6.415
2098.35,15.963
4111.63,3.07803
1447.67,2.1026
4006.59,12.5328
2887.2,10.4437
1640.72,3.43414
3289.43,14.1886
3150.42,7.21902
3728,14.7186
2082.89,11.726
1982.92,7.77985
1204.15,7.79118
1306.96,14.1547
3829.29,2.23858
3857.04,11.5185
217.18,2.97944
3453.21,10.3029
1861.51,11.7226
916.817,13.5841
3892.66,7.90843
1696.38,12.9302
2804.18,13.7005
3519.83,3.52047
3363.3,0.287837
731.82,8.76312
2725.33,3.08661
2432.74,11.8244
3329.38,1.25624
672.357,10.8476
4161.01,1.12222
3133.7,0.892005
3572.61,13.2409
595.448,5.54579
1678.89,14.5182
1845.48,8.82543
3480.55,10.4
1076.75,15.6084
4105.19,15.8839
3393,3.76743
1634.96,2.08499
2183.27,13.717
493.068,12.577
286.099,7.90411
2046.96,11.1109
3936.26,10.8206
2302.32,7.01054
2684.37,4.58544
1012.23,0.208457
3246.6,5.5663
1916.45,2.32986
3970.98,4.77448
2276.51,0.465826
1337.94,13.2004
3978.22,10.6485
980.013,3.97282
3669.89,7.10631
2246.98,7.55367
336.327,7.99011
2808.03,12.2708
3000.54,7.34172
1027.4,2.8874
3317.77,13.2339
2923.52,1.78623
1641.27,4.36368
135.505,1.15111
2499.06,7.61347
690.092,10.114
3162.05,1.7177
2620.08,13.4995
1751.28,4.674
2.04257,13.2667
2399.11,1.04153
2009.59,1.35727
2300.37,12.7799
829.007,10.2837
427.633,0.0719118
3772.62,12.5956
1350.62,3.41952
2805.58,7.5838
3903.46,3.47838
4181.56,11.8067
1379.29,7.41551
3071.42,13.6535
218.073,5.2021
964.18,10.5859
2434.92,15.8042
440.245,15.9722
2394.12,12.9802
34.0444,5.70808
1117.29,5.14533
1238.28,10.1239
1768.23,12.9447
2594.72,3.64997
3517.05,13.5444
1056.3,5.53681
1369.93,15.6114
3661.69,2.08635
2085.61,15.0095
771.992,13.2914
2768.19,1.26648
3407.49,10.1471
140.432,2.45044
2852.51,13.1841
2765.55,12.0331
3063.51,14.2475
3059.67,5.74543
106.763,8.34879
1712.05,4.57152
770.392,14.6585
1496.46,8.64915
187.421,12.4962
966.049,9.72123
391.681,9.06645
2773.43,11.0096
626.258,7.05256
3610.07,11.5614
3177.65,0.432567
2138.14,11.7165
2787.21,6.24588
469.239,8.38901
1936.27,12.9551
1691.64,13.9695
1431.32,15.5961
3503.72,9.09468
1947.47,11.0342
3427.05,7.11559
721.386,5.96205
4109.1,6.7995
1490.22,7.79955
231.948,12.7274
1932.94,12.9329
3251,1.66965
696.952,1.10448
3947.55,15.5087
2773.88,6.87955
2688.92,15.6849
2981.21,3.55247
2816.96,3.66589
1831.78,7.10273
2807.32,1.27416
3260.59,14.515
147.39,10.5368
685.627,6.19405
1852.17,1.51741
111.88,8.96428
2004.36,2.72377
3994.92,3.71452
182.961,7.79886
2129.18,1.34912
2852.83,9.15775
3350.04,14.3277
2470.47,7.96216
1227.49,10.1013
893.755,15.5577
3429.48,1.43178
488.555,10.7489
612.535,13.973
1797.61,9.75872
262.459,5.0954
2956.54,8.57744
1655.81,12.9634
2961.72,1.57888
615.632,3.0154
782.909,7.37329
1926.76,13.2585
2530,11.9896
3283.22,11.2275
3571.84,13.344
1758.08,14.0726
1197.76,15.2845
3084.27,0.58773
561.982,4.99782
1180.34,5.62083
3294.59,12.3061
1592.71,3.47752
2780.5,7.66495
2701.52,5.63743
2615.64,6.02509
3170.76,10.2363
498.444,9.73015
1199.45,12.0066
408.175,10.2188
3741.66,2.37476
1172.51,10.7343
1261.84,3.94877
3508.68,9.97005
3703.49,15.5895
1616.82,11.1799
3152.7,12.3526
348.037,7.13718
1215.97,1.74557
460.123,5.7394
333.668,11.7292
3453.62,11.4266
3200.25,10.0027
1390.55,14.7734
223.163,2.45116
3980.27,3.25328
1661.92,10.4417
3447.07,15.5431
3193.57,15.4397
1173.08,11.8272
610.34,10.7308
2697.46,2.09536
243.054,10.7361
245.729,14.2819
3425.85,10.5291
3958.35,2.11456
2528.63,2.33087
3941.08,11.6986
3938.81,14.9686
3702.73,1.68395
3464.05,8.3011
3669.08,2.24078
2556.73,1.72907
2505.26,15.7763
3692.05,6.84066
2689.42,8.02102
2290.25,3.03408
272.694,6.26671
2635.79,11.475
1808.12,10.2973
1495.09,12.0729
2809.95,1.05534
3618.2,15.8404
379.609,0.666574
2338.63,9.23487
3546.7,14.3091
2242.48,7.97865
2905.14,4.59249
3563.23,9.79064
2504.5,9.80521
2885.25,2.02158
3127.42,14.7444
1442.75,0.263821
2996.29,10.4288
2076.55,14.6546
2101.88,5.30095
681.678,13.9654
3374.69,15.8672
996.799,6.37678
1438.55,4.53084
3167.51,4.00059
1674.8,3.92985
3898.66,9.57316
555.951,3.06871
1496.57,8.06596
1248.53,6.29522
3464.68,6.90787
3293.77,13.3528
2161.84,10.2029
1514,8.10323
2714.48,14.2348
2633.7,8.8336
3606.15,13.9842
3953.13,15.4722
1529.15,0.983271
3283.43,14.4754
2150.36,9.90507
1329.31,3.89316
2159.27,12.1376
864.963,6.34073
3042.49,1.38457
1229.06,6.7632
568.805,7.97425
3762.02,2.53536
2040.44,5.59546
3096.24,5.33655
4028.81,7.22977
2232.46,6.23202
3584.83,8.97948
449.879,1.73218
38.8149,3.06
1101.38,0.234799
1082.16,0.229541
2365.27,12.8584
2156.65,3.96548
2400.5,11.9898
2220.24,7.01736
9.27594,1.26341
4123.83,11.2866
845.636,15.3971
3715.89,9.93293
3984.79,13.9574
4081.52,0.149521
2035.15,4.73727
2917.35,10.3387
2253.19,14.7543
2245.72,7.3627
2322.04,14.4403
2528.41,4.23142
3554.82,13.8119
2347.52,0.698337
2123.12,6.97122
2632.63,2.09251
3947.1,7.79314
1420.25,13.4605
579.778,7.10777
3111.08,13.0106
2191.92,10.5347
2275.58,2.3008
1830.15,5.38048
1333.31,10.1862
2484.16,1.68423
3372.23,1.26887
4108,8.38854
927.307,8.17605
3082.29,3.96566
3673.51,5.35544
1338.73,12.2962
3198.05,12.4982
2214.03,14.715
1878.98,2.32418
815.735,15.2411
1926.66,6.05972
646.439,9.03345
2582.48,5.44458
2709.84,10.5936
2480.75,5.75208
114.26,9.77791
2418.16,7.14108
831.35,15.4503
3110.22,1.02351
3543.2,1.07116
1673.9,9.18716
2998.64,8.39601
1465.16,8.42747
882.359,3.37323
316.361,2.00644
2299.3,1.76472
1992.28,6.55207
3882.81,0.759421
1852.24,14.1326
820.963,10.0216
671.259,1.4568
2637.02,5.32153
762.328,13.6761
1989.29,3.43114
2393.78,5.8103
3935.9,7.47255
2526.99,8.05912
2174.51,15.8491
1111.83,9.23381
4134.03,6.25299
2953.92,0.659994
2426.5,2.40784
2563.97,12.3818
3517.84,14.4582
1771.5,13.4099
3942.26,4.38349
778.253,5.54177
1105.04,10.2026
1910.27,4.6258
1755.01,4.82131
1727.6,4.18852
1836.94,2.43022
2924.7,10.6335
1830.42,3.46034
2757.26,0.584737
3608.59,10.8004
1186.91,14.118
1044.8,14.7683
90.5238,7.57438
2614,2.03168
2006.83,2.34358
2446.28,7.40006
1502.15,1.10267
2872.87,3.46548
3165.65,1.54765
3100.99,5.73903
984.185,12.7244
3503.16,14.0428
1994.57,9.30778
3794.55,7.27934
2837.86,3.33921
1710.55,5.40007
306.986,8.35192
3490.54,1.93028
342.617,10.2266
3645.16,2.44355
669.07,15.2412
2466.04,13.6755
2692.71,2.48921
2888.51,8.81279
1783.53,13.6239
596.23,6.29397
3447.84,11.9641
3095.79,1.56635
624.395,1.32541
2304.49,7.46774
2910.24,10.9332
2853.2,12.8548
2544.03,5.67317
65.181,11.3929
1408.45,7.07772
3795.52,15.0101
1586.68,0.405583
2769.85,13.702
2716.54,1.62317
2644.25,1.27019
3335.89,9.43457
2379.59,10.1303
361.465,3.87681
2130.78,2.43724
3487.82,3.70522
3174.04,3.92092
1458.86,12.0086
1316.07,8.37284
3797.73,11.1291
2774.75,4.63948
379.292,12.6394
3230.89,15.0635
115.655,7.45218
4033.93,9.5149
4121.81,13.1504
685.845,10.7233
1178.53,5.87119
3210.42,8.46675
2396.85,2.2992
3690.98,9.44028
739.369,2.73202
483.511,12.5602
1.04171,7.51315
235.075,7.61729
3061.11,14.9632
3858.05,9.51346
478.996,13.2447
2063.07,11.2997
172.222,5.74198
1795.58,5.25774
4150.96,2.03505
19.4409,3.52135
1274.82,0.0896824
2555.7,1.62642
3150.81,15.0376
2381.35,10.1562
1950.82,9.00805
358.468,7.12756
196.99,4.1347
1153.41,12.7672
140.444,4.12616
698.942,4.50466
3709.08,14.2564
1431.73,7.40934
2660.78,1.78887
3050.26,9.90796
3638.83,4.13268
345.974,5.70727
1765.17,12.1388
961.439,11.5253
457.579,7.45935
3912.22,2.31349
3909.65,12.6625
3684.85,8.34694
2137.89,2.23627
297.056,13.8955
612.445,1.62952
2056.25,13.1871
3665.38,8.41968
3593.3,9.47343
1895.51,5.52108
2622.12,7.89758
3827.97,11.0592
1342.63,12.7945
349.327,1.15413
741.594,10.9516
3790.05,15.0937
891.103,13.2279
2711.36,6.30793
3313.79,10.7422
4041.26,9.32908
3678.56,9.91035
3382.38,9.39719
924.597,10.5668
557.548,4.71782
1497.16,8.10185
1802.05,4.44884
2856.45,0.780282
4038.74,7.02806
1190.77,12.4853
4187.18,13.9774
246.006,8.59215
2051.7,7.07842
3252.16,5.98213
441.088,3.56709
4135.05,10.3679
35.9102,0.367604
767.577,0.649539
1538.04,13.4954
2204.17,13.0721
3345.47,10.5822
3384.71,14.9862
1058.03,15.6902
3022.6,8.04568
1554.14,14.4651
2761.98,12.604
178.963,3.50485
3401.75,5.24815
936.963,10.113
3669.59,14.3397
526.7,1.54167
3459.38,9.79867
1909.21,0.16931
3489.25,14.8735
1284.12,15.9784
841.825,11.035
923.9,4.5345
1404.55,11.2232
3621.01,1.56797
854.523,7.4589
2754.03,9.85082
2975.06,12.3371
1467.47,13.9086
2666.82,3.63763
2174.27,8.27985
487.989,5.19586
1677.35,0.260456
2811.48,5.91245
4074.28,11.0399
706.095,7.35141
552.612,8.50543
1294.66,1.4932
2015.08,5.54443
272.172,13.397
3228.08,1.71635
203.262,8.61937
559.939,9.06917
91.3017,12.724
2294.7,11.1987
3227.53,8.06192
2328.48,13.3249
634.861,10.0798
1743.57,14.4255
2886.57,2.53907
2359.76,12.7721
1348.27,11.183
2938.74,3.69203
4050.6,3.67916
497.19,4.40537
577.128,12.8958
976.841,3.13671
3156.49,2.13861
2259.91,6.86849
2323.31,11.117
408.971,11.1657
1742.4,9.67382
2179.31,6.12196
2856.05,12.2343
1888.53,4.5982
3350.45,13.8317
1438.97,14.7776
175.943,6.96776
2945.28,15.4744
1733.89,8.01004
3217.63,15.2771
3350.98,15.3489
3633.63,11.1673
1833.05,10.5716
309.373,9.26004
3569.99,11.4701
2996.78,9.76913
2616.52,0.965785
4183.95,11.9167
145.827,14.0973
2897.51,5.12694
655.155,2.21824
2269.57,7.36363
3186.65,1.47161
2772.65,11.3986
3026.61,8.95207
1541.62,10.3461
3871.19,0.593848
3562.14,10.7206
1571.17,0.242933
1118.37,11.857
1968.87,9.53382
1992.47,7.54002
1182.45,12.0199
2865.94,3.64513
3212.29,4.84669
3927.01,14.3069
3548.02,3.76081
4043.48,14.2697
1875.21,8.84142
699.798,12.5956
1821.23,13.0292
360.163,12.5302
1876.36,15.9502
3285.09,9.11639
1736.24,6.83394
2814.62,8.47059
2380.43,11.3299
1900.77,11.1015
1738.48,7.79401
1153.03,4.08393
2665.4,14.1233
2736.47,3.12851
445.937,14.7972
2966.46,11.4172
2420.89,6.6532
2183.29,7.5898
2719.96,7.98489
2889.11,13.802
1824.13,11.8216
3736.03,5.46984
637.495,10.3672
4170.58,3.86329
766.064,11.1789
711.904,15.0734
2511.58,13.0972
3712.25,0.336829
1947.51,0.280033
93.4607,15.1595
2738.03,2.73521
2493.92,6.21516
1280.4,15.197
1573.97,2.75528
1441.23,2.58688
2508.99,8.13088
3757.52,11.6309
3272.5,9.39013
1811.77,2.47431
3511.66,12.5622
4139.1,15.9706
1683.54,3.29002
1163.7,0.07524
3818.67,10.4683
2351.6,12.5739
136.18,12.7075
777.124,8.9889
3474.38,15.2314
1008.54,4.40675
3671.48,1.50774
4008.52,3.52828
2984.81,12.8116
3575.47,5.04583
2069.45,2.45476
565.539,4.35723
1230.75,7.78117
522.863,3.27853
2560.91,5.4458
2021.99,11.7495
170.276,7.25795
1154.32,8.36526
2099.23,8.1337
2409.69,6.54473
2286.63,14.7365
3125.15,6.58721
2977.18,0.959206
2717.86,13.6385
363.238,2.81704
3834.52,0.536721
2657.81,10.796
3403.7,0.133126
2761.27,4.16004
3337.57,1.45279
298.005,11.0783
2957.6,13.1776
4032.24,5.39034
3822.14,3.46692
4066.77,2.41702
2582.52,15.3238
951.144,4.48474
2743.48,5.96063
3216.35,10.6397
3820.28,0.263007
3335.68,3.43222
2551.17,6.4917
2619.92,15.8911
208.941,12.2885
1893.07,12.243
3101.6,2.89686
1216.19,3.84767
1371.66,13.464
1629.6,9.91906
1558.04,5.49502
1678.11,14.2208
3808.36,6.98629
1426.57,1.89355
3158.46,6.33348
2502.66,0.922096
3912.26,14.596
690.553,11.8768
2625.34,0.433665
683.249,7.30631
1935.2,4.47603
1264.82,3.11854
1069.82,1.12988
952.875,3.3892
3360.42,0.737572
2862.16,7.81448
807.871,12.7618
2409.02,1.69194
2841.63,13.7166
2024,13.6946
39.321,11.6277
239.409,1.07807
3864.23,2.94481
3883.62,15.9369
2509.57,2.96622
2524.92,14.5523
278.8,12.4021
4012.24,8.47604
1666.86,11.3624
3098.09,3.69672
653.975,7.51082
329.408,4.17065
1415.75,8.12706
2395.75,12.971
2723.76,14.351
3707.39,4.03017
4108.59,14.8891
2001.3,1.76143
3760.67,1.69953
3207.53,4.70953
2677.57,15.9471
1670.55,5.72186
3942.6,8.85853
342.544,2.96511
3236.27,8.13779
1758.49,0.409525
2178.03,13.2033
3665.83,15.5471
1140.83,13.6379
3050.99,13.707
2011.96,4.94867
2371.78,2.91169
3907.55,13.3955
678.342,13.8485
1458.43,2.69917
3130.99,8.25369
3380.73,7.24069
3839.29,4.60751
1058.48,5.50611
830.688,0.145353
1457.67,2.76055
1146.2,3.79407
2373.15,5.1604
476.79,10.6282
527.087,2.71311
3419.84,0.360162
614.306,15.6277
3492.06,6.34906
2849.08,15.7985
2016.89,6.593
1194.35,13.0754
3280.3,13.0111
717.439,2.43806
414.584,14.9814
3426.42,15.7203
562.115,1.71123
3712.55,9.43096
4010.57,4.84296
546.128,0.0717742
3513.55,0.836234
3332.71,8.65967
2272.79,0.277598
3518.23,13.9024
1528.37,1.9105
3568.59,12.6198
3539.19,10.886
1511.59,13.6868
1167.14,3.94391
2031.01,14.99
829.911,14.2833
3720.11,10.6314
905.465,10.2554
2607.06,11.714
2785.99,8.23966
3857.27,15.2653
2394.63,8.42018
1837.13,3.80521
1954.81,13.5166
3919.58,10.4465
2517.54,15.4137
220.733,2.63158
1406.31,9.10258
3603.53,6.32385
4107.24,13.4764
2613.91,7.58673
2917.9,4.31445
762.542,9.81868
943.481,10.3598
1417.27,12.7025
3743.17,15.8058
2821.3,9.22274
3835.52,0.60831
2344.03,12.8867
3039.6,5.85963
97.3543,12.8029
4018.29,14.0229
1644.93,9.68452
3654.49,7.09898
3455.64,14.3098
1596.87,0.204784
2423.18,8.81126
2551,12.1317
3377.45,11.4401
729.137,5.97189
3027.63,1.04835
1845.59,0.977535
2863.98,12.9107
1180.17,10.9958
3010.13,0.14844
3299.16,3.60915
3583.04,0.521999
1704.92,14.8863
1291.83,8.57732
1627.69,4.95464
2663.23,0.0159104
822.367,15.4372
2199.85,15.2112
3586.94,14.8713
3318.88,5.73394
3062.21,5.31879
3351.79,9.04594
4049.8,1.44907
1358.35,7.35744
3258.48,2.50098
2731.14,4.73477
1876.43,12.0921
3226.93,4.00749
2265.81,1.36116
1717.85,1.06389
3310.51,12.4696
2935.13,13.2932
318.232,1.01665
2608.34,2.31413
2649.87,15.2911
2244.99,5.48281
3197.66,14.7739
1269.3,15.9183
869.466,10.5814
221.08,0.15848
2901.32,6.02483
3827.55,7.5901
2206.62,7.77165
1504.15,12.8818
1313.61,12.6644
545.197,9.52449
2263.65,11.134
1466.81,4.22788
563.434,11.8345
3264.7,14.3124
3699.32,0.958477
2498.45,10.4772
2896.41,11.2541
2588.22,7.43487
423.849,13.3154
1326.42,11.1814
2899.08,12.6918
2377.27,10.356
2177.27,1.44264
328.585,14.8316
3558.38,10.8788
2093.36,12.98
1770.81,2.43279
1169.21,1.35639
2473.3,4.31792
1602.64,8.43299
1211.46,9.30522
1090.6,13.4465
1306.19,0.0489535
709.583,5.55685
138.009,1.79132
69.504,15.1823
2044.69,4.99982
3340.78,11.9967
2916.1,6.95993
261.577,5.92251
2743.77,14.8688
1655.35,9.03307
1876.72,11.0672
445.198,10.1211
1143.29,7.41232
2402.89,9.51223
2190.64,8.44833
558.787,9.77628
3578.98,12.3682
314.333,9.80501
1996.92,3.16465
2675.81,8.51411
937.665,10.7135
335.083,15.1323
1354.65,14.3652
2740.4,0.0664833
165.197,8.12357
3483.53,6.73788
3755.11,1.57197
4177.12,2.76536
2991.37,3.70669
271.357,9.61392
2750.01,5.35949
743.659,9.44252
1197.47,12.6229
1494.11,10.1877
3613.26,12.4966
1968.65,14.3439
3346.32,1.42218
1896.35,0.583936
3789.37,15.8943
199.153,14.5864
1766.03,11.0919
2562.94,14.7176
4033.06,5.72791
257.901,6.64362
1954.46,9.69203
1487.72,15.2253
3843.47,11.2191
3087.23,14.7277
2411.02,5.151
2525.67,1.90519
1121.16,12.6154
1348.79,3.35051
1920.24,2.68548
3144.03,14.8237
205.229,3.21551
3730.91,2.09102
3017.81,13.6636
2843.31,11.3164
3194.06,12.2022
1052.73,13.3056
3413.19,15.7917
3279.32,4.18932
3570.14,14.3665
441.325,0.146764
3398.17,8.72225
1030.91,8.36128
612.602,8.54356
1000.45,12.189
2589.74,1.37882
238.846,13.5964
1328.3,2.96555
1811.12,11.4015
1598.62,3.54016
2626.86,9.0967
2392.01,3.3753
2466.75,9.42421
3474.71,9.48275
3518.46,15.0459
1594.28,1.90812
411.402,2.02115
2260.07,5.09512
2931.34,15.9122
3154.59,5.26636
1491.83,3.11835
2141.04,14.7147
3579.82,6.91139
2768.44,0.491713
2958.31,14.295
2508.95,6.26593
2156.27,10.3809
1094.25,7.57015
2193.77,4.42801
692.703,8.21767
795.842,10.1168
225.816,10.6357
630.463,5.78061
2090.76,11.7561
2801.48,1.43735
1615.16,4.72753
4086.13,13.2316
2529.54,10.4778
619.26,6.11435
1335.55,14.7865
1627.05,2.99884
2908.71,14.8239
1128.42,5.88582
1806,7.77784
1931.34,9.66042
651.101,12.2324
1406,12.056
1473.68,0.895991
2559.69,5.40259
3160.01,3.89981
3299.71,11.0921
118.698,4.60374
1418.64,7.34733
873.996,10.3139
4013.55,3.01469
3342.46,11.298
1923.71,0.850922
1403.94,10.5679
1222.16,6.50894
2329.8,4.83316
2839.89,12.5054
3916.16,13.2787
694.308,3.45172
1149.55,3.6335
173.593,9.62076
271.997,7.00474
1812.02,10.8751
3864.79,4.35155
2796.71,15.0337
784.897,4.48404
3291.6,14.1904
3083.32,1.30093
2983.92,11.6461
2130.99,14.1119
2501.39,9.77379
1105.47,2.13765
827.014,2.58484
3251.47,15.4439
4190.14,1.29017
3491.01,9.10675
203.224,12.314
1582.9,7.52563
2413.13,13.8068
3305.04,6.19765
1609.13,4.7396
4035.96,12.3293
3936.7,9.65612
3220.25,8.56504
179.341,14.1219
1400.08,11.0062
2682.28,4.55673
920.299,13.1771
208.306,0.335694
1629.96,10.6086
1016.53,14.7878
1804.32,11.6118
2522.56,9.08032
2421,7.97333
1720.9,13.4862
1529.49,14.8182
3602.13,1.36788
3624.85,15.1133
3786.45,5.48505
3099.54,8.32083
3479.06,7.77666
1160.83,12.1495
953.68,15.4124
1130.89,13.7626
322.713,5.51362
962.762,4.30508
3490.86,10.8439
2273.41,12.454
1313.68,15.7773
3756.76,14.7507
3141.77,3.88158
4101.8,0.629417
2790.48,5.88621
1323.2,5.67422
1569.03,15.4546
2553.84,13.6037
3451.82,2.29108
1401.27,12.5481
1468.05,5.64052
2363.53,9.32974
3019.74,13.7968
817.093,7.40673
807.87,0.761365
3095.29,0.725968
2253.02,10.857
3728.39,6.57287
4188.3,5.53749
220.532,4.82955
2023.15,8.06198
3709.49,12.2723
647.558,13.5281
763.469,1.20791
1076.49,2.22522
3936.71,4.81432
2583.68,1.90555
1317.75,3.99417
3062.62,15.3622
74.7595,15.7006
2931.34,1.87453
1825.57,9.62472
860.297,9.2233
1863.26,7.36452
3270.46,2.45994
3968.11,3.60443
3940.48,8.35737
3471.68,0.491295
2034.61,10.8575
70.3967,11.7357
3559.68,7.33379
3354.33,12.6905
1473.43,2.83376
3671.76,6.03176
347.478,11.1974
12.2664,12.8396
1785.43,1.5811
3388.33,5.44856
2835.5,4.07934
1922.74,4.45963
2782.83,0.278549
560.337,11.1621
3891.07,8.20714
3270.71,15.6427
1495.54,13.8768
438.812,8.91936
3145,0.146247
3878.73,10.5941
841.9,2.95078
159.911,12.4122
881.096,4.66294
2403.85,15.69
1416.63,9.48301
2781.85,12.4335
53.414,6.35707
1531.26,1.92948
3589.34,6.75466
3777.7,9.82926
3692.27,7.66855
513.143,12.9867
3311.38,3.8067
881.348,6.78533
3871.59,8.04287
2738.18,0.585589
3051.37,7.41028
957.439,7.6685
1372.08,15.3989
1637.99,2.44699
1828.64,10.1293
2198.64,13.5261
2848.03,3.7349
3313.06,14.0519
2947.92,15.5065
316.139,6.53124
16.374,7.8321
274.466,10.3298
1392.81,10.4497
1108.89,9.21273
1350.98,11.662
2075.35,4.16965
441.571,10.0979
1551.58,5.71005
2281.09,4.62201
274.804,4.16761
2290.12,7.49416
1359.48,12.5861
2261.56,2.55722
4099.8,3.41723
1559.23,0.9517
3105.72,15.9785
3877.36,4.26873
3534.21,15.5475
2792.4,2.88797
2079.94,2.08376
1667.01,4.73459
2026.12,6.81774
695.277,15.7727
3174.6,13.5932
1462.88,15.6579
1917.57,9.99282
1668.59,1.52823
4190.45,5.74271
2487.27,13.0525
1322.15,3.1156
1052.65,8.08957
3704.31,14.9538
1414.39,1.23464
1437.02,14.4934
290.37,13.2784
1051.43,7.75695
2658.9,4.23365
2147.68,13.6108
1742.22,11.0144
1216.9,2.55764
2455.99,1.05392
1882.63,9.13007
2488.38,10.047
1289.1,4.36216
2736.39,11.4081
3320.67,0.797306
3124.92,10.7006
755.281,6.53775
3762.5,11.6855
1778.3,8.50922
661.294,9.5598
219.641,9.4001
1584.53,1.03176
2817.98,3.64324
1402.4,9.25903
1910.33,9.71051
3735.05,5.13458
1399.69,0.10557
1253.22,6.88073
381.274,14.367
2948.92,13.8189
3556.51,13.2732
3459.04,15.5393
2360.81,11.9716
3919.59,11.4154
1774.61,11.5325
2270.39,4.66054
2620.03,8.97548
575.657,9.30671
3605.9,1.71942
1676.22,12.2385
3531.31,13.6456
2840.88,5.8395
3549.73,9.91317
1148.99,11.3792
1708.24,9.01378
2733.66,4.33951
2355.33,13.6757
4145,13.0333
1945.49,10.8694
1366.38,6.2151
4059.97,10.7719
3003.68,8.05831
2005.4,14.0013
392.303,9.65466
2328.74,6.09654
3576.17,11.2225
2603.81,0.274705
4001.2,9.90463
1803.59,5.50939
3880.82,3.57425
26.0374,3.29137
940.27,15.3017
3562.31,3.82835
300.342,7.45489
1483.44,15.0944
2553.23,0.648238
2092.14,3.27158
1496.97,14.8879
2427.6,13.4481
354.021,6.5778
244.648,10.3674
2583.12,15.634
3594.32,10.1194
2427.43,11.8125
2447.64,8.38651
877.675,3.12532
705.09,12.1026
2075.84,12.6728
3185.03,0.811937
3500.78,3.16648
1155.47,4.23297
4169.12,1.43286
3700.63,10.4714
1115.63,8.50075
732.736,0.580382
1728.99,15.9286
4172.78,10.5682
2940.65,9.57253
520.845,15.634
3050.59,14.4431
3183.51,6.36451
3766.37,3.06707
1294.42,4.23555
1276.9,5.2184
974.153,7.34204
1632.12,7.57012
687.756,4.68966
407.879,0.0575679
3886.02,1.29556
1005.57,4.06033
1536.1,13.9687
2899.67,0.0894209
432.394,6.81296
997.242,9.00705
3297.58,4.11892
3213.19,3.55407
1042.23,3.80445
170.148,3.14421
705.294,9.74607
3705.12,14.8272
2776.88,10.3315
1088.3,13.587
466.508,6.1519
2255.29,7.5051
3486.5,7.5269
655.45,13.0639
2428.08,8.16134
1359.01,14.9172
2991.57,12.184
3759.42,11.2565
1071.62,10.4312
2081.13,11.4042
1020.28,9.92767
1861.15,4.5302
4172.29,13.5115
1761.26,6.82534
306.94,2.35601
3012.17,8.70702
3791.65,5.77696
3207.46,14.3503
3050.79,0.288923
3821.42,7.45054
2830.42,14.1993
2539.71,5.19028
586.494,7.18735
1580.86,8.36002
3864.06,10.6929
2160.32,5.87745
3820.86,15.454
2598.69,1.80983
2547.38,11.131
1143.8,13.5836
2000.25,10.6114
2059.68,1.7881
1467.74,1.50765
859.1,3.31528
1138.96,13.2495
3049.94,15.8016
2002.36,14.5913
3172.95,15.3768
454.519,11.5453
1271.45,3.04361
4020.87,8.72825
159.471,14.1949
81.8203,14.4288
3303.4,7.51637
1813.99,10.6218
3329.14,8.97052
142.712,1.73149
657.152,5.29221
2607.73,11.0049
924.002,1.53556
2622.89,1.63636
2362.82,2.75115
32.8915,9.10618
1694.85,3.2209
3183.7,0.0149747
3328.85,3.05358
2797.71,1.90743
2203.52,15.9602
3956.54,5.22433
3477.88,14.7517
1669.51,8.68105
1343.04,5.17764
492.501,13.8948
2545.65,10.7501
275.833,0.58814
666.715,12.9874
3527.12,7.27654
3872.7,9.03555
1787.45,6.26832
3609.6,1.24979
1583.53,15.2841
3373.56,7.62028
2057.55,8.79464
3252.6,5.09445
3940.22,5.44013
3841.58,0.736686
222.852,11.2896
3328.56,14.5053
1927.72,2.07622
2087.8,7.14737
3988.19,4.54178
2335.26,1.59989
3657.04,11.9739
431.795,13.1908
790.728,4.558
4183.48,8.23808
1074.83,7.94858
1733.86,9.97276
4006.2,12.3354
849.839,15.9726
799.039,13.4941
588.409,3.82584
1139.12,15.0275
3489.17,9.64617
290.826,10.6658
837.228,15.0647
2828.01,9.74234
2088.44,5.14917
1630.54,6.55917
1137.83,14.6538
1886.84,5.01003
2440.63,9.7704
3222.22,8.02752
351.015,10.0742
2763.71,0.69164
4024.11,8.56252
3646.96,2.93973
2729.59,7.12411
2973.22,14.2769
3792.04,2.7746
2765.3,0.369041
2578.69,0.0992269
555.136,6.62613
269.827,1.63238
190.225,0.329882
292.974,12.6245
1765.35,1.00492
2173.17,10.471
3354.19,3.62972
1077.96,6.77115
674.443,13.0666
2495.78,14.9108
3446.04,0.40057
1663.78,12.614
3243.79,0.0808539
2594.58,9.14279
2163.36,8.03996
3792.36,10.7545
4174.59,5.21323
1998.97,13.881
1092.7,9.53832
3203.2,14.3834
4035.23,12.5875
1418.48,15.3896
4191.01,9.96909
1061.98,12.3019
1473.78,5.3754
2922.6,13.6172
4018.13,8.20255
3883.63,14.436
1113.56,11.5157
3592.86,12.0726
476.45,3.13078
692.281,7.83281
4162.73,8.6413
1835,9.83585
486.206,8.00166
2365.19,3.04287
1595.89,10.8363
3164.78,9.26136
319.075,2.64063
3933.41,4.41927
3892.64,6.57932
971.957,15.2729
341.745,15.5322
2862.95,0.832576
1548.29,12.2331
935.658,3.04137
4142.28,7.10727
1625.8,13.682
3107.67,0.0450575
3456.49,15.6511
1526.49,8.04132
680.561,0.995907
2165.34,0.245536
2882.4,8.23808
1653.25,4.41113
1754.43,14.9658
425.512,11.1441
635.872,3.60999
2044.9,13.4497
847.935,13.3412
3941.13,5.36417
2004.66,9.70138
1923.47,10.5441
1374.31,11.1163
1636.78,12.3015
2794.58,13.6308
3719.51,4.28721
4061.7,13.958
3972.08,9.88432
3119.85,5.89279
3799.81,10.2798
3106.64,1.12229
818.331,13.715
2289.7,6.40714
3270.62,12.5322
2236.71,12.7116
4117.74,13.4382
694.142,13.852
3870.95,14.8798
388.01,6.72589
1899.7,15.7803
532.088,2.53567
3900.49,5.62382
799.473,10.1227
3442.34,15.5151
234.122,11.1167
192.469,13.9775
3674.5,15.9184
885.559,6.23387
2481.64,4.01537
892.419,12.9185
3950.52,2.018
3507.33,14.7984
1381.23,10.4092
2921.7,9.91427
2799.82,2.55961
289.359,4.0958
440.357,4.67249
2110.93,5.30238
1581.89,9.66466
728.365,6.24089
3322.33,11.715
1810.64,12.5851
2753.99,4.28317
1083.29,12.2908
3316.4,10.6958
957.145,4.13011
3985.96,13.6864
1220.52,2.89623
2771.11,0.125351
2855.05,13.4717
3268.26,8.84404
3737.7,1.15021
1331.75,8.12133
777.209,2.73203
766.002,9.58149
338.806,10.1527
2990.87,1.38582
4054.41,13.7114
329.749,7.81994
3040.35,14.5402
3144.51,10.4407
380.979,9.2689
3084.5,6.87443
889.07,4.5051
8.40789,1.83225
2614.9,5.5586
1395.32,3.24242
3996.72,12.7068
914.225,11.2521
1102.85,12.086
106.993,4.8435
2073.48,5.15203
4100.69,0.991571
582.659,14.2844
541.56,7.11576
2422.82,3.36349
2270.64,8.03222
3591.04,0.280899
3460.43,0.853636
576.158,7.20872
1966.05,11.9006
2601.82,6.09743
2378.48,4.21189
2562.36,13.3063
509.281,0.514988
1107.42,1.26666
251.587,12.4725
924.066,14.4711
3028.87,8.53655
1089.86,13.4901
1482.54,13.4687
1248.15,11.5766
1763.44,15.4527
4006.05,14.5262
2050.58,5.74828
1490.63,15.3866
253.084,12.1152
314.501,7.01909
3152.48,4.6729
1815.18,6.27607
2187.48,0.0538112
3612.06,10.4203
1955.89,0.637793
945.55,7.06532
2118.31,8.90533
167.21,1.54651
1361.41,10.9646
1811.89,8.10556
4023.64,7.29427
3695.57,10.102
1986.15,0.245529
3832.02,13.3923
4105.5,11.4377
1237.89,2.78622
515.342,11.6169
1299.99,4.60576
2963.27,3.02602
3468.21,12.4422
4066.78,7.12251
702.057,12.1265
911.749,9.71889
605.857,6.73136
3295.31,3.37712
2641.47,7.15527
1444.72,8.7989
2041.7,15.2284
2445.74,12.7633
1023.1,5.9729
2840.13,7.13842
3436.05,13.312
11.9965,2.59525
3590.79,5.95091
2926.07,2.59056
3748.41,5.64207
2913.84,4.87124
3014.94,10.7715
2235.77,8.85041
1612.39,0.63807
986.011,15.5116
2311.62,4.56748
2216.77,14.4819
1162.34,4.26145
2876.04,9.78569
243.665,6.31412
2752.83,8.7376
2830.33,9.37185
1244.74,11.3529
2139.21,9.79399
2990.29,12.1845
1869.1,8.70363
1826.72,1.88369
2959.17,1.86115
2279.94,3.01552
807.473,5.30809
4007.19,10.0214
1512.62,6.84503
2263.74,8.62784
1750.95,7.07297
1068.27,13.0816
3986.5,8.19641
3730.68,10.8539
83.2869,14.6674
1424.97,14.5882
1564.03,13.2189
2874.54,14.8668
883.254,14.2129
1234.9,2.86091
3354.57,0.513028
3709.38,0.978845
705.421,14.1079
118.246,10.9443
811.58,6.18113
2972.87,1.55146
1505.7,12.7315
1444.77,6.07111
3700.44,12.4757
874.994,14.8151
1365.62,0.936686
3965.81,7.8434
3401.93,12.9407
1373.59,1.3246
2086.57,14.9025
1569.22,5.2962
527.863,8.83119
2293.32,10.8835
954.37,8.68959
3919.57,8.39971
2774.25,5.46378
3340.48,3.04097
1194.94,15.075
2135.03,7.01569
3846.51,11.4758
1203.69,15.8581
1680.67,7.39081
1386.93,13.568
2355.52,15.065
2282.48,5.50185
2101.26,0.213191
1837.01,12.2504
3039.36,8.07264
2717.79,8.73606
534.554,12.6575
3348.94,7.79213
3844.56,3.01485
2949.31,12.433
1637.11,2.49501
3681.1,10.5943
1125.51,10.3529
1942.41,12.7104
867.283,5.87314
2784.72,14.2734
360.638,13.4512
4023.02,11.5092
4006.62,4.84636
3297.22,5.09953
873.689,5.13369
4116.79,4.7217
3913.26,15.635
1228.35,2.59754
2045.83,14.3688
2128.28,3.02562
1302.12,1.8347
3406.6,6.45121
3854.17,15.6234
3256.56,14.906
254.692,6.27221
565.57,13.9487
48.7083,15.8958
2710.58,1.80405
879.529,7.86844
3287.43,14.0781
4115.92,0.89782
1730.61,8.90879
805.048,0.0369627
2428.49,6.36859
3468.39,5.417
3558.89,1.5487
2296.62,8.73066
627.844,8.25544
3262.45,0.400694
799.071,3.72267
2896.7,1.63006
260.765,9.48089
3307.56,9.68921
922.352,0.192638
2383.01,1.34375
3251.81,12.3168
3887.85,1.52218
768.565,12.0192
1638.43,10.9118
3854.06,12.8938
3193.89,4.03511
1524.03,12.0044
662.504,1.41562
114.198,15.8996
2858.23,4.14697
1079.52,1.96188
2100.24,1.82121
2085.5,2.65745
1452.71,6.76585
438.336,2.7057
3989.24,12.2927
2110.61,15.9989
2046.14,15.9894
3951.48,1.56622
1158.12,14.5881
2467.83,1.28495
2625.67,14.9536
3542.27,0.1333
3893.42,3.08051
1709.9,9.44431
3261.52,10.5672
3403.2,10.8762
2942.87,5.22045
2902.34,8.3668
2745.31,5.90606
659.853,8.41548
991.44,1.96949
936.607,4.0983
2295.47,6.27186
2307.18,13.5874
1383.68,12.6331
3172.57,12.8715
716.283,3.06392
3045.26,11.43
302.146,11.2855
3624.18,14.7709
4112.67,0.0258212
1557.52,8.56326
2600.23,5.28964
2669.34,4.41712
2500.4,13.1613
3960.18,10.724
1803.12,11.5955
4044.4,8.13968
1077.36,2.50042
2856.24,2.89394
2499.8,3.57944
3707.24,6.67287
2106.85,2.34396
1259.51,5.80372
1596.49,5.10012
3363.14,8.16122
3712.86,4.00488
2686.74,8.56399
1065.01,12.9712
2067.23,13.9799
719.441,15.2453
2810.74,13.2783
3395.29,15.2986
3151.9,7.66775
665.571,12.1778
264.731,7.2727
3621.35,7.93415
1340.48,14.2835
1866.91,6.91165
1349.81,12.5234
4121.71,4.60692
3662.65,13.0622
3192.81,0.636844
3311.86,5.72682
661.291,3.53958
2088.29,2.43537
1795.28,8.10339
1909.36,9.21393
2634.07,3.48739
3727.18,1.88416
1781.98,1.52409
4085.58,6.91301
3365.4,10.008
1184.65,14.8486
3640.2,15.1984
2775.73,0.761873
3385.18,12.9162
4154.42,4.66652
1399.37,6.7001
3115.93,8.25599
4176.23,11.5952
1977.87,9.21708
914.712,9.15755
783.773,7.03027
1791.46,11.7451
735.788,0.701569
3485.27,3.00382
3777.76,9.04649
4012.45,11.2606
1741.97,14.9529
3268.29,11.083
235.687,8.39202
1221.77,0.603076
1224.55,11.0896
386.307,12.8888
3617.1,12.104
216.159,2.55694
1190.04,4.7633
948.895,4.53656
1887.33,11.2367
448.069,5.02932
1759.8,3.84724
4170.65,5.68664
667.967,14.2564
500.511,12.0997
1613.4,14.0363
2786.09,13.5035
3467.25,13.8904
4045.09,5.13696
3004.02,6.75849
2070.69,4.46955
3686.88,12.1264
1258.79,15.5098
2623.06,0.374317
2155.06,8.93993
3806.41,8.36658
1018.69,10.6272
3462.23,11.4075
3406.07,4.66261
3469.46,14.9639
2550.7,7.8553
3016.98,14.6331
1041.9,10.5491
2017.21,4.69238
3545.26,2.06314
1680.23,4.79097
1414.69,3.48756
1442.62,3.31911
1531.94,15.8968
1222.69,12.2369
3724.46,11.0031
1103.23,7.71093
882.771,5.34247
786.844,15.8578
3249.67,9.68458
898.569,6.29349
2872.52,5.76685
3408.26,8.81427
2788.06,4.34015
564.925,15.6527
2728.45,7.38548
3058.88,4.1012
2342.37,2.38883
871.999,15.8286
2238.04,0.37839
1548.87,15.1946
3607.94,8.58716
2414.47,0.8405
4103.65,14.2214
3129.7,8.83473
2091.54,15.2143
4000.32,6.78423
2943.44,4.68306
3744.09,3.92342
977.846,7.88451
353.6,12.1086
2340.67,9.40387
4051.91,5.35183
229.516,7.4998
1890.45,5.18743
2880,10.5663
78.5958,11.589
1099.28,1.58362
1573.18,13.588
3925.24,0.965891
2556.16,3.46317
3278.64,14.5083
649.294,1.78329
3133.4,10.0707
1011.12,5.30042
3119.2,12.347
4088.34,1.19332
4095.02,4.81963
2752.34,3.28641
244.02,7.31388
1143.62,3.79698
627.821,4.70524
1308.58,3.22425
2378.79,2.90761
864.65,15.82
3932.16,7.36481
3548.81,13.1385
2561.88,6.33859
2187.38,6.69523
2186.52,0.539992
2545.57,1.83837
2611.21,11.6088
2958.52,11.0305
2626.41,0.523665
1279.79,4.09644
3597.39,5.02423
875.797,15.9582
737.791,12.5807
4107.23,6.1148
2611.47,8.48193
1266.24,3.00327
300.946,10.8491
3078.24,11.226
4018.52,5.54841
147.864,1.19084
1571.13,15.306
1139.85,9.7042
2199.62,6.08565
174.714,8.07363
31.4237,2.34232
1774.96,15.175
3358.48,14.3918
1150.07,12.0912
2429.11,9.7849
1511.18,2.98313
606.184,10.9769
1728.17,14.2997
2932.3,7.93162
1322.74,13.4549
1054.68,0.335014
2296.15,9.95139
1917.58,14.5119
2391.93,9.71499
3952.06,2.97369
1261.81,7.19787
1534.14,8.03525
1779.4,0.768767
2675.37,0.0990862
989.896,15.8173
2502.72,13.8409
2069.39,0.191363
2725.87,0.705574
2848.17,11.3721
242.372,13.299
3340.49,0.269343
4010.88,15.3249
3612,14.8015
2851.93,10.7497
2689.9,1.73569
915.678,14.3338
833.681,14.4398
930.453,8.57751
3341.19,3.56806
4002.25,3.11661
577.943,9.50812
2200.84,11.994
4151.91,14.5722
2404.71,11.7456
3633.66,10.0555
608.545,7.70189
1167.04,11.5872
1531.37,9.30709
808.512,15.1454
1898.48,0.724214
2479.16,8.86321
374.744,1.94425
1192.75,3.25324
2697.95,2.73903
3435.29,5.70366
3832.99,6.26045
102.093,13.6782
1015.54,10.753
76.602,1.09056
3779.7,15.4301
2802.52,14.7203
3547.83,2.18326
4072.94,4.01863
3214.39,13.8468
1239.75,5.7996
1712,6.08783
3741.01,4.53952
791.37,15.4084
155.49,9.61857
3751.12,5.80944
737.737,10.1627
1684.18,8.76993
1924.68,4.81954
2365.74,0.0379896
3613.24,14.7889
4018.31,0.619922
2872.08,11.2799
2868.67,15.5772
903.329,12.7489
3394.94,15.8813
2511.34,1.59073
4111.37,1.39684
1740.82,12.6331
760.952,5.36658
39.3751,2.64505
770.858,15.9179
2428.66,14.929
44.4697,0.530698
2475.92,15.0278
1191.55,7.54228
2932.8,13.4369
3194.46,1.51889
530.95,12.5212
2931.52,4.87366
2704.95,5.2928
1497.23,12.3815
2048.86,4.23844
654.784,2.83739
215.683,4.86112
901.716,6.29048
3363.71,15.1587
1088.96,1.71013
76.4247,12.2101
1618.67,1.10675
3128.13,8.30131
3815.68,13.5476
3149.19,6.8105
3440.15,11.0323
661.737,10.5681
1360.47,13.5362
783.861,4.11219
3497.29,4.91172
3397.97,7.49825
123.507,12.634
2393.31,12.706
933.072,9.81975
1413.61,4.68997
1433.86,7.17664
2483.71,5.3626
300.12,1.10923
1660.48,4.37112
3849.99,14.2705
2886.23,1.85509
1599.37,1.8143
457.359,5.39935
1304.11,6.50208
1950.61,15.0164
2464.78,1.39832
1307.76,14.1225
1314.44,2.41917
2001.97,10.5125
2738.31,4.27233
3764,14.0049
3179.14,7.65097
1911.14,14.5594
683.124,5.23694
2641.47,12.0052
2625.6,7.30037
434.804,11.4767
2026.4,12.0787
3802.64,15.5687
2250.04,1.12861
2092.96,11.3849
1288.49,9.29402
3792.05,3.56845
1730.66,1.55018
1038.13,8.45635
3464.65,4.93261
3658.47,12.7151
212.172,1.45729
1123.77,13.1726
1258.25,8.38872
2757.96,9.38064
1769.14,7.52922
3361.63,13.7932
2248.61,14.1855
2921.23,15.3251
1830.41,8.31408
2307.45,3.53261
4155.22,6.39354
717.017,4.43726
3954.64,12.6456
3418.93,0.651644
968.319,13.1608
2710.47,9.70651
1836.55,8.39841
1237.18,9.87804
2269.67,5.61172
2337.73,12.9277
362.768,0.419719
54.8676,9.96947
669.804,3.65373
824.37,2.01423
1215.79,9.92376
4083.98,13.1606
665.236,1.36315
2538.22,2.54019
2598.67,1.00935
3391.56,9.17891
333.912,12.4552
225.951,14.1132
2474.12,0.222615
515.51,10.1431
1809.16,12.6542
2339.68,8.52441
3458.43,14.7468
2857.94,10.3892
409.528,2.12971
2378.39,0.813773
3551.98,13.8767
3169.01,11.0835
1274.75,5.67111
2862.13,1.98604
631.799,0.404538
2204.54,0.240336
556.203,15.1072
2946.17,15.1023
2318.22,9.39558
3513.29,5.06784
1202.45,14.2963
1009.05,12.7987
1410.65,3.92853
1023.93,11.5815
3909.46,6.01961
1781.84,13.8486
3515.88,1.93518
1650.37,4.35068
4125.13,14.503
2423.62,5.60762
1971.79,9.58801
3441.53,14.3045
701.694,6.0906
771.44,7.00413
2403.67,11.744
1304.67,8.50936
3673.12,1.78942
2707.94,0.373088
3814.24,14.5641
3661.43,3.24538
101.994,10.0146
3884.15,4.47816
3267.51,8.05669
228.658,14.1763
1793.75,6.02588
1067.01,14.066
2154.26,0.844143
136.877,13.6124
1925.45,7.88337
1665.3,2.29099
333.692,3.87832
1596.31,15.7177
160.578,8.30089
1130.57,15.6923
1444.26,9.41108
3260.48,1.87559
3816.72,2.87557
4087.25,7.66448
2910.57,5.64711
2655.88,0.948604
1927.96,15.356
2514.63,9.52546
2676.79,7.29201
3609.11,9.8887
3545.04,6.30747
1734.69,0.108723
1853.42,7.18917
3112.49,9.06583
1652.34,8.83982
3898.3,15.2776
1242.39,11.2688
2013.86,0.885451
4175.87,10.8774
2531.4,8.95239
1451.36,15.2167
284.427,9.85548
1551.68,11.431
3133.82,3.49012
2949.66,11.679
3167.15,10.9393
1200.66,2.43271
3123.7,3.0456
2746.25,8.61006
2890.4,7.87439
639.53,11.0563
2831.24,8.73656
2506.5,0.429727
3991.29,2.97189
1677.44,2.43036
1002.91,11.2389
3516.12,11.9742
1619.89,4.21968
3203.1,12.2356
554.908,10.3137
924.741,8.37237
1230.64,13.3484
3535.66,13.0194
881.596,14.0765
2086.76,2.04556
2700.89,3.83872
368.618,3.73565
4053.23,14.7347
636.062,12.56
3977.24,15.5939
952.407,6.05257
1634.94,5.84575
3607.58,5.90049
357.738,12.9939
1650.9,12.0436
3401.65,9.1817
1762.26,0.519414
731.475,13.6432
610.145,2.90609
1667.82,5.72167
1517.74,12.6309
2265.25,4.02806
2172.36,0.798423
2923.89,7.39312
778.673,13.0746
1722.09,12.1701
1245.7,3.15202
3899.38,0.295404
2585.39,10.4475
2114.78,12.7769
2674.41,4.54899
427.158,7.35181
2088.85,9.33493
911.316,10.8141
1688.89,10.4983
2119.13,10.4215
1941.8,7.43715
2750.43,14.3463
1725.92,2.61992
3401.72,13.8474
3239.79,9.91137
1603.55,11.3728
1252.27,8.06023
3035.53,13.7786
56.766,5.96986
501.069,7.25865
2522.99,9.90826
1342.79,14.9732
4063.37,11.2033
3414.13,2.24896
1779.59,14.9241
3036.88,5.9059
1778.66,12.9075
1064.2,9.69543
351.97,3.86966
1147.56,7.83973
3254.04,7.16346
870.052,9.28943
819.872,13.6769
2775.89,1.75676
2838.72,4.32966
1500.97,3.59452
3390.41,9.66821
131.066,8.96087
1396.03,8.71841
901.351,11.4516
3142.47,8.2878
3664.22,8.6101
2346.49,7.04126
1152.2,5.07301
67.89,3.56134
2181.35,14.9257
143.106,0.59815
1870.69,4.63315
3488.7,15.703
3886.84,4.85927
2936.91,9.64598
1129.58,9.97558
1167.39,14.4932
180.251,15.6927
2074.96,14.3954
1944.62,4.60669
1772.31,4.59248
3275.7,3.45705
872.901,13.4367
1849.27,0.344662
928.682,6.4867
154.651,8.73343
3808.98,7.52946
1697.35,0.263653
1299.38,7.83259
4030.51,15.3744
2375.63,15.6402
2326.66,4.92514
2730.01,10.0835
3085.87,9.44019
187.092,7.09439
3656.03,3.02216
93.7909,2.21341
2950.82,6.08862
3859.06,5.43807
835.355,13.4779
1330.85,15.91
2421.51,1.63618
602.158,12.7509
3556.75,11.5146
2384.48,7.11589
2598.04,9.58593
2193.92,0.780739
1348.83,11.8925
375.706,11.8196
317.414,14.2962
1636.68,1.7329
110.532,7.66384
3128.02,11.8099
3406.98,0.708805
2493.95,3.21787
3021.19,10.519
3706.89,2.87991
1450.34,8.35122
193.316,5.00755
1216.74,8.67418
1584.09,6.33737
4172.72,14.5137
2345.01,5.2659
2918.95,15.9002
1381.76,3.63251
884.544,10.7514
2200.99,0.712433
1378.75,3.22548
3877.88,9.24237
1392.93,7.2625
1614.12,3.61019
3641.03,1.97262
3864.99,13.5975
1516.58,13.914
3284.03,5.06943
811.409,15.3128
3420.42,0.867884
62.2906,3.54376
2900.8,11.0845
517.162,13.2592
838.222,12.2549
983.377,12.9805
4046.59,7.1126
1761.43,15.2743
2110.41,3.91195
1373.28,6.09733
2372.27,5.30392
1802.14,11.72
2474.97,7.28099
1052.52,10.4308
323.133,2.4122
3648.13,12.8305
3075.81,10.4822
834.862,1.2073
465.357,12.0912
934.092,4.57353
596.411,5.6509
2296.88,1.51348
3305.34,3.46274
3781.17,4.80454
1691.55,4.94637
982.903,5.70211
73.1284,4.03819
1880.63,10.958
4023.77,6.30483
3051.29,0.587368
610.581,9.9295
1307.85,2.24259
2898.03,9.02532
2235.34,6.42538
1913.22,3.0763
1963.5,7.63893
1550.61,2.03231
1871.76,12.374
3905.99,3.89971
502.539,1.74814
2071.15,11.42
4065.53,10.023
591.004,6.57048
1739.16,12.1215
2631.23,3.49983
3655.41,11.6785
3822.67,2.17622
2936.43,7.02922
1093.86,10.9243
2627,7.58061
1394.15,12.6152
1543.32,12.7741
3288.81,1.5349
3001.96,12.3882
4058.42,15.3564
1145.5,11.4422
2393.03,1.95639
695.625,2.63521
3097.71,6.40292
127.08,4.379
2868.44,9.15995
1213.71,1.48946
3238.57,2.63676
1709.66,5.07988
3389.62,14.4258
3917.05,8.62186
2530.41,10.9872
705.07,0.146941
502.372,11.8325
755.991,1.6848
2245.06,0.613059
120.642,14.5291
3879.44,12.9532
1062.85,6.6347
732.986,4.77735
3302.15,11.8869
1165.41,4.73276
69.5793,6.46642
1041.07,12.9298
1910.94,12.6937
3707.25,10.2566
3915.52,3.47072
314.208,3.74515
476.247,8.35411
3480.33,14.4067
2832.05,15.2819
3449.15,5.68368
2255.04,13.7443
2240.83,15.7921
4131.81,9.14208
2132.85,10.8389
2437.98,8.48395
1128.12,15.2555
3772.86,9.62936
2998.48,1.40829
1021.59,13.8503
1685.95,11.947
4113.52,7.11867
2389.58,1.79644
325.986,12.36
3528.05,1.63412
1868.54,1.03319
1916.33,7.46831
3211.77,7.33095
1585.15,12.3748
3972.22,12.2707
410.82,5.78671
2912.11,3.35183
4128.19,4.58103
2441.23,3.92057
3509.46,5.10005
1016.04,0.109062
3470.65,14.7686
3184.57,13.6637
654.55,0.621944
653.993,5.85059
968.344,2.62757
3880.45,9.49402
3394.93,1.74053
768.208,7.33728
3880.12,6.94339
3674.38,9.92312
1102,8.45666
2749.93,1.21025
1526.01,12.4327
781.765,14.1013
1376.09,14.1888
2542.78,12.5012
476.337,3.90247
1964.91,10.4844
3863.42,12.4595
4148.29,14.9915
1226.96,3.49475
494.294,0.638323
2621.22,15.1547
2356.7,13.8194
3152.78,7.278
3979.4,15.505
3873.61,8.18937
926.052,8.06709
3099.36,2.7855
764.429,1.69858
1499.53,0.530374
106.878,0.579492
1970.23,1.79261
2865.9,10.3203
3726.25,14.6649
285.789,2.75015
1095.94,11.6575
2351.32,6.07156
1814.08,2.06015
1360.06,4.30397
2668.1,12.358
1453.21,11.5301
193.139,12.4232
91.447,15.4211
3015.52,12.5661
266.372,13.0732
3966.16,10.5392
2330.86,2.21511
3537.2,11.9229
465.385,11.1801
1181.64,2.59026
3975.64,9.99712
824.944,14.9098
2394.57,9.35919
2873.84,0.107214
2144.05,14.9039
2216.98,0.844073
2296.59,5.85199
3217.34,7.24867
2003.06,12.9021
2162.69,3.7943
2069.7,8.99147
233.527,6.62786
1036.62,15.5542
1938.15,10.0446
3823.03,3.54762
1654.87,2.04929
2492.49,3.95615
1083.56,8.50589
1428.14,2.78282
1941.83,1.01368
121.615,12.7798
1126.98,7.72949
748.8,0.0233202
4138.68,1.68796
1568.02,8.47097
1547.36,4.39906
1275.18,3.69655
328.587,13.9007
1275.37,14.823
3980.77,8.9293
1740.6,9.61235
3628.31,5.61754
2749.41,8.3733
3002.89,4.28268
3286.67,1.00643
3050.32,0.394036
2106.74,7.02052
2613.48,13.6954
3319.56,4.58301
126.357,2.80617
3057.36,2.70106
1078.76,15.3595
2381.79,0.290753
1648.1,4.30418
2009.81,14.1389
2837.8,13.4341
170.277,8.91877
642.886,11.901
2428.29,9.31689
3948.59,0.973826
2424.93,4.14491
228.884,0.701389
3100.27,15.6367
1005.17,9.03131
1670.64,11.2451
2026.59,14.2715
315.897,9.45322
525.027,5.05289
4102.69,5.72174
1138.03,7.52941
910.847,3.12701
1040.74,8.1083
2144.05,8.08516
1578.26,9.25883
2058.64,0.931264
1931.39,12.55
3438.82,14.9863
253.448,15.4193
2153.64,8.00113
1509.75,15.5939
3156.89,13.8375
3055.67,13.5206
207.167,14.1654
355.701,8.73077
486.373,0.936716
1477.61,10.0808
1298.59,1.35733
2870.88,3.61105
344.331,15.5118
620.194,2.59376
1886.18,1.68566
59.4252,1.25654
211.642,2.62884
532.707,3.68347
1555.5,0.271828
999.649,6.09963
266.18,3.26538
2355.29,4.06901
539.04,3.4627
3396.42,10.9863
1182.33,4.09592
3771.77,14.5038
290.347,1.40728
1477.45,5.21091
2338.25,6.47636
2347.66,4.29235
1766.24,7.95132
4075.29,14.9493
889.92,0.193231
3186.11,8.59431
746.581,14.9904
3982.19,1.88898
4019.5,11.8233
1337.98,9.00071
374.069,0.974041
2928.91,4.92723
126.898,12.0572
2579.76,12.7306
2586.86,1.81168
534.503,5.40406
2870.15,10.2731
2048.55,13.0069
193.201,15.177
2947.81,8.57681
1328.74,13.3385
2911.72,7.03464
3252.49,11.6259
3583.16,15.3397
1249.33,2.48103
3778.53,13.6246
2830.99,7.01342
2532.25,4.13046
1969.86,2.94572
3194.06,0.677493
2452.61,7.08628
3530.82,0.238795
361.516,4.7524
3992.62,1.34844
3678.22,5.18065
724.746,2.98377
3676.76,7.33909
3086.42,3.31016
2029.4,11.1301
2269.61,13.2573
544.724,13.441
1099.71,3.89631
222.073,9.16837
426.758,15.1995
3431.2,3.93495
3119.29,3.34934
2088.2,0.715022
2630.62,1.90923
1458.21,10.1584
321.569,12.0731
3486.29,5.21587
2315.6,5.43632
108.412,7.03499
494.1,10.4987
1858.94,15.2442
3595.13,10.706
4015.11,6.78243
1014.11,8.71551
1956.26,7.65165
2149.37,8.32842
2489.36,7.61105
139.382,2.78524
2576.18,10.3987
423.646,8.0487
2123.67,1.03782
797.678,2.33719
316.435,11.4848
4160.6,15.7376
955.91,14.3649
1864.6,1.51574
3810.02,13.1506
3169.19,6.84439
2945.17,2.84939
3746.85,6.68858
1751.82,8.3608
486.589,6.11221
3037.77,1.26382
2644.85,3.50624
4057.64,1.85456
1612.25,15.8456
2905.08,7.9143
1682.3,6.95946
418.112,7.72092
931.838,5.69603
3793.3,14.4715
3488.85,10.0265
3323.41,1.83827
539.744,0.219001
3431.82,2.04065
398.767,13.0471
220.705,6.86978
1079.28,4.30632
3632.36,10.5295
18.2841,4.25786
2439.24,3.17742
1196.12,7.59197
1517.63,8.3215
549.608,6.58424
17.5682,4.02789
3344.82,13.4909
1116.22,3.817
2845.9,6.44485
3694.83,13.6
2599.97,10.0302
3948.69,10.8353
2785.81,12.7251
2725.72,10.8419
919.608,0.618098
3232.95,15.2575
339.014,2.47863
2230.82,3.73878
3903.94,2.52536
285.116,3.48128
2443.87,10.3318
657.377,8.986
3205.44,15.8695
3698.42,10.0385
757.497,8.70738
1580.27,0.242228
859.921,13.0936
2066.93,8.87208
2588.59,12.2971
1255.27,10.1234
910.945,13.8979
46.9538,14.8189
85.0961,7.16896
3504.39,4.66936
3954.95,0.403463
1494.32,0.624923
890.287,3.64598
652.724,12.2531
1847.23,0.770433
64.8883,0.868442
2808.09,6.86335
1042.58,15.7223
3564.48,6.63229
745.188,12.9285
3874.74,1.37987
3203.34,1.65034
2421.39,2.55657
523.985,6.2369
893.019,9.39282
3375.99,11.666
1891.29,11.9471
3537.17,9.07208
2484.76,11.1012
1626.12,6.01962
4063.86,3.09837
3033.18,9.01237
445.106,11.1888
2005.34,11.1525
2913.47,3.95277
4094.46,0.429201
2963,10.294
1840.38,10.0495
3380.36,14.6771
3271.44,1.74948
2937.55,2.23526
2816.61,15.0721
2420.73,5.99226
2251.81,4.49067
134.133,3.7113
1547.58,1.45713
416.641,2.78847
2438.79,11.2758
861.127,13.8337
3894.22,7.54721
3269.4,14.4565
600.406,1.48635
326.008,11.328
3455.52,1.97026
2886.53,5.3112
2473.42,6.31465
192.052,15.2832
155.23,11.7439
2348.23,15.2634
1019.97,2.77741
2094.77,6.76009
2532.93,4.29523
3580,1.2372
1252.49,0.345975
1548.8,11.1247
1546.74,2.97532
3358.56,0.267824
457.883,0.635451
2412.97,8.79629
4007.01,8.88309
1013.01,14.345
3307.96,11.5101
3635.27,12.9552
3410.86,12.0064
1338.95,7.69222
4119.6,10.4414
3756.95,10.6301
2354.18,2.5706
2127.37,10.3403
906.953,10.3933
2096.08,13.5144
3067.6,4.12737
796.551,6.91479
71.9132,6.36511
3427.81,9.09488
3617.67,7.87378
1001.62,10.9302
1507.66,8.15323
1972.32,5.43699
80.7422,11.3928
1959.39,13.4812
2124.16,3.14413
96.1384,6.93455
1450.09,12.845
2106.89,8.75745
2652.53,13.3121
1312.61,13.0582
1120.09,1.81798
3016.01,12.3498
3157.24,10.5385
3505.34,13.3256
1106.74,5.12366
1012.06,8.22054
3511.4,2.1974
733.733,15.2158
3300.49,6.20879
112.686,10.3122
3013.51,14.7738
4105.53,12.9187
229.178,3.65043
2664.56,8.62825
584.782,7.71707
2310.34,12.0907
1409.03,12.627
2372.52,9.45137
3649.57,5.10667
1538.53,0.98586
1091.11,13.9533
3021.74,5.29487
3611.73,3.22744
1849.89,15.1801
45.4964,5.95099
4057.6,5.00381
1610.28,5.41484
278.558,13.5039
893.289,5.76045
4079.5,1.08987
1949.37,15.0854
3628.36,0.361423
3088.44,13.5605
1789.5,8.83473
2891.92,6.23585
666.727,15.0588
3532.08,6.292
507.592,3.25454
544.277,12.3359
2815.31,12.7876
583.3,15.9535
2964.92,12.7942
1255.08,0.000408912
912.79,0.723941
2274.88,9.0035
3618.03,6.92096
2645.82,0.717046
1030.66,10.8461
3515.19,14.5697
1969.21,5.89804
2193.43,12.8479
942.567,12.853
1390.4,2.84224
4100.31,15.2795
580.209,13.1249
1132.74,8.35288
304.482,2.3119
591.575,2.39506
1125.81,15.5083
2080.87,4.20211
2734.88,7.14678
3500.33,0.613817
887.494,1.15558
3457.25,7.2516
1642.13,2.68642
3397.07,12.1947
2262.69,13.0159
1819.9,8.76673
248.443,13.6102
2107.32,11.1042
1171.29,13.0047
2717.5,15.2464
645.214,0.938404
1922.84,8.871
2911.98,9.58843
1069.54,5.97053
234.285,10.2083
4185.7,3.47322
4099.14,7.5206
3500.48,11.4287
807.765,11.3012
2960.16,4.95294
1290.81,9.37828
2514.29,6.64093
253.184,9.80476
1962.56,10.6103
1301.79,6.37196
2690.57,14.605
943.098,6.19707
2713.01,13.411
2536.2,4.13725
1972.12,15.7939
2000.16,0.288292
592.793,14.0909
378.774,10.7275
2842.95,3.69671
3178.79,5.47266
313.769,0.897206
1190.68,9.47474
1166.04,9.61147
1338.01,6.33744
3925.1,9.53556
2835.92,5.47848
2788.73,1.56346
1334.23,12.5728
2772.21,0.902572
98.1939,3.23729
1055.3,0.391663
1871.02,6.47399
1567.89,4.47187
2193.97,5.83248
3619.66,9.76727
379.14,1.03179
362.482,15.6991
2031.23,10.247
2946.27,8.20296
2138.73,5.82375
3043.53,5.83323
2630.72,7.99364
3630.91,11.58
2575.29,8.8858
176.797,13.1854
991.099,12.2189
3350.91,4.6753
1035.49,9.57251
1999.47,8.63061
2420.29,3.98908
1856.66,7.04833
3220.47,6.22379
3869.11,0.211922
2232.82,14.4144
682.62,2.76492
2222.93,15.8649
1403.99,12.7685
2118.39,4.70451
1727.16,12.8644
413.077,15.6995
4139.42,3.96886
2102.38,11.0651
2495.26,8.1824
2142.65,15.7654
2877.12,3.7858
3442.73,12.7978
3384.16,13.5706
64.9555,2.70802
3746.22,10.5332
2091.23,1.33097
3640.14,4.87554
1819.35,15.2876
1730.04,4.8953
1391.04,15.6139
1165.51,8.206
1584.25,12.8252
1945.58,14.6392
1284.7,1.1454
1975.31,15.768
1183.59,11.2713
3521.86,0.413721
3588.8,3.24372
839.209,12.6085
70.2303,4.04434
755.748,11.7354
2967.07,5.40312
1201.01,0.128596
2152.72,7.07006
223.724,15.7026
2129.78,4.99616
1730.99,12.5846
2158.78,2.3943
1981.78,4.64113
2723.94,7.48533
738.773,12.6206
1704.52,4.67314
1169.64,13.7084
133.076,2.45021
3067.15,6.26056
2625.01,14.2951
2376.09,11.0053
277.578,0.147993
2520.9,4.21732
1493.6,2.12552
3119.24,6.71314
2893.67,1.90271
3994.34,15.511
3081.36,0.404917
2027.65,12.1711
1919.33,13.8687
2547.69,13.3908
1081.04,10.0931
1392.56,9.07709
838.689,8.31166
3425.07,5.93
2067,12.329
4052.14,15.5525
2295.21,14.4933
2176.01,10.6072
2702.16,6.05615
3206.27,13.8927
1394.83,5.24564
2338.53,5.40847
1768.62,6.19935
3515.06,6.20464
2838.31,7.00707
394.393,10.4374
1851.42,14.9848
760.293,6.41249
3216.81,8.49765
1629.31,12.7569
246.856,6.68745
2064.01,7.2597
2340.47,0.0657331
1883.58,10.6721
3224.83,13.1044
3772.13,5.54925
305.298,9.57869
2132.74,1.09634
2527.77,14.7361
483.202,3.10676
2037.51,6.70155
2507.63,0.333707
72.1744,11.112
1286.05,3.12138
3577.4,7.08225
3368.98,9.2383
1112.87,13.9813
941.798,13.2319
2030.99,3.75174
1315.29,13.685
1619.67,7.20163
3317.22,10.8661
1022.63,14.7103
778.022,0.613615
2353.61,13.8104
3079.26,13.6688
2041.75,12.1082
1468.55,13.8638
2271.17,6.47052
887.667,13.8721
1750.5,14.869
2174.67,6.45712
2319.85,5.28121
1191.5,5.45287
4120.33,15.5618
2317.36,2.2185
1228.36,15.1162
2005.7,4.33501
2236.79,7.43017
2644.56,9.59225
131.223,3.61566
3362.51,9.88332
309.041,15.7121
4176.57,6.24911
696.879,9.15285
245.948,6.74788
2349.91,1.89332
2842.42,8.50294
2573.86,8.99877
3893.56,11.8171
294.279,2.48227
2436.97,1.15264
2553.94,11.4236
1797.62,9.1537
1154.09,4.98473
3384.5,9.38714
1343.44,11.129
992.909,5.20466
481.932,10.9916
3489.04,12.4574
189.158,12.2233
1927.58,7.15993
4007.63,8.2381
3983.6,13.6764
3488.15,1.55589
2218.7,8.58841
2416.08,4.81546
750.032,11.7413
192.265,8.00832
4149.3,10.5652
1305.31,6.78437
1935.87,6.72756
3309.76,6.35492
452.01,6.45542
3680.87,11.6597
3940.79,13.426
1524.57,15.881
1394.56,10.2976
868.866,4.79065
1014.11,13.5266
1614.26,6.08506
895.724,3.92869
3787.74,1.23541
1736.55,2.92429
3044.04,9.02318
3538.1,13.5859
4111.26,12.3069
3140.72,14.5931
2667.81,0.371784
2758.06,0.940282
2777.73,3.92667
2888.43,12.0939
686.864,8.00818
1712.25,15.3911
4010.97,12.5988
10.5221,4.74237
154.276,1.45069
1318.86,12.1096
645.054,12.2196
384.249,8.85486
537.454,5.95273
1936.53,2.16108
739.025,11.1174
3647.23,0.94462
3347.42,3.88345
3331.15,8.38877
966.035,15.2614
2649.62,2.7291
1691.62,0.399454
276.117,3.49117
3420.03,15.7714
2199.97,4.53194
838.743,11.5417
822.234,6.74696
1781.35,12.6207
2392.12,13.713
791.456,0.1067
3868.89,9.66855
3120.08,4.74092
891.591,9.01459
3964.46,7.14968
1020.43,8.95193
3039.85,11.5008
2070.37,1.62079
987.785,2.40249
3737.08,7.00438
3646.73,12.267
4087.64,12.8734
2913.07,1.45073
3537.53,6.55928
605.936,8.70939
840.907,14.6266
1726.44,14.064
1659.33,1.78189
905.197,15.3466
2953.48,4.14606
491.966,1.32308
959.314,7.9786
2972.32,2.10662
3018.48,10.2308
1541.84,5.18022
759.791,8.36211
1237.64,3.89483
1007.18,7.88341
2636.32,12.2858
2221.64,15.4952
2725.95,6.54767
4032.34,14.425
2080.88,9.56925
3013.07,12.6585
720.427,6.00401
1102.53,7.68908
4084.94,14.3709
3586.3,6.05044
672.064,9.00417
4022.19,4.31629
1500.86,11.45
4180.43,4.17905
1842.96,9.85229
2588.26,8.19305
1283.69,4.84647
76.1858,11.2819
590.744,10.3911
2362.3,8.87886
2754.15,12.1072
2690.34,6.86735
132.366,12.5502
1759.41,6.43022
3434.93,10.9333
2909.13,9.00957
3104.69,4.62053
1318.62,10.2034
3832.41,0.266509
3717.86,11.9866
2697.56,11.74
1613.93,10.4486
3468.89,2.33421
3138.67,14.6182
77.081,15.2341
4124.32,2.79742
825.515,0.561335
930.203,7.0706
3203.08,4.19246
844.9,9.9236
2666.68,0.18171
1548.13,9.48537
2825.84,13.3493
2819.52,12.7064
3296.72,12.733
817.123,10.3183
2065.91,10.0592
1983.71,8.31295
186.148,15.9641
351.178,12.0421
3078.95,9.55687
1907.42,0.569182
446.53,1.57222
1477.55,6.75882
483.977,8.00235
3197.5,2.80343
850.784,15.0747
1299.21,12.5295
1375.44,7.0845
3833.97,13.4495
3476.96,2.3494
3958.83,9.1271
1640.51,2.07633
1005.8,8.79069
1205.11,11.4579
3684.05,12.0917
2565.24,5.30267
2928.72,12.7017
2383.35,11.9678
1758.85,10.1798
3629.64,11.4851
3042.96,0.041803
2591.76,15.2014
3633.09,3.73959
1855.1,1.19807
3377.23,10.2919
2318.22,11.3384
3332.11,7.46431
1546.28,15.507
108.093,13.6501
594.855,0.447827
3092.53,3.73852
2023.82,10.9257
2173.68,13.1764
3273.57,4.81505
1488.02,13.9306
2464.72,11.9115
743.922,7.15907
4143.61,6.35711
226.003,5.4094
2495.04,12.6228
3269.64,3.47847
847.408,3.11258
1677.41,12.9737
2329.72,9.37987
3314.71,12.6291
2757.37,15.8214
2384.26,0.82852
2189.67,7.38246
1454.67,1.34213
3565.44,12.4056
1256.19,8.80219
3556.78,10.6053
260.529,15.8033
2640.8,15.7545
894.271,6.62161
1963.71,14.8559
2541.05,9.98471
2201.39,9.77387
3281.55,1.50794
699.525,3.19829
2190.13,10.8482
2941.71,5.50531
1524.65,5.36062
2766.17,11.5087
1294.18,7.56701
1075.51,6.87181
1405.49,3.85678
1930.64,14.2377
2599.29,8.2576
1769.86,1.43881
2123.1,7.7603
971.013,13.5206
1737.65,7.83271
3460.75,4.75983
1683.9,2.55436
712.493,13.7984
2354.85,12.0576
1821.95,6.49327
2931.8,13.8147
3534.68,2.53749
2779.34,5.4945
3243.64,11.3513
2469.08,3.67855
285.432,1.35079
4182.2,9.99112
2845.77,13.8437
3800.27,3.97399
2060.3,11.9222
3864.25,5.24385
396.446,14.1428
2322.57,15.1876
3333.17,12.9646
1357.57,12.4415
3842.54,3.00928
3626.67,11.3611
1001.56,8.74327
3517.31,10.2449
3893.05,9.75772
1052.68,2.66344
1063.28,15.2656
2017.46,13.725
1454.53,12.4386
2776.2,3.51398
1626.38,0.723794
2825.36,3.93464
4179.94,11.3016
593.685,9.87533
973.288,6.46427
1027.96,7.13532
2190.64,1.77639
2556.94,9.9548
1916.69,0.589798
1623.15,3.75767
704.95,1.1765
3636.26,11.0755
966.099,2.95685
455.634,6.99994
2701.87,3.94366
1635.3,13.5306
2213.81,11.3128
2114.17,6.45478
2367.28,15.2579
1384.24,10.5485
758.885,6.06047
3028.88,12.4451
1039.81,7.17966
2305.08,6.4603
418.933,14.2945
2884.33,5.65644
757.092,5.30904
3686.24,8.51189
2972.1,7.11158
2321.01,9.88329
3406.44,15.8139
2461.47,13.6152
1308.67,1.28929
2732.61,11.9309
4081.8,15.2773
3.27879,1.27789
3357.27,13.2256
1820,9.84728
2919.45,10.0521
1447.79,0.938413
4068.35,13.5441
2849.72,12.4776
1932.17,5.26262
2900.48,9.46916
838.395,3.13006
394.661,15.9963
1216.4,11.5811
2978.75,7.41926
3189.79,10.2937
1498.77,0.518662
4152.16,5.08253
3649.51,9.50702
3875.82,0.326842
1760.46,6.23905
2803.89,7.53837
2233.47,11.5588
1643.59,3.60615
1849.55,12.8033
2979.36,6.88442
791.878,8.43043
3027.96,0.351479
2714.05,3.32457
2047.28,8.15392
1801.43,3.69343
3390.5,0.342629
3025.16,6.44408
2334.82,9.79219
1601.59,9.5186
3235.57,11.0392
532.268,9.86204
1502.9,4.88981
343.781,0.973982
1211.67,11.4608
3810.79,5.23105
1177.1,4.97253
2313.72,10.3336
1906.79,12.0908
2701.42,12.7458
1871.62,10.3568
431.837,4.85386
105.533,2.18956
2116.33,7.40678
1287.08,0.311589
2233.58,8.69649
598.883,15.0115
2160.21,8.562
913.603,5.13743
3542.36,7.07344
2612.62,6.69376
1163.47,4.79658
2805.02,7.10747
391.464,6.50239
3089.99,14.3565
668.597,8.09465
2517.87,6.97605
3425.15,9.44704
2287.11,11.4815
3231.71,12.0428
2383.93,8.81113
826.878,10.9903
2063.44,14.5904
3053.88,12.8794
3833.25,9.42021
3735.18,14.7297
3102.83,6.0957
2348.39,8.78717
2143.28,8.36715
1906.82,3.23267
1590.16,9.05969
4023.59,0.832725
2730.78,14.0868
1566.18,9.63124
3804.51,10.1963
136.798,2.73091
836.051,4.15497
1948.44,9.81325
3579.76,4.18857
3308.39,5.19434
664.765,15.7595
3591.15,12.1908
1701.74,12.0962
1499.85,10.2088
3089.36,9.37118
3927.53,6.72017
480.773,15.9432
1616.65,5.95039
3054.53,0.753362
978.316,0.323662
2387.58,9.25893
42.5644,13.8809
2376.34,6.86005
368.618,10.2316
2952.93,8.98934
159.978,1.99528
938.442,9.37695
421.954,0.263746
119.887,3.87256
2541.09,14.5489
3606.74,1.91556
269.515,5.79648
4099.06,13.4376
603.946,7.84294
415.892,6.92375
3613.45,11.6018
1584.33,10.7134
728.223,12.2409
3536.61,11.372
1462.5,7.82456
2219,1.96128
1173.19,13.2337
3992.6,15.8442
1068.97,4.50152
2281.8,9.87119
2226.3,8.13784
1783.09,3.89713
1346.08,6.15987
3842.62,8.58028
549.042,0.885207
1819.84,7.89373
57.7924,13.7476
571.013,1.30005
1642.31,7.22316
1109.87,3.52201
2753.85,8.47751
560.93,7.75812
1731.66,6.85748
990.636,5.10653
1890.77,9.44472
2443.61,13.8352
3265.95,12.2586
2078.83,11.0616
1393.28,11.2496
3730.64,7.67593
3092.64,4.47717
2833.33,6.61788
1177.01,1.30423
3482.61,9.74492
1487.47,4.29021
3333.78,3.82815
294.833,9.07517
987.522,10.9963
1033.96,13.0196
168.095,9.05737
2783.82,9.4122
654.313,10.474
2362.9,0.5096
3593.49,0.88393
3262.99,4.02635
3353.47,9.0453
1420.24,15.3039
2671.9,1.40701
214.785,3.81688
310.681,12.1918
1368.36,15.3963
945.353,1.48734
193.969,9.79954
1822.42,7.74569
3151.02,5.50384
202.177,11.2167
3562.36,13.743
439.364,12.8169
2082.48,14.2124
2437.76,1.61032
2806.93,10.2228
3639.58,4.56121
3183.87,2.45651
2638.91,8.61394
2183.41,7.06138
2888.37,10.9266
1242.7,3.69874
3116.41,4.97613
1632.93,1.94502
1885.47,15.7614
2345.91,5.44143
1524.32,8.20073
628.966,8.11289
3049.07,10.0098
2522.32,14.898
3610.32,15.2861
3679.06,4.20797
589.244,10.8833
3924.72,7.06206
2245.47,6.6008
1096.48,12.7605
560.866,0.953315
3641.03,13.7242
3338.65,6.58715
3253.04,1.3132
1926.51,2.36722
3739.81,12.5051
316.829,7.36085
2796.98,6.4829
1807.81,1.49928
2992.72,13.3443
1470.15,0.123319
2420.55,9.4279
510.557,12.2916
500.498,5.65671
3987.75,9.82948
1559.25,9.2675
968.852,5.77529
393.774,1.30532
2217.83,9.47055
1413.78,5.72373
967.572,3.72072
4026.8,6.79533
2033.57,6.77772
2314.22,8.04251
3204.87,0.829977
3964.86,8.40456
606.329,3.47444
465.18,4.25514
1702.32,15.7594
2521.2,4.9042
1904.35,6.85517
3510.45,6.63697
796.454,11.8128
1706.81,7.71136
4040.41,10.0834
1017.54,3.58313
3744.58,14.8491
89.4219,2.39668
1553.29,0.591233
582.678,6.12342
1596.8,9.72112
1230.25,6.81518
2486,7.21456
3566.81,8.3075
2375.84,7.56082
1228.69,0.171796
4066.23,6.45231
1342.1,5.75924
2105.06,13.5346
1113.83,2.37221
1366.76,14.3247
2584.72,12.8555
2166.43,1.19465
1859.38,10.1156
3109.8,6.961
3130.53,10.1036
3982.9,14.2232
2770.88,10.807
3714.17,2.08468
1535.15,14.3462
1347.56,9.00609
1707.73,1.41214
266.273,14.2793
3172.51,4.28594
3594.19,7.20765
3106.96,11.4556
3804.41,6.33602
1532.78,8.85902
3150.83,11.0343
1687.9,7.04595
2457.91,2.74694
1793.68,0.159071
1212.36,1.8076
4157.32,9.5538
3945.99,2.08235
1743.88,5.87722
2822.32,8.34697
1810.14,14.9716
3441.07,1.82319
2316.51,14.4971
1318.05,15.7825
1131.86,5.95053
3467.82,8.07492
3970.61,4.02771
2572.13,7.34169
3129.51,6.59504
2795.77,6.06953
3499.92,4.31511
3926.26,6.21064
903.89,4.63376
2127.13,5.01348
2097.71,9.48729
1449.72,6.8328
2426.34,14.0364
1887.83,13.0798
2313.67,12.673
1637.86,13.4075
416.847,1.88055
1672.47,5.47855
891.532,7.91095
1258.26,1.3073
1081,2.75757
3708.93,11.3161
544.84,11.1261
2210.95,2.0497
3110.33,13.4784
2103.48,10.195
1691.44,12.2563
533.699,9.04986
324.483,2.85616
2240.68,6.9704
1207.81,15.8263
3806.77,6.52503
1053.59,15.4272
364.905,13.1254
3824.94,11.3186
1002.87,5.95456
1774.06,4.43813
3443.96,7.0251
427.621,2.62948
1004.88,2.10806
2110.3,1.77214
333.166,5.93354
1989.55,1.58429
3191.11,4.00662
1723.64,10.6689
2277.71,8.10828
4105.92,6.45248
1836.54,4.62375
1751.37,12.6077
3186.48,9.91696
766.339,14.9578
2489.88,12.1997
1731.59,11.6283
2719.78,2.49052
1389.97,8.26375
2465.34,7.43249
1747.12,8.56972
1580.42,10.2579
2447.69,14.055
2546.92,7.44722
3992.05,9.45105
586.515,5.4133
522.304,6.08162
3363.31,4.62605
510.437,14.1132
260.797,2.34875
533.442,6.92748
478.927,11.455
563.17,3.59453
464.803,15.5259
854.623,5.80871
466.511,9.33052
554.02,4.24735
253.63,6.50742
641.686,14.1619
627.237,5.03131
280.128,6.3187
446.232,0.840889
370.66,13.1288
549.978,1.30192
763.953,7.28523
575.224,6.19512
521.598,4.78261
332.934,13.9934
516.204,1.75347
504.512,0.890242
140.748,0.806194
259.629,0.269391
319.564,14.4737
178.113,7.53198
66.757,14.198
201.855,14.6193
413.973,5.37329
4181.17,9.89097
762.85,2.62031
123.123,11.7173
204.307,14.3462
857.597,0.0168848
308.881,8.29603
4113.96,5.87279
3764.87,12.0417
3739.14,7.21715
3807.6,2.73177
3624.81,7.96927
3773.24,6.66914
3931.13,9.00975
3720.04,0.172163
3560.81,4.34057
3830.65,7.5185
3719.14,8.96156
3656.17,7.83636
3405.45,10.7386
3389.5,3.74142
3596.49,6.68932
3098.14,8.47947
3475.67,10.4569
3255.02,12.7253
3167.65,8.55436
2667.43,6.84213
2673.97,0.288017
2674.25,10.4238
2608.64,3.72054
2700.99,11.259
2717.46,7.07031
2813.7,3.49399
2765.65,15.9327
2626.04,10.5614
3234.94,2.77605
2551.98,6.08058
2813.93,0.617471
2987.7,9.27509
2920.4,8.55585
1844.92,10.3988
1655.42,10.0098
1400.48,13.3915
1629.47,14.607
1512.44,13.7345
1381.44,14.0574
1331.1,7.3001
1530.15,13.6074
1637.31,5.30105
1305.83,1.75439
1643.27,10.7682
1265.22,15.7092
1885.27,14.0337
1075.86,8.69918
807.97,8.77959
3606.12,5.33818
3575.51,14.2421
3767.69,6.24242
3479.45,5.84511
3444.87,5.74743
3716.48,11.4297
3790.32,5.69683
3564.61,2.35937
3620.51,13.7694
3648.75,1.85017
3325.99,3.49114
3477.88,10.6872
3506.99,4.53677
3634.14,7.68392
3359.82,5.3071
3248.85,13.1512
3285.97,1.73743
3743.96,2.02249
3247.72,12.5314
3144.75,13.7788
3486.46,10.3745
3318.26,9.18751
3567.98,2.39379
3365.42,15.8154
3451.46,5.36038
3141.7,1.53274
3123.2,8.84462
3384.14,10.3619
531.96,4.56912
748.335,8.06059
583.386,0.442692
496.376,5.29843
394.129,7.38637
554.576,3.47596
257.763,15.0085
473.4,1.16523
376.465,2.96259
356.311,12.2247
197.36,9.99721
404.352,13.9009
151.383,14.7379
336.633,13.6876
4168.41,3.83026
148.283,12.8004
4149.73,15.6947
39.153,15.6456
92.4172,0.22734
85.785,5.26204
170.937,14.9674
146.231,4.50496
50.5115,3.80037
161.386,1.83567
931.115,9.0379
1.95492,5.24852
112.473,14.37
295.629,10.5403
60.1571,9.16229
129.318,0.435911
3821.26,13.4808
3850.97,12.8012
3743.37,13.5489
3895.36,5.41771
3786.42,10.1412
3883.2,7.65876
3946.5,1.45288
3865.15,15.1025
3828.11,15.9001
3861.62,10.8579
1913.94,12.5573
2079.4,9.59421
2015.83,4.40197
1950.16,12.4634
2009.57,3.17683
1986.73,9.39771
1848.19,12.7291
1927.25,15.8983
1562.83,4.25888
1711.53,13.539
1699.48,6.99999
1773.44,15.0953
1676.89,5.55837
1593.44,6.35368
1512.83,10.1984
1589.17,5.49421
1607.93,2.92226
1583.21,6.3967
1507.4,2.83723
1510.51,5.30998
1514.54,13.5715
1518.42,1.95764
1135.28,6.88651
1073.27,7.28868
1114.04,8.41567
1084.65,2.29094
1102.78,0.0906843
1070.08,2.12727
1127.01,6.95902
1080.53,15.9868
1146.24,12.2566
1144.5,4.63902
1134.8,9.39102
1074.91,9.79135
983.938,2.34788
1062.58,2.55242
1015.01,3.3292
1104.99,9.15286
1023.97,4.99594
963.983,2.77805
1048.96,1.07954
1081.69,6.62649
1018.47,7.53534
1072.64,15.435
1062.74,11.1433
1048.96,10.1525
1047.14,6.68466
1013.69,1.17288
967.629,6.15407
1021.83,2.35663
956.869,10.2251
1032.93,7.33943
993.204,14.9003
7.90284,8.64226
4188.94,9.26499
4190.26,2.83888
1.3033,10.7737
4191,14.0139
0.181174,10.1028
8.26236,1.11088
4188.16,7.96033
4185.32,14.4935
3.12976,8.42756
7.70318,15.4189
4186.18,7.80226
1.72283,7.10868
0.702997,14.7497
